Image,Total_Boxes,Avg_Conf,Japanese_Texts
tr_img_06001,7,0.9084,"北給田 (0.990) | 中給 (0.933) | 田 (0.950) | 荻 (0.998) | 行 (1.000) | 先 (0.898) | 県 (0.591)"
tr_img_06002,3,0.9360,"や (0.849) | カツ井とんかつ (0.983) | 営業中 (0.977)"
tr_img_06003,2,0.9632,"南13条西16丁目 (0.934)"
tr_img_06004,1,0.7030,"清水日 (0.703)"
tr_img_06005,1,0.8918,"北幌市中央区中島公園115 (0.892)"
tr_img_06006,2,0.9393,""
tr_img_06007,3,0.9009,"おさし (0.716) | アイス (0.997)"
tr_img_06008,1,0.5517,""
tr_img_06009,4,0.9877,"日本橋 (1.000) | 人形町 (0.999) | 一丁目 (0.991)"
tr_img_06010,4,0.9830,"日本橋 (0.997) | 人形町 (0.998) | 一丁目 (0.990)"
tr_img_06011,13,0.8662,"暖房能力Nの (0.779) | 国内家庭用エアコン6,3kW・71kＷクラスにおいて (0.923) | 茶ＪIS低温時定格暖房能力MSZ-ZD63 (0.899) | 2015年 (1.000) | 11月25日現在 (1.000) | 寒冷地仕様 (0.993) | ニジイ (0.523) | 太バ順霧ヶ峰 (0.789) | テレビCM炭央中! (0.714)"
tr_img_06012,2,0.9477,"北10条東11丁目 (0.968)"
tr_img_06013,6,0.9847,"ザシティベルシテイ (0.916) | 元住吉店 (0.998) | 駐輪場 (0.999) | ご利用 (1.000)"
tr_img_06014,8,0.8620,"さ一ぼ3地下街 (0.839) | 水野メ市ネ (0.905) | 補聴器 (1.000) | 定補藤器専門) (0.755) | (稲社法指定店) (0.915)"
tr_img_06015,2,0.8756,"吉川内科・ (0.957) | 信環器科クリ二ツク (0.794)"
tr_img_06016,3,0.8102,"日本橋 (0.754) | 入飛形町 (0.796)"
tr_img_06017,0,0.0000,""
tr_img_06018,4,0.9330,"豊平区 (1.000) | 中の島1条3丁目1 (0.811)"
tr_img_06019,16,0.8933,"歳 (0.995) | からの (0.999) | 黒王 (0.673) | まぐろとかつ (0.962) | タウリン (0.988) | ビタミン (0.961) | 禁合 (0.699) | 栄養食 (0.990) | 盛り付 (0.888) | 15歳から0 (0.912) | 皮商被毛の優康に配息) (0.663)"
tr_img_06020,16,0.8446,"水天宮前駅 (0.999) | 半蔵門線 (0.999) | 門園半 (0.504) | 山目宮天元 (0.553)"
tr_img_06021,5,0.8772,"清水区 (0.746) | 中之郷一一丁目 (0.705)"
tr_img_06022,1,0.7181,"空気単口消火検 (0.718)"
tr_img_06023,26,0.9108,"静岡市役所 (0.999) | 人天金引人 (0.677) | 静図市役所 (0.917) | 葵区役所 (1.000) | 館 (1.000) | 葵区役所 (1.000) | OI30I子 (0.579) | 紺屋町 (0.998) | 階 (1.000) | 紺屋町 (0.908) | TOトロト夫! (0.524) | 呉服町 (0.973) | 臭服町 (0.835) | 七間町 (1.000) | 七間町 (0.853) | 人入型禿 (0.562)"
tr_img_06024,2,0.9865,"万世町 (1.000)"
tr_img_06025,4,0.7386,"薬 (0.761) | お目げいたします (0.617)"
tr_img_06026,9,0.8179,"休診中 (1.000) | 初診・急患 (0.993) | 随時受付 (1.000) | オぶ通リ歯科医院 (0.767)"
tr_img_06027,4,0.9228,"中原区 (1.000)"
tr_img_06028,3,0.9862,"ザ・カ (0.963)"
tr_img_06029,1,0.9640,"出庫注意 (0.964)"
tr_img_06030,8,0.9219,"五反田 (0.996) | 丸子橋 (0.999) | 元住吉 (0.676)"
tr_img_06031,2,0.9406,"中の島1条3丁目 (0.884)"
tr_img_06032,3,0.8850,"やきとり家 (0.993) | すみれ (0.999)"
tr_img_06033,9,0.9934,"三保 (0.995) | 清水港 (0.998) | 船越 (0.997)"
tr_img_06034,0,0.0000,""
tr_img_06035,2,0.6696,"三本大車吉 (0.528) | 近足主張売しています (0.811)"
tr_img_06036,20,0.9634,"静鉄新清水駅 (0.953) | 静岡市役所清水庁舎 (0.996) | 清水マリンパーク (0.994)"
tr_img_06037,5,0.8120,"滑りくいぐ (0.705) | 入荷 (0.958) | してます (0.986)"
tr_img_06038,3,0.8175,"ソフマップ (0.794) | 羊テオ一デイをはめよー (0.663) | 自分好みに組み合わせて音の追求を愉しもう。 (0.996)"
tr_img_06039,2,0.9988,"南14条西9丁目 (1.000)"
tr_img_06040,46,0.9290,"清水郵便局 (0.950) | 清水駅西口 (0.926) | 白転車等駐車場 (0.893) | 人I口天 (0.879) | 清水邸局 (0.962) | 清永站西口自行牟等存本姚 (0.829) | 清水簡易裁判所 (0.987) | 清水簡易裁判所 (0.922) | 利平企 (0.679) | 人口天 (0.951) | 清水税務署 (0.998) | 清水税局 (0.983) | 人口天 (0.974) | 川早全 (0.738) | は一とびあ清水 (0.932) | 人口天 (0.843) | 静市清水社会福祉会槍 (0.924) | 「Heartpia清水] (0.962) | 観光案内所 (0.999) | バス案内所 (0.938) | 印人 (0.746) | 光介昭所 (0.825) | 巴士向滴姚 (0.852)"
tr_img_06041,2,0.9484,"最大料金あり (0.992) | 空車 (0.905)"
tr_img_06042,2,0.8681,"ドりクお通レ (0.799)"
tr_img_06043,5,0.9039,"芝 (0.999) | 五丁目 (0.998) | アhK (0.563)"
tr_img_06044,2,0.9451,"平岸1条1丁目 (0.893)"
tr_img_06045,4,0.9687,"日本橋 (0.998) | 人形町 (0.928) | 一丁目 (0.950)"
tr_img_06046,2,0.8991,"南13条西18T目 (0.802)"
tr_img_06047,3,0.8738,"ス尾ジンギスカン (0.675) | 北海道名物 (0.955) | 南1条店 (0.992)"
tr_img_06048,6,0.8679,"エキバパ (0.867) | つ (0.628) | パレシェ (0.924) | ショッピン街 (0.902)"
tr_img_06049,1,0.9451,"芝信用金庫 (0.945)"
tr_img_06050,1,0.5818,"五た町1 (0.582)"
tr_img_06051,2,0.6189,"中央区 (0.716) | 中島目 (0.521)"
tr_img_06052,5,0.8446,"豊平区 (0.985) | 木車町8丁目二 (0.693) | すい (0.650) | や (1.000) | ちよう (0.896)"
tr_img_06053,4,0.9946,"一之橋北詰 (1.000)"
tr_img_06054,2,0.9706,"アルカイースト (0.999)"
tr_img_06055,49,0.8501,"八幡山 (0.998) | 当駅構内施設の階層図 (0.999) | 男子トイレ (0.985) | 案内所 (1.000) | エスカレーター (0.989) | きつふつりば (0.828) | 女子トイレ (0.994) | だれでもトイレ (0.994) | 侍合室 (0.890) | コインロッカー (0.968) | 自動体外式除細動器 (0.950) | エレベータ (0.933) | 現在地から地上までの (0.998) | バリアフリー主要ルート (0.944) | 京王八壬子 (0.866) | 橋本 (0.978) | 刃面 (0.709) | 高尾山口。 (0.873) | 現在銀 (0.709) | ホーム階 (0.930) | ごでは階へ (0.573) | 改札階へ (0.838) | 新宿 (0.997) | 方面 (0.727) | コンコース階 (0.885) | 地上出口へ (0.962) | ホーム階へ (0.731)"
tr_img_06056,2,0.9522,"南14条西16丁目 (0.928)"
tr_img_06057,1,0.5517,"業サ区ッ人の業・イ校 (0.552)"
tr_img_06058,2,0.9994,"日本橋 (0.999) | 小舟町 (1.000)"
tr_img_06059,0,0.0000,""
tr_img_06060,1,1.0000,""
tr_img_06061,6,0.8633,"勝田台駅 (0.999) | 外日日08 (0.500) | 駐田台站 (0.774) | 勝田台站 (0.919)"
tr_img_06062,4,0.8757,"泉野四上川 (0.514)"
tr_img_06063,1,0.8370,"麺屋 (0.837)"
tr_img_06064,10,0.9237,"ホ一ム頃斜に注意 (0.879) | 車いす、べビ一力一をご利用のお客さま (0.974) | ホ一ムには水はけのため傾斜がごき (0.929) | います。 (0.933) | 軍輪が線路 (0.900) | ホ一ムでお待ちの際は、 (0.945) | と平行になるように停め、必ずづレ一 (0.928) | キをおかけいただくようお願いいたし (0.947) | ます。 (0.864) | 十条駅長 (0.938)"
tr_img_06065,0,0.0000,""
tr_img_06066,3,0.9516,"清水相生町 (0.991)"
tr_img_06067,14,0.8776,"日・祝・月 (0.997) | 火・水・木・金 (0.997) | 土 (0.835) | 休診 (1.000) | 歯科 (1.000) | 小児歯科 (1.000) | 僑正歯科 (0.827) | 木ズ雄菊札医院 (0.608) | o4d-7イo-o39s (0.556)"
tr_img_06068,5,0.9524,"中原区 (0.999)"
tr_img_06069,2,0.9616,"南12条西1３目 (0.931)"
tr_img_06070,1,0.7288,"ロロ (0.729)"
tr_img_06071,1,0.8822,"渋江サッシ株式会社 (0.882)"
tr_img_06072,17,0.7776,"世山0 (0.554) | のご (0.714) | 三コ口してくた (0.633) | 3頃本413m (0.557) | 静岡市役所 (1.000) | 清水庁 (0.991) | 地町 (0.508)"
tr_img_06073,2,0.6298,"羽区 (0.523) | 中の目1条3丁目3 (0.736)"
tr_img_06074,1,0.6318,"三鷹市北里予江一の (0.632)"
tr_img_06075,9,0.8928,"バス (0.998) | を除く (0.999) | タクシー (0.954) | 浄岡市役所清水庁舎 (0.879) | サニルート (0.506)"
tr_img_06076,49,0.9391,"入庫後24時間以内 (1.000) | 500円 (0.999) | 月金 (1.000) | 最大料金 (0.999) | 最大料金は入庫時点の曜日 (0.979) | 祝目を (0.784) | 1,000円 (0.957) | 土日祝 (0.964) | 基準に適用されます (0.999) | 0最大料金は入庫時の曜目祝日により異なります。 (0.934) | 最大料金は繰り返し適用となります。 (0.991) | 60分 (0.998) | 200円 (1.000) | 200円 (0.999) | 通常料金 (1.000) | 月金 (0.998) | 60分 (0.814) | 月金 (1.000) | 60分 (1.000) | 300円 (1.000) | 60分 (0.990) | 土日祝 (0.923) | 100円 (1.000) | 土日祝 (0.962) | 太０ご利用の際は、場内の約款看板をご確認ください。 (0.918) | リパークコ一ルセンタ (0.679) | 三井のリパ一ク (0.887) | 三井不動産リアルテイ札幌株式会社 (0.949) | 札院帝14西6 (0.699) | 駐連場名 (0.929) | 住まいの売却 (0.998) | 購入は (1.000) | 法人専用方 (0.892) | 駐車場用地募集中 (0.987) | キャッシュレス精算 (0.992) | 土地の有効活用駐車場管理はお任せください (0.983) | ミ井のリハウス (0.876) | 井不動産リアルテイ札幌株式会社 (0.980) | 禁親ロ0120-201-321 (0.834) | 太故障等の運絡先ではあ6ません人 (0.804) | 太故障等の運絡先ではありません公 (0.926)"
tr_img_06077,4,0.8765,"東北 (0.900) | 行こラ! (0.755) | 新幹線で (0.903) | ちよっといい旅 (0.948)"
tr_img_06078,13,0.8584,"への対寸応 (0.657) | 01〜25mの粒子を99％キャツチ系 (0.920) | 換気等による屋外からの新たな粒子の侵入は考慮しておりません。 (0.999) | øpい2らとは２5üú以下の微小粒子状物質の総称です。 (0.817) | この空気清浄機では0前 (0.898) | 有害物質のすべてを除去できるものではありません (0.959) | ø32ñ(約8畳)の密閉空間での効果であり実使用空間での結果ではありません。 (0.965) | 彩試美方法・昌本電機工美会親格山信小4のみ) (0.572) | 判定基準:0125umの (0.871) | 微小粒子状物質を32(約8畳)の密開空間で99％際去する時間が (0.936) | 90分以内であること(82ぶ(約8畳)の試験空間に (0.928) | 換算した値です。 (0.948)"
tr_img_06079,18,0.9616,"感染症防正のたみ (0.912) | 石鹸による (0.916) | 手洗いを励行してください (0.984) | 財務局管財グルーブノOIFice (0.840)"
tr_img_06080,6,0.7506,"大好き札幌 (0.643) | 新駐車禁正 (0.875) | 断駐車管理受託会社 (0.954) | クツカー18部 (0.500) | けんげち (0.531) | 中川賢一事務所連絡所 (1.000)"
tr_img_06081,9,0.9572,"置番号 (1.000) | 駐車位 (0.988) | 使用方法 (0.893) | I駐車のとき (0.944) | 白線内の中央に駐車してください。 (0.978) | 一定時間後; (0.900) | ロック板が上がります (0.958) | 2お帰りのとき (0.987) | 精算機で料金を支払った後 (0.968)"
tr_img_06082,5,0.7824,"十条 (0.861) | 李丞 (0.788)"
tr_img_06083,3,0.9895,"成城 (0.970) | 六丁目 (0.998)"
tr_img_06084,7,0.8433,"やきとり家 (0.993) | すみれ (0.995) | 笑 (0.994)"
tr_img_06085,7,0.9372,"車検 (0.983) | 点検 (1.000) | オイル交換 (0.918) | 板金・塗装 (0.993)"
tr_img_06086,4,0.9944,"日本橋 (1.000) | 人形町 (0.999) | 二丁目 (0.980)"
tr_img_06087,2,0.9701,"平岸条2丁目 (0.942)"
tr_img_06088,5,0.8328,"世田谷区 (0.891) | 田市 (0.540)"
tr_img_06089,4,0.9976,"日本橋 (0.999) | 人形町 (0.999) | 丁目 (0.998)"
tr_img_06090,0,0.0000,""
tr_img_06091,1,0.9951,"豊平区 (0.995)"
tr_img_06092,8,0.7907,"おすめ! (0.530) | 2次会 (0.997) | 名板見によ (0.762) | で (0.744) | ちん (0.955) | 年2000 (0.963)"
tr_img_06093,5,0.8605,"中島ム園キャラリー (0.870)"
tr_img_06094,14,0.9693,"川根本町 (1.000) | 浜松 (0.999) | 沼津 (0.981) | 藤枝 (0.999) | 富士 (0.983) | 静清ＢＰ (0.916) | この先200ｍ (0.976)"
tr_img_06095,4,0.7967,"豊平区 (0.998) | 中の目1条2丁目4 (0.687) | なか (0.638) | ま (0.864)"
tr_img_06096,3,0.7938,"LＥDを使用してします (0.886) | 御茶ノ水 (0.601)"
tr_img_06097,4,0.9499,"国1七ツ新屋 (0.970) | 交差点南東 (0.993) | 島崎町 (0.856)"
tr_img_06098,0,0.0000,""
tr_img_06099,12,0.9261,"ネクステッブ (0.970) | 時間 (0.984) | 西ミパーキシグ (0.867) | 時間貸 (0.954) | 30分/ (0.915) | 100円 (0.947) | 60分 (1.000) | 100円 (0.996)"
tr_img_06100,1,0.9922,"得! (0.992)"
tr_img_06101,4,0.9828,"市役所 (1.000) | 清水庁舎 (0.999)"
tr_img_06102,4,0.6768,"豊平区 (0.989) | 中の護条1二5 (0.501) | なな (0.541) | しま (0.677)"
tr_img_06103,2,0.7700,"周神中都ヶ丘2ー41一80 (0.555) | 内 (0.985)"
tr_img_06104,13,0.9098,"中庫時のご注意 (0.892) | 確認 (0.974) | 精算後、必ず (0.915) | して (1.000) | ください (0.986) | コツク板を (0.944) | 入出庫不可 (0.965) | 入出庫可 (0.877) | ロック板によリ車両が損傷しても (0.909) | X車民15Cｍ以下の (0.779) | 補償致しかねます (0.960) | お車はご利用できません (0.998)"
tr_img_06105,8,0.7514,"番ドア (0.993) | 号車 (0.880) | ゴゴの (0.679) | 女性専用車 (0.957) | の (0.823)"
tr_img_06106,4,0.9696,"中原区 (0.999) | 木月 (0.991) | 4丁目 (0.988)"
tr_img_06107,1,0.5919,"平成3半戸き目 (0.592)"
tr_img_06108,2,0.8362,"中央区 (0.999) | 南い条団1丁目1 (0.673)"
tr_img_06109,0,0.0000,""
tr_img_06110,16,0.8817,"JR清水駅 (1.000) | 羽衣の心 (0.601) | 能 (1.000) | 羽荻 (0.687) | に名高い (0.992) | 羽衣の松 (0.999)"
tr_img_06111,14,0.7246,"の (0.738) | フリー (0.869)"
tr_img_06112,3,0.7440,"涌用口 (0.682) | 中山校夫 (0.801) | ミ鷹ホ北野4一5一! (0.749)"
tr_img_06113,8,0.6694,"食攻是真 (0.617) | 洋 (0.579) | 2寺門 (0.612) | 4名様以上 (0.631) | 予製) (0.508) | ギしくは店内にて (0.905)"
tr_img_06114,4,0.8462,"警催実地中 (0.715)"
tr_img_06115,2,0.7807,"トマト (0.844) | オ-レ (0.718)"
tr_img_06116,29,0.8938,"ロ山バスターミナル (0.893) | 出人印印目 (0.624) | 早0I (0.573) | 圓山公共汽王冬起站 (0.852) | 圓山巴士總站 (0.957) | 円山公園 (0.994) | 圓山公園 (0.936) | 圓山公園 (1.000) | 北海道神宮 (0.999) | 外0I臣 (0.568) | 北海道神宮 (0.981) | 円山動物園 (0.999) | 畳呂 (0.731) | 圓山劫物園 (0.728) | 圓山動物園 (0.999) | 以ロ色理道和観市御光ンペンション部 (0.575)"
tr_img_06117,16,0.9083,"新静岡駅 (0.998) | 御幸町 (1.000) | 県庁 (1.000) | 静岡鉄道 (1.000) | 新静図站 (0.903) | 四人引ą (0.518) | 御幸町 (1.000) | 山元引季 (0.636) | 具 (0.991) | 業時間 (0.993) | 番0日1午後8時 (0.698) | 年前10時1年後7月30分 (0.810)"
tr_img_06118,2,0.9433,"中の島1条3丁目 (0.965)"
tr_img_06119,0,0.0000,""
tr_img_06120,2,0.7655,"ー・クラフト (0.855) | ホビ (0.676)"
tr_img_06121,1,0.9954,"北海学園 (0.995)"
tr_img_06122,1,0.9996,"社会福祉事業所 (1.000)"
tr_img_06123,2,0.7074,"予３西 (0.535)"
tr_img_06124,8,0.9498,"作与当専店 (0.692) | 体にやさしい厳選された素材を (0.991) | 当店スタッフが丁 (0.965) | 寧に調理し (0.987) | 美味しいお弁当ができました。 (0.995)"
tr_img_06125,4,0.8686,"屋外広告物許司 (0.915) | 緑ヶ丘 (0.887) | 2一41 (0.878)"
tr_img_06126,12,0.8166,"シーバ (0.994) | とろ～り (0.878) | まぐろ味セレクション (0.966) | まぐろ味 (0.994) | まぐろとシーフード味 (0.949) | 味 (0.793) | 味 (0.654) | 味 (0.960)"
tr_img_06127,0,0.0000,""
tr_img_06128,6,0.8419,"プレミアム (0.993) | 便ご (0.877) | 銕使 (0.764) | 姿納芋ソラト (0.722) | 納 (0.884) | あんのういも (0.810)"
tr_img_06129,3,0.7113,"ひらお (0.917) | か (0.716) | 楼骨小 (0.502)"
tr_img_06130,21,0.8693,"時間貸 (0.929) | パーク (0.711) | 時間貸 (0.839) | 収容 (0.761) | ここを右折 (0.873) | パーク (0.849) | 札幌中島公園南駐車場 (0.984) | 札幌中島公園南駐主車場 (0.982) | 夜間20:008:00 (0.978) | 昼間 (0.742) | 100円 (0.977) | 60分 (0.982) | 10円 (0.949) | 30分 (0.767) | ここを右折 (0.994)"
tr_img_06131,19,0.9608,"軽量 (0.997) | クラフト封筒 (0.986) | 良形3号 (0.873) | 徳用 (1.000) | 定形郵便 (1.000) | サイズ (1.000) | 44サイズ横3つ折対応 (0.963) | 枚入 (0.951) | 保存、郵送に便利です (1.000) | 書類等の整理 (0.999)"
tr_img_06132,4,0.9938,"日本橋 (0.999) | 人形町 (0.992) | 一丁目 (0.985)"
tr_img_06133,2,0.9102,"小中町 (0.822)"
tr_img_06134,2,0.9250,"宇国川川町 (0.876)"
tr_img_06135,35,0.8821,"えきまえひるは (0.988) | 駅前広場 (1.000) | 站前一均 (0.679) | タクシーのリば (0.993) | 出租奉站 (0.956) | 剽人舎斗 (0.610) | えきまえこうばん (0.994) | 駅前交番 (1.000) | 店前派出所 (0.886) | 斗善企 (0.882) | ちかちゅうしやじょう (0.962) | 工キパ地下駐車場 (0.944) | Tエキパ (0.845) | 地下停奉瑤 (0.786) | T転le (0.544) | 李斗乳 (0.797) | しずおかおんがくかん (0.974) | 新静岡駅 (0.659) | 静岡音楽館AC (0.892) | 人天生外 (0.516) | 静図音荼館AO (0.744)"
tr_img_06136,2,0.8801,"高村歯科 (0.819) | つ (0.941)"
tr_img_06137,2,0.8120,"丸菱声桜 (0.749) | 練馬営業所 (0.875)"
tr_img_06138,4,0.9033,"日本橋 (1.000) | 人形町 (0.998) | 一T目 (0.634)"
tr_img_06139,5,0.8876,"清水区 (0.997) | 目形町 (0.541)"
tr_img_06140,2,0.9932,"化粧室 (0.996)"
tr_img_06141,1,0.7989,"あ用じております (0.799)"
tr_img_06142,8,0.7374,"井川 (0.999) | 藤枝 (0.510) | 東静田駅 (0.604) | 清水駅 (0.974)"
tr_img_06143,2,0.9704,"中の島1条2丁目 (0.947)"
tr_img_06144,0,0.0000,""
tr_img_06145,4,0.7967,"豊平区 (0.979) | なか (0.707) | 中の島1条3丁目4 (0.809) | しま (0.691)"
tr_img_06146,2,0.6491,"小林女久聖 (0.663) | 三鷹市北野リ丁番 (0.635)"
tr_img_06147,1,0.9877,"受付B1 (0.988)"
tr_img_06148,3,0.8401,"給田境 (0.937)"
tr_img_06149,4,0.9934,"日本橋 (0.979) | 人形町 (0.998) | 一丁目 (0.997)"
tr_img_06150,1,0.8651,"深144 (0.865)"
tr_img_06151,1,0.8611,"オワート (0.861)"
tr_img_06152,2,0.9863,"南13条西7丁目 (0.980)"
tr_img_06153,9,0.9708,"興津 (1.000) | 清水駅 (1.000) | 草薙 (0.878) | 南幹線 (0.994)"
tr_img_06154,1,0.5509,"ヨ三国卜川畿 (0.551)"
tr_img_06155,2,0.9380,"配達いつもありがとう (0.879) | 工藤 (0.997)"
tr_img_06156,1,0.7328,"すぐそき (0.733)"
tr_img_06157,2,0.8117,"米良 (0.993)"
tr_img_06158,0,0.0000,""
tr_img_06159,13,0.8962,"ナいにも (0.532) | 野菜も、行凍る (0.710) | おいしく保存! (0.865) | X当社調べ。 (0.803) | 運転状況や食品の種類 (0.999) | 状態 (0.998) | 量によって効果が異なります (0.981) | 日立だけの (0.997) | 真空チルド (1.000) | 咲度を守る (0.805) | 新鮮スリープ野菜室 (0.994) | 3つの技術 (0.968) | デリシャス冷凍 (1.000)"
tr_img_06160,0,0.0000,""
tr_img_06161,0,0.0000,""
tr_img_06162,4,0.6904,"池田屋安兵衛商店 (0.911) | 認久気の (0.593) | おはすめ3大商品! (0.736) | おな赤い (0.522)"
tr_img_06163,2,0.8033,"中央区 (0.998) | 原目本橋二一丁目9 (0.609)"
tr_img_06164,11,0.9368,"駐車券 (0.883) | 発券 (0.953) | 公ご利用の際は、場内の約款看板を必すお読み下さい。 (0.942) | 太2千円:5千円1万円札のご利用は出来ません。 (0.926) | リパークコールセシター(携帯電話もこ利用できます) (0.910) | つ駐車場名Dパ一ク札幌南14西 (0.740)"
tr_img_06165,11,0.7506,"言こり (0.897) | 0円 (0.717) | 高2時翌3時 (0.763) | 疲れ (0.815) | 慶縮 (0.661) | 火曜のみ副き署ち (0.587) | 美市ビル (0.754)"
tr_img_06166,1,0.9458,"東日本 (0.946)"
tr_img_06167,16,0.9822,"興津 (1.000) | 清水駅 (0.997) | 日本平 (1.000) | 船越 (1.000) | 清水港 (0.989) | の先300ｍ (0.968)"
tr_img_06168,4,0.8558,"臼井 (0.915) | 暉男 (0.734)"
tr_img_06169,2,0.9737,"ベトナム料理 (0.958) | ホアングン (0.989)"
tr_img_06170,24,0.9049,"人とクルマと街と (0.998) | 成大料金 (0.637) | 駐車後 (0.997) | 24時間 (0.999) | 連本料金 (0.519) | 分 (1.000) | 円 (0.604) | O0町 (0.653) | 最大料金は (1.000) | タイムズ南 (1.000) | 10西7 (0.999) | 繰り返し (0.997) | 適用されます (1.000) | 札幌市中央区南1 (0.997) | 10条西7丁目 (0.972) | 故障の際は (1.000) | タイムズサービス(株) (0.995)"
tr_img_06171,10,0.9119,"八番山 (0.820) | はちまんやま (0.999) | 上北沢 (1.000) | 芦花公園 (1.000)"
tr_img_06172,2,0.9932,"南14条西5丁目 (0.997)"
tr_img_06173,6,0.7633,"たがやく (0.829) | 世田谷区 (0.998) | 成城力丁目5 (0.670) | Sのo (0.552)"
tr_img_06174,2,0.6327,"par上et (0.511)"
tr_img_06175,0,0.0000,""
tr_img_06176,7,0.8678,"この出入口は (0.899) | 毎抜 (0.786) | 海揄 (0.632) | 東京都交通局 (0.996)"
tr_img_06177,4,0.9702,"中原区 (0.998) | 木月 (0.997) | 3丁目 (0.895)"
tr_img_06178,4,0.9973,"日本橋 (1.000) | 人形町 (1.000) | 一丁目 (0.999)"
tr_img_06179,8,0.9127,"中央区 (0.964) | 日本橋豚町丁目 (0.635)"
tr_img_06180,12,0.9405,"で (0.989) | 動画写真 (0.995) | 型 (0.774) | ゲームに (0.994) | おすすめ (0.999) | フルHD (0.849) | 広視野角ADSパネル採用 (0.985) | ワイド液品ディスプレイ (0.948)"
tr_img_06181,9,0.8914,"Car-Netr城 (0.744) | 先進のテレマテイクス機能の (0.851)"
tr_img_06182,16,0.9464,"タクシー (0.985) | 団体バス・路線バス (0.982) | 一般車 (0.992) | レンタカー (0.990)"
tr_img_06183,9,0.8803,"北野 (1.000) | 四丁目 (0.992)"
tr_img_06184,2,0.9166,"まじよ大 (0.944)"
tr_img_06185,66,0.8717,"人天副 (0.840) | 清永年金事務所 (0.966) | 清水年金事矛所 (0.901) | 四言人早企 (0.755) | 清水江尻小学校 (0.949) | 清水江尻小学校 (0.940) | 人口 (0.580) | 清水テルサ (0.996) | 静図市奈部勤蒡者福祉中心 (0.951) | 清永 (0.868) | 副亭入 (0.813) | JＲ清水駅 (0.964) | マリナート (0.999) | JR清水站 (0.970) | 清水文化会館 (0.979) | JR人町玉9 (0.527) | N口I (0.659) | 医 (0.667) | 静鉄新清水駅 (0.994) | 新済水店 (0.786) | 千町 (0.994) | 泊生町 (0.829) | 日町 (0.724) | 清水年金京務所! (0.812) | 浜田親水公原 (0.856) | 臼町公園 (0.901) | 島崎町公園 (0.915) | 浜田ボン (0.818) | 大場口 (0.582) | JRN四本 (0.597) | 中 (0.607) | 現在地 (0.788) | 水神社 (0.996)"
tr_img_06186,0,0.0000,""
tr_img_06187,10,0.8638,"栄町 (0.708) | 伝馬田 (0.833) | 公交牢! (0.751) | 画 (0.986) | 菓町 (0.985) | 綾町 (0.583)"
tr_img_06188,5,0.9582,"田二丁目 (0.914) | 時差式 (0.992)"
tr_img_06189,3,0.7876,"木月 (1.000) | 城交妾骨院 (0.765)"
tr_img_06190,29,0.9287,"港ミ田クリニック (0.841) | 院長 (1.000) | 石井 (0.955) | 勝 (0.999) | 科 (1.000) | 内 (0.999) | 消化器内科 (0.997) | 東洋医学(鍼・漢戸)人間ドック・吾種検診 (0.874) | 信環器内科 (0.963) | 診療時間 (0.986) | 婦人科 (0.983) | 休診日丿木曜・土曜(午後・日曜・祝日 (0.983) | 小児科 (0.960) | 港区芝5-16-1千代ビル3 (0.988) | 心療内科 (0.985) | 当駅Ａ3:A8出口より徒歩3分 (0.923) | 問合せ先 (0.970) | 東京都営交通協力会 (1.000)"
tr_img_06191,3,0.5781,"文り (0.513) | すりイト (0.671) | マオワイト (0.550)"
tr_img_06192,5,0.9245,"三鷹市 (1.000) | 北嗣四上目寸 (0.628)"
tr_img_06193,0,0.0000,""
tr_img_06194,4,0.8681,"永代弟の (0.737)"
tr_img_06195,4,0.9243,"日本橋 (1.000) | 人形町 (0.995) | 三丁目 (0.769)"
tr_img_06196,6,0.8143,"上質な音楽空間をあなたへ (0.908) | くつろぎの時間を演出する (0.954)"
tr_img_06197,9,0.9256,"ロツク板が下がつたことを確誌し (0.944) | 一分以びに (0.638) | 出庫してください (0.998) | 壬重位置番号を間違つた (0.902) | 精算金は (1.000) | 反金いたしません (0.964) | 支払の途中で精算機から離れる場合は (0.999) | 必す「以肖ボタンを (0.914) | 押してください (0.971)"
tr_img_06198,20,0.9801,"JR清水駅東口 (0.904) | 駐重場駐輪場 (0.971) | 清水テルサ (0.998) | 清水文化会館マリナート (0.990) | ホテル (0.991)"
tr_img_06199,13,0.8517,"高ご制限 (0.773) | 重量制限 (0.971) | 高さ制限 (0.993) | すすぎの8:4 (0.806) | ザれセン (0.616)"
tr_img_06200,2,0.9919,"カタログブテイック (0.984) | 南14条店 (1.000)"
tr_img_06201,2,0.5594,"自輪軍専居 (0.607)"
tr_img_06202,4,0.9799,"神保田 (0.962) | 曙橋 (0.970) | 方面 (0.989) | 本八幡 (0.999)"
tr_img_06203,1,0.5828,"静商目吉奈本新 (0.583)"
tr_img_06204,13,0.7964,"そしい非旅素系の材質を使用し (0.826) | この後は地会 (0.786) | のn (0.541) | ウサギの (0.829) | 牧草スナック (0.921) | ハーブの香り (0.876) | シャンピーオンエキス配日 (0.811) | かたさ (0.818) | キシツトー川配台 (0.518) | 産 (0.999) | 玉 (0.996) | ア川 (0.659)"
tr_img_06205,2,0.6287,"科林 (0.653) | 銀承 (0.604)"
tr_img_06206,11,0.9308,"便利 (0.916) | 安全機構 (0.997) | ドアロック (0.978) | ム今を省いて (0.897) | 運転中はロックされて開きません。 (0.971) | チャイルドロック (0.999) | 自動で節電節水 (0.956) | 役定すると運転終了後も (0.980) | ドアが開きません (0.999) | (イメージ図) (0.956)"
tr_img_06207,5,0.6300,"まにしでききしす (0.621) | 十条 (0.779) | 条道楽復院 (0.663) | 新険 (0.580)"
tr_img_06208,3,0.9632,"ハンズで楽しむクリスマス (0.999)"
tr_img_06209,55,0.9087,"南口 (0.991) | 南出口 (0.828) | 善字 (0.809) | 北年金事務所 (1.000) | 帝京大学医学部附属病院 (0.971) | のfice (0.789) | 北区福祉事務所 (0.978) | 帝京大学高等学校・中学校 (0.959) | 北寺別支矛学校 (0.821) | 東京家政大学･短期大学部 (0.955) | 高等学校・中学校 (0.927) | 北都税事務所 (1.000) | 陸上自衛隊十条駐屯地 (0.921) | 東京成徳大学短期大学 (1.000) | 北区立中央図書館 (0.998)"
tr_img_06210,5,0.7849,"木高4丁目 (0.511)"
tr_img_06211,25,0.8622,"精算機が一部変更となリました (0.861) | の (0.885) | íカードにて乗り越し不足額を (0.939) | チャージされた場合は精算歩は出ません (0.963) | 業望のボタンを押しでくさい (0.718) | のリこし金額 (0.842) | 000円 (0.858) | こちらを選択すると (0.987) | ICカ一ド残額 (0.820) | 00円 (0.751) | あと (1.000) | 00円不足です (0.979) | íカードに不足額がチャーツされます (0.911) | チャージ (0.866) | (a00円 (0.610) | 2000円 (0.903) | 3000円 (0.856) | 10000円 (0.965) | こ不明な点がありましたら (0.946) | (不足横 (0.740) | 駅係員までお問し (0.941) | い合わせください (0.978) | 精算の場合は不足額チャージボタンを却してください (0.929)"
tr_img_06212,3,0.9254,"水軍町7 (0.868)"
tr_img_06213,18,0.8625,"クホ茶 (0.990) | 支持率 (0.836) | 体脂肪を減らすのを助ける (0.923) | 特茶 (0.995) | トクッ( (0.640) | 氷首社調念(調季委説先 (0.740) | 、あなたが最も支持したい銘柄をお選びください (0.971) | 質間項目: (0.907) | 食生活は、主食、主菜、副菜を基本 (0.894) | 特寺茶 (0.698) | サントリー (0.994) | 尹右律 (0.509) | 税込 (0.994)"
tr_img_06214,3,0.7165,"ラテン居酒に (0.854) | こo! (0.570)"
tr_img_06215,13,0.9263,"口田 (0.597) | 三xit (0.959) | 南1条西4丁目 (0.909) | ヨ之出ビル (0.986)"
tr_img_06216,2,0.9719,"三田駅 (0.999)"
tr_img_06217,1,0.9062,"(防火木 (0.906)"
tr_img_06218,4,0.9717,"南14西9 (0.966)"
tr_img_06219,0,0.0000,""
tr_img_06220,2,0.9589,"南14条西9丁目 (0.932)"
tr_img_06221,2,0.9388,"自転車 (0.878) | 歩行者 (1.000)"
tr_img_06222,1,0.6445,""
tr_img_06223,0,0.0000,""
tr_img_06224,0,0.0000,""
tr_img_06225,3,0.6777,"三市二店 (0.539) | マダロ (0.587) | あリます (0.907)"
tr_img_06226,2,0.9601,"南1３条西9丁目 (0.924)"
tr_img_06227,9,0.9035,"邦楽 (0.999) | しそ (0.999) | いか (1.000) | ワラレコードホャ品ピラシ (0.622)"
tr_img_06228,17,0.8757,"千歳烏山 (0.893) | 仙川 (1.000) | ちとせからすやま (1.000) | 芦花公園 (1.000) | 仙川 (1.000) | 千岑弓山 (0.892) | 入星知引人0印I (0.632) | 芦萩公園 (0.824) | がわ (0.801)"
tr_img_06229,0,0.0000,""
tr_img_06230,4,0.7381,"トかい (0.505) | おさし (0.709) | アイス (0.997)"
tr_img_06231,15,0.9199,"井川 (1.000) | 浄斉BP (0.708) | 藤枝 (1.000) | 東静岡駅 (0.999) | 消水駅 (0.833) | ター (0.888)"
tr_img_06232,7,0.8693,"イン会 (0.993) | ご来 (0.790) | ムカー (0.656) | 東李苑 (0.935)"
tr_img_06233,4,0.6900,"平成22年度 (0.920) | 然費基準+5％達成車 (0.792) | 氏排非ミトナス重 (0.507) | 国土二通大臣認定車 (0.542)"
tr_img_06234,9,0.9526,"お手洗 (1.000) | レストラン街(アステイ東館 (0.998) | 川 (0.891) | ショッピング街(パルシェ食彩館) (0.966)"
tr_img_06235,6,0.9621,"禁煙 (1.000) | 二の場所及び (0.988) | ごルの前の道路上 (0.936) | で喫煙しないで (0.998) | 下さい (0.982) | さつきビレ管理人 (0.869)"
tr_img_06236,4,0.8869,"日本橋 (0.946) | 人形町 (0.995) | 三丁員 (0.864)"
tr_img_06237,20,0.9302,"時計台 (0.999) | 大通公園 (0.987) | 札幌市役所 (1.000) | 。すすきの方面 (0.970) | 南 (1.000) | 口 (0.995) | は番 (0.663) | 善子 (0.621) | 南口 (0.970)"
tr_img_06238,6,0.8205,"酒場 (0.932) | 築土せ (0.728)"
tr_img_06239,4,0.9940,"中原区 (0.999) | 木月 (0.997) | 4丁目 (0.985)"
tr_img_06240,3,0.9998,"港橋 (1.000)"
tr_img_06241,6,0.8071,"炭の好か (0.534) | 系 (0.725) | 営業時間 (0.997) | 17:00〜翌1:30 (0.935)"
tr_img_06242,2,0.9808,"四ツ目通り (0.986)"
tr_img_06243,1,0.8685,"札幌市中英区北1条西6丁 (0.868)"
tr_img_06244,3,0.8565,"ニスポ・スイムクラブ (0.878) | 元住吉 (0.986)"
tr_img_06245,10,0.9887,"ホテルアソシア静岡 (0.974) | 静岡市総合観光案内所 (0.963)"
tr_img_06246,4,0.9103,"株式 (1.000) | 東京機械製作所 (0.996) | 会社 (1.000)"
tr_img_06247,2,0.9918,"南14条西8丁目 (0.987)"
tr_img_06248,10,0.9206,"タクシーのリは (0.902) | 出租牢站 (0.888) | 副人舎石 (0.755) | 駅前交番 (1.000) | 站前派出所 (0.993)"
tr_img_06249,4,0.8800,"中古盛 (0.914) | 専門店 (1.000) | 高ー買しま? (0.636)"
tr_img_06250,3,0.9416,""
tr_img_06251,13,0.9803,"都営新宿線 (0.993) | 都営新宿線 (0.957) | 大江戸線 (1.000) | 新宿駅 (1.000) | 大江戸線 (0.995) | 新宿站 (0.942)"
tr_img_06252,13,0.9788,"静岡市街 (1.000) | 草薙 (0.988) | 三保 (1.000) | 日本平 (0.998) | 右折 (0.999) | 禁止 (0.951) | この先300m (0.915)"
tr_img_06253,4,0.9961,"中原区 (0.999) | 木月 (0.997) | 2丁目 (0.998)"
tr_img_06254,4,0.8250,"ッキコ (0.727) | チエ7 (0.755)"
tr_img_06255,7,0.9381,"東名 (0.996) | 溝口 (0.994) | 6K円 (0.757)"
tr_img_06256,6,0.8933,"芝 (0.552) | 芝五丁目 (0.835)"
tr_img_06257,1,0.6763,"港七山版制 (0.676)"
tr_img_06258,2,0.8977,"160席 (0.850) | すすきの店 (0.946)"
tr_img_06259,0,0.0000,""
tr_img_06260,37,0.9143,"人とクルマと街と (0.994) | 月金曜 (0.979) | 土日祝 (0.965) | 最大料金 (0.945) | 当日24時まで (1.000) | 5条却7日泉 (0.573) | ロ (0.612) | 基本料金 (0.858) | 60200円 (1.000) | 60月300円 (0.884) | 60分 (0.939) | 100円 (0.998) | 60分 (0.855) | 100円 (0.997) | タイムズ南 (1.000) | 駐車券の取扱いに (0.982) | 2西6 (0.996) | 公 (0.514) | タイムズの最大料金は (0.996) | ご注意ください (0.995) | 札幌市中央区南12条西6丁目1 (0.932) | 繰り返し適用されます (1.000) | 出庫かできなくなります (0.982) | 故障の際は (1.000) | タイムズサ (0.999) | ビス(株) (0.990)"
tr_img_06261,52,0.8428,"千歳鳥山 (0.918) | 当駅構内施設の階層図 (0.999) | 案内所 (0.999) | 女子トイレ (0.990) | きつふつりば (0.817) | トイレ (0.982) | コインロッカ (0.982) | だれでも (0.999) | う (0.538) | 待合室 (0.948) | 男子トイレ (0.916) | 自動体式除細動器 (0.977) | A目D (0.826) | 現在地から地上までの (0.997) | バリアフリー主要ルート (0.926) | 北ロコンコース噌 (0.853) | 酒 (0.615) | 新宿方面 (0.969) | 公町 (0.505) | 改階へ (0.589) | ホ一ム贈 (0.745) | ス階 (0.732) | 高尾山口橋本方面 (0.893) | 改料階へ (0.543) | 北国 (0.982) | 西国コンヨース階 (0.827) | ここは新宿方面ホ一ムです。 (0.979)"
tr_img_06262,1,0.8510,"中央区 (0.851)"
tr_img_06263,1,0.6591,"生生9 (0.659)"
tr_img_06264,9,0.8379,"営業時間 (0.998) | は (0.767) | 朝: (0.865) | まで (0.860) | や (0.575) | 安全拾得器 (0.914)"
tr_img_06265,1,0.9839,"東日本橋二丁目 (0.984)"
tr_img_06266,2,0.8968,"南14条西8丁目 (0.940)"
tr_img_06267,0,0.0000,""
tr_img_06268,2,0.8013,"Ｏロオミ (0.629)"
tr_img_06269,4,0.9542,"日本橋 (0.995) | 人形町 (0.954) | 一丁目 (0.879)"
tr_img_06270,19,0.9703,"案内所 (1.000) | 団体バス・路線バス (0.965) | タクシー (0.990) | レンタカー (0.993) | 般車 (0.973) | 乗隆場 (0.996)"
tr_img_06271,4,0.9407,"中風区 (0.779) | 木月 (0.998) | 3丁目 (0.987)"
tr_img_06272,4,0.8477,"マハ音楽教室 (0.863)"
tr_img_06273,2,0.8345,"ホホ北野4-6-13 (0.704) | 三村厚生 (0.965)"
tr_img_06274,2,0.7663,"小高公久 (0.950) | 護ホ野４丁８ー4 (0.583)"
tr_img_06275,9,0.8339,"こは (0.759) | 中の島 (0.999) | 雨水ツス位置表示板 (0.527) | 設置個所 (0.532) | 27・7 (0.970) | 北電興業(株扱い (0.968)"
tr_img_06276,2,0.7295,"規約加会 (0.502) | 泰 (0.957)"
tr_img_06277,12,0.9522,"末吉橋 (0.997) | 川崎駅 (1.000) | 横浜 (0.999) | 五反田 (0.998) | 綱島 (0.999) | 丸子橋 (1.000)"
tr_img_06278,12,0.8217,"ロック板 (0.963) | 下がつていますか？ (0.931) | 信観確認! (0.588) | 公譬告 (0.845) | 公動かしま (0.844) | なけます (0.891) | イロック板が (0.636) | そぁる条急連終先 (0.811) | います (0.963) | 足はきみ (0.883) | 注意 (0.977)"
tr_img_06279,4,0.9801,"機械器具設置業 (0.999) | 登録電気事業者 (0.998) | 小丸動力建設株 (0.928) | 札幌営業所 (0.995)"
tr_img_06280,2,0.8889,"角平 (0.856)"
tr_img_06281,3,0.9733,"緑郎 (0.999) | 山口 (0.983)"
tr_img_06282,2,0.9335,"西新宿五丁目 (0.871)"
tr_img_06283,3,0.8183,"ありがとうございます (0.982)"
tr_img_06284,3,0.9891,"ヨットハーバー (0.967)"
tr_img_06285,9,0.8602,"目本橋人形町一丁目 (0.821)"
tr_img_06286,4,0.9348,"侍合室 (0.887) | 候年室 (0.853)"
tr_img_06287,2,0.5649,"巻由 (0.557) | 三八 (0.572)"
tr_img_06288,4,0.9346,"都宮三田線 (0.925) | いちばん先のくだり階段 (0.999)"
tr_img_06289,4,0.7714,"レディースランプ (0.744) | ス・プ・デグトきン (0.583)"
tr_img_06290,11,0.9203,"株式 (0.955) | 会社 (0.998) | 板売 (0.645) | 修理 (1.000) | 車検 (0.999) | 中部運輸局指! (0.903) | の (0.990) | 株式会社 (0.942)"
tr_img_06291,3,0.6690,"堂業寺聞 (0.799)"
tr_img_06292,1,0.5427,"KパビA (0.543)"
tr_img_06293,19,0.8771,"区役所第一分子舎 (0.803) | 四季の路 (0.995) | 新宿区役所 (0.999) | 歌乗倭田公園 (0.628) | 歌乗伎田丁一丁門 (0.651)"
tr_img_06294,8,0.8800,"方セ設で使え (0.857) | お得なチhット (0.648) | 名様 (1.000) | 名日 (0.837) | 良定です (0.806)"
tr_img_06295,5,0.8206,""
tr_img_06296,0,0.0000,""
tr_img_06297,11,0.8721,"二リポンの窓をよくしたし (0.880) | ソョツプ (0.531) | 渉江サッ (0.888) | シ株式会社 (1.000) | サッシ部 (0.995) | 不動産部 (0.986)"
tr_img_06298,4,0.8954,"仏す使用電子マネーを (0.891) | 寒択してから (0.888) | 力一ド7携帯電話を (0.850) | かさして下さい (0.954)"
tr_img_06299,10,0.9252,"約 (0.999) | 詳度と栄養柔を子る (0.796) | 気圧 (0.945) | 真空チルド (0.885) | 酵素の働きを抑制する (0.930) | プラチナ (0.998) | スリープ保者 (0.828) | 触媒 (0.945)"
tr_img_06300,1,0.7662,"農応仲通り商店住 (0.766)"
tr_img_06301,24,0.8890,"流 (0.997) | 抜き (0.895) | クリーミブグ (0.726) | よる10時まで営業 (0.947) | 急がなくても! (1.000) | 田日80 (0.669) | 印日仕上 (0.798)"
tr_img_06302,2,0.8939,"中の島1条2丁目 (0.790)"
tr_img_06303,20,0.8437,"キッチンにつれしいり (0.841) | もチ (0.720) | ブマトマレッ (0.530) | のいつもシンクを清潔に (0.889) | 小さなゴミもしつかりキヤツチ! (0.969) | 穴あきメッシユの不織布 (0.974) | 抗副成分 (0.833) | 西台 (0.706) | キッチンにうれしい (0.991) | お取り替え時期 (0.999) | (開封後1ヶ月が目安) (0.967) | ワストマン (0.741) | 上人中ノ下有頃 (0.760) | 生樹三用消臭一 (0.859) | 式供品 (0.942) | およそ (0.909) | 30日月 (0.657)"
tr_img_06304,0,0.0000,""
tr_img_06305,0,0.0000,""
tr_img_06306,17,0.7168,"浜岡原発は最大のリスク (0.998) | 早期廃炉へ! (0.951) | 今の日本の平和と希栄を支えているの (0.889) | な割し的レ暖えていこうとているの (0.635) | 安を政植です柚誌な冬去改正は (0.682) | 好ません (0.637) | 安保法利は容法て (0.586) | 静岡をまもる (0.883) | 都海ト770巨六地及は速い未未の占で (0.681) | 明な母雑計配は亡て (0.510) | あ代のの現 (0.541) | あtなkまtる (0.590) | 社会の歪みが少子化の爪因です子れ (0.809) | の学督祭使化 (0.658) | あなたのパふをマべいタえていまます (0.729)"
tr_img_06307,22,0.9632,"練馬駅 (0.971) | 都営大江戸線 (0.977) | 都庁前 (1.000) | 六本木 (1.000) | 飯田橋方面 (0.936) | 光が丘 (1.000) | 方面 (1.000)"
tr_img_06308,30,0.9140,"公共施設 (1.000) | 文郎施設 (0.931) | 商業施設 (1.000) | 宿泊施設 (1.000) | 教育施設 (1.000) | 町田 (0.582) | 消防署 (1.000) | 郵便局 (1.000) | 銀行 (0.999) | ズポーツ (0.818) | レジャー (0.995) | 己 (0.651) | 寺院 (1.000) | 神社 (1.000) | 教会 (1.000)"
tr_img_06309,6,0.9712,"中央区 (1.000)"
tr_img_06310,1,0.9904,"5村上公民館 (0.990)"
tr_img_06311,2,0.9162,"軍の出入口につき (0.943) | 紅重しないで下さい (0.889)"
tr_img_06312,21,0.9291,"静岡県庁 (0.999) | 御幸町 (0.998) | 御幸町 (1.000) | 人天学引ヨ (0.502) | 静図具庁 (0.670) | 駿府城公園 (0.992) | 新静岡駅 (1.000) | 府城公園 (0.993) | 新静站 (0.999) | 金平丞号司・人入天.引ą (0.580)"
tr_img_06313,5,0.9018,"県庁 (1.000) | 所静岡駅 (0.853) | 市役所 (0.999)"
tr_img_06314,18,0.8821,"静岡音楽館AO! (0.991) | 静岡中央郵便局 (1.000) | 地下駐車場 (0.999) | エキパ (0.870) | Q斗AO! (0.728) | 静音AOI (0.920) | 子斗 (0.722) | 浄図中央邸局 (0.938) | 「エキパ」地下停年場 (0.946)"
tr_img_06315,0,0.0000,""
tr_img_06316,23,0.8935,"デュオ (1.000) | 冬の (0.996) | 期聞限定 (0.867) | シちそう (0.766) | 李節の (0.947) | シーフード味セレクション (0.975) | まぐろとかに味 (0.970) | かにとほたて味 (0.995) | 白身魚とえび味 (0.997) | かニとクリーミーチーズ味 (0.991) | 総合栄養食 (1.000) | 小分け (0.991) | (標準)×12袋 (0.860) | 粒のイラストは (0.972)"
tr_img_06317,2,0.9411,"南9条西3丁目 (0.994)"
tr_img_06318,3,0.8442,"今 (0.919) | の (1.000) | 暮 (0.614)"
tr_img_06319,7,0.7979,"久世祠琶店 (0.783) | 久世盂商店 (0.836) | の0 (0.846)"
tr_img_06320,45,0.7820,"こちらは南10西7 (0.989) | 緊急連絡先0120 (0.997) | です (0.999) | 連料金のお支払し (0.815) | 駐車料金を (0.884) | 主車位置番号を (0.910) | 押してください (0.994) | 駐車料金 (0.813) | 釣幾切れK (0.644) | 番号を確認後 (0.998) | カKaahir Cadunacestah! (0.732) | 精算ボクンを (0.915) | 奈収密究行中止 (0.582) | 公類響理金投入の前 (0.655) | 押してください (0.991) | ののの (0.675) | 購 (0.559) | は下の発行口から発行されます (0.972) | 盗難対策濱 (0.799) | 公設 (0.546) | 駐軍位 (0.803) | おつり領収書 (0.943) | タイムズの (0.859) | ポイントカード (0.964) | シイムンの系 (0.697) | 岡 (0.617) | 一取司 (0.687) | タイムズで (0.992) | 8釣5銀口領取雪 (0.644) | タイムズで (0.911) | カーシェア (0.824)"
tr_img_06321,1,0.7836,"1一8 (0.784)"
tr_img_06322,1,0.8921,"ママハ音楽教室 (0.892)"
tr_img_06323,2,0.7702,"緑ヶ行 (0.831)"
tr_img_06324,6,0.7223,"食ペロヴ (0.780) | 話題のお店 (0.857) | したアア (0.635) | のo (0.565)"
tr_img_06325,4,0.9500,"中原区 (1.000)"
tr_img_06326,28,0.8876,"無断離重禁正 (0.726) | 月極 (0.989) | 超低燃費蓄熱式 (0.810) | 超低燃費 (0.992) | 図間融 (0.827) | 槽 (0.858) | ロードヒーティンク (0.972) | スノーin9 (0.733) | 息動管黌冬春　設計・施工 (0.832) | 025üの荷重に耐える (0.977) | 08mタイプ・水温25C (0.849) | 050年の耐用年数 (0.929) | 灯油180で圧2代 (0.784) | 時許出判 特月,00-09859 (0.681) | 特許出願中1特願2002 (0.955) | 一223883 (0.987) | O次世代システム開発htp!wuJ-akCO.J] (0.698) | 冒貸マンション建築から、オーナー代行管理 (0.943) | 月極駐車場管理 (0.984) | 正 (0.923) | JハD日本ア一ク開発(株) (0.879)"
tr_img_06327,8,0.9679,"スクラッチ (1.000) | スクラッチ (0.926) | ポイント (0.999)"
tr_img_06328,2,0.9469,"北10条東10丁目 (0.896)"
tr_img_06329,4,0.9942,"中原区 (0.990) | 木月 (0.991) | 1丁目 (1.000)"
tr_img_06330,4,0.8544,"清水区 (0.888) | 本郷町 (0.877) | ちよう (0.663)"
tr_img_06331,4,0.9982,"中原区 (1.000) | 木月 (0.999) | 2丁目 (0.999)"
tr_img_06332,24,0.7958,"東京23区内のおでかけに! (0.910) | 都区内パス (0.885) | おトクに (0.999) | らとん (0.835) | 楽しめる! (0.998) | 遊べる! (0.986) | 1日750円 (0.967) | 黒面舟減 (0.530) | 紫羽 (0.716) | ブリーエリア (0.933) | 東京23区内のR線が (0.995) | まることし (0.676) | 日乗)降り目由。 (0.684) | 北千住 (0.686) | 代木 (0.609) | 郡川 (0.711) | 西直満公園 (0.689) | 面田1 (0.560) | 京京2a内出(上配2リーエリアの (0.648) | お求めは (0.814) | 指定席券売機 (0.996) | 150円 (0.783) | 370円 (0.983)"
tr_img_06333,2,0.6345,"Sニ (0.533) | セマハ規販売店 (0.736)"
tr_img_06334,16,0.9579,"七間町 (0.998) | 呉服町 (0.992) | 紺屋町 (1.000) | 葵区役所 (1.000) | 市役所 (1.000) | 英区役所 (0.988) | 市役所 (0.994)"
tr_img_06335,2,0.7959,"録登 (0.918) | ン (0.673)"
tr_img_06336,2,0.8388,"日青紡 (0.758)"
tr_img_06337,2,0.7770,"内寿 (0.578)"
tr_img_06338,4,0.9431,"中原区 (0.995) | 木月 (0.985) | 2丁目 (0.793)"
tr_img_06339,0,0.0000,""
tr_img_06340,1,0.6301,""
tr_img_06341,1,0.9121,"緊急時にご使用くださし (0.912)"
tr_img_06342,0,0.0000,""
tr_img_06343,3,0.8800,""
tr_img_06344,0,0.0000,""
tr_img_06345,3,0.9528,"辻丁目 (0.987)"
tr_img_06346,12,0.8719,"マイクロラアバー (0.889) | キッチンクロス (0.750) | サイズ：約28メ (0.961) | 先剤を使わす (0.921) | 頑固な汚れが (0.985) | スツキリ落ちる! (0.939) | おそうじ (0.964) | マジック (0.932)"
tr_img_06347,11,0.7646,"この (0.630) | 2oこいo? (0.506) | 登呂遺切 (0.696) | 6Kい (0.616) | 三本平動物園 (0.865)"
tr_img_06348,4,0.9869,"青水区役所 (0.998) | 南側100m (0.954) | 松原町 (1.000)"
tr_img_06349,21,0.9210,"清水簡易裁判所 (0.955) | 人口天 (0.928) | 利証企 (0.664) | 清水簡易裁判所 (0.931) | 清水税務署 (0.955) | 清水税矛局 (0.883) | 人口天 (0.977) | 川早企 (0.700) | は一とびあ清水 (0.952) | 静市清水社会福祉会館 (0.978) | [Heartpia清水] (0.930) | 人口天 (0.852)"
tr_img_06350,6,0.9054,"中原区 (0.984) | 木丁目 (0.635)"
tr_img_06351,5,0.7993,"歩て (0.729) | サービス (0.778)"
tr_img_06352,45,0.8936,"エスパレスドリームプラサ (0.893) | 0人晋人 (0.727) | 王弖平己入I (0.508) | 清水合同庁舎 (0.970) | 清水合同庁舎 (0.966) | 人口天掛曇乳人I (0.584) | 市役所清水庁舎・清水区役所 (0.990) | 市役所清水庁舎 (0.941) | 清水区役所 (0.996) | 人梨 (0.578) | 人口I天礼人 (0.705) | 人印天子冠 (0.644) | ＪＲ清水駅 (0.907) | マリナート (0.990) | JＲ清水站 (0.992) | 清水文化会箱 (0.913) | JR人II天Q (0.752) | 人口奏 (0.595) | 清水年金事務所 (0.928) | 清水年金事努所 (0.848) | 人可医 (0.628) | 四吾人早全 (0.598)"
tr_img_06353,12,0.9681,"ブ・ナ科 (0.997) | 白樫 (0.996) | シラカシ (0.966) | 材は白くて堅く道具 (0.988) | 樹皮は黒っぽいが (0.936) | ドングリの皿の模様は輪 (0.957) | の柄になる。 (0.999) | 状。 (0.986) | 暖地の山に生える常緑高木。 (0.973)"
tr_img_06354,4,0.8980,"おみやげの店 (0.980)"
tr_img_06355,5,0.8439,"有限 (0.799) | なるみ西 (0.794) | 会社 (0.997) | センター (0.985)"
tr_img_06356,13,0.8948,"馬町東京横浜鎌倉方直 (0.964) | 船武線(特急快速 (0.785) | 東 (0.652)"
tr_img_06357,2,0.8755,"「ポイント貯まワます (0.898)"
tr_img_06358,3,0.9083,"くろわつさん専門店 (0.880)"
tr_img_06359,1,0.6003,"くS元住書 (0.600)"
tr_img_06360,4,0.9979,"中原区 (0.998) | 木月 (0.998) | 1丁目 (0.997)"
tr_img_06361,15,0.9197,"県立美術館 (0.990) | 県立大学 (0.991) | 草薙駅 (0.867)"
tr_img_06362,4,0.9324,"田 (0.917) | 二丁目 (0.871)"
tr_img_06363,2,0.9971,"中の島1条2丁目 (0.996)"
tr_img_06364,2,0.6552,"人 (0.738) | イメメスン (0.573)"
tr_img_06365,4,0.9881,"日本橋 (0.999) | 人形町 (0.999) | 一丁目 (0.990)"
tr_img_06366,5,0.8616,"日232 (0.885) | モ八 (0.861) | 東急車輪 (0.715) | 平成20年 (0.847)"
tr_img_06367,1,0.9963,"元住吉 (0.996)"
tr_img_06368,1,0.7561,"山信東目本 (0.756)"
tr_img_06369,6,0.8097,"ーズ (0.638) | 東京都三鷹市北野4一2一26 (0.996) | 株) (0.796) | 管理 (0.854)"
tr_img_06370,4,0.9379,"豊平区 (0.999)"
tr_img_06371,2,0.9507,""
tr_img_06372,4,0.9596,"日本橋 (0.996) | 人形町 (0.996) | 二丁目 (0.846)"
tr_img_06373,0,0.0000,""
tr_img_06374,3,0.9077,"売っます (0.870) | 買します (0.931) | 探します言 (0.922)"
tr_img_06375,18,0.8954,"総武線 (0.988) | 普駅停軍 (0.753) | 新小岩 (0.997) | 市川 (1.000) | 船橋 (0.997) | 千葉方直 (0.901)"
tr_img_06376,6,0.8400,"すげでらまし (0.536) | 水道 (1.000) | 人OI宅日卜人! (0.670)"
tr_img_06377,5,0.8506,"中央区 (0.959) | 日本橋ふ作町 (0.568)"
tr_img_06378,0,0.0000,""
tr_img_06379,0,0.0000,""
tr_img_06380,2,0.9458,"産地直送! (0.893) | 名様 (0.999)"
tr_img_06381,5,0.7699,"沼津 (0.992) | 日本初の応れ館 (0.818) | 後し業 (0.645) | 登録商標 (0.848) | どめましいい! (0.547)"
tr_img_06382,4,0.7357,"ト (0.856) | Pe七 (0.578) | ペットの水飲み場としてご利用ください (0.942)"
tr_img_06383,2,0.8598,"館 (0.993) | 水車町6丁目 (0.727)"
tr_img_06384,0,0.0000,""
tr_img_06385,3,0.5257,"めくて (0.511) | うおメく (0.537)"
tr_img_06386,4,0.6996,"インド・チベット・ネパール料理店 (0.994) | カレ一は怒薬膳) (0.627) | ザ激旨 (0.621) | ヒマラト仙楽部 (0.556)"
tr_img_06387,5,0.9489,"入口 (0.999) | 食べ及題 (0.827) | 営業時間 (0.999) | 日祝16:00〜23:00) (0.923)"
tr_img_06388,2,0.7517,"上泌と (0.621)"
tr_img_06389,9,0.8894,"横浜 (0.998) | 川崎 (1.000) | 五反田 (0.996)"
tr_img_06390,2,0.8989,"平岸条２丁目 (0.924)"
tr_img_06391,17,0.9714,"出口 (0.997) | 琴似本通り (0.949) | JR琴似駅 (0.895) | 第２高雄ビル (0.989) | 札幌市西部市税事務所 (1.000)"
tr_img_06392,14,0.9019,"山 (1.000) | 区 (0.972) | 高田弖璃 (0.695) | 高田馬場 (0.994) | たかだのばば (0.999) | 目臣百 (0.645) | 新大久保 (1.000) | 池袋上野方画 (0.864)"
tr_img_06393,1,0.8331,"Δ高さ注意 (0.833)"
tr_img_06394,6,0.9635,"20台 (0.993) | 吉祥寺通り沿い (0.994) | 西松屋となり (0.994) | 緑ヶ丘 (0.997)"
tr_img_06395,6,0.8220,"豊平区 (0.990) | なわ (0.626) | 中の1条一丁三( (0.508)"
tr_img_06396,1,0.8317,"巻 (0.832)"
tr_img_06397,14,0.7849,"昇達産髪使用 (0.557) | 鶏ラやん焼き (0.712) | 伊達産鶏使用 (0.934) | 鵜MTメ焼さ (0.838) | 6ス!・スス (0.597) | 若鶏の至い (0.976) | メスキく店 (0.631) | の (0.967) | 011-5日2-月480 (0.760) | (金)17:00 (0.871) | 鳥の至い (0.723) | 2時間 (1.000)"
tr_img_06398,2,0.5518,"や田る区 (0.501)"
tr_img_06399,3,0.9102,"水天宮前 (0.861)"
tr_img_06400,12,0.9277,"忘れ物承り所 (0.979) | 鉄道警察(分遣所) (0.972) | ショッピング街 (0.954) | (パルシェ食彩館 (0.923) | ホ会え? (0.714) | ハマイナヒ2018 (0.705)"
tr_img_06401,1,0.7834,"中央 (0.783)"
tr_img_06402,9,0.6792,"免税都 (0.827) | 助 (0.958) | 園楽駿店 (0.605) | 女店 (0.547)"
tr_img_06403,1,0.9824,"中央パス (0.982)"
tr_img_06404,21,0.9311,"カバー(グローブ)品番 (0.927) | ロカバー(グローブ)のはずし方 (0.957) | へ警告 (0.815) | ロカパー(グローブの取付け方 (0.966) | 中央部を押し上げながら (0.996) | 落下してけがのおそれあり (0.992) | 押し上げながら (0.991) | 印を合わせ、 (0.989) | 左二まわす (0.894) | カバ一は確実二取付ナる (0.969) | カチッ音がするまで右にまわす (0.999) | 了コ (0.707) | 虫ストップ構造の場合は、 (0.998) | カバ一の密着性を高めている (0.974) | 一で (0.764) | ため、はずしにくくなる場合が (0.987) | あります (0.969)"
tr_img_06405,18,0.8491,"レンジで (0.864) | 時短 (1.000) | くさみ (0.738) | 落とし (1.000) | とり (0.936) | ぶた (0.999) | ダシ (0.581) | 1枚で簡単に (0.986) | とし (0.745) | キ (0.997) | オフ (0.767) | クツキングペーバ (0.664) | で (0.631) | 電子レンジ (0.918) | 加熱OK (0.992) | 38枚入 (1.000) | メ2ロール (0.918)"
tr_img_06406,6,0.6946,""
tr_img_06407,11,0.8915,"昭和通り口 (0.990) | 中央改木口 (0.842) | 昭和路出口 (0.998) | 中央剪票口 (0.999) | 金乳Ｅ (0.531) | 善子 (0.811) | 香 (0.689)"
tr_img_06408,14,0.9037,"ルミネ (0.988) | 休鹸型イ (0.817) | 伊豆ぐらんぱる公園 (0.936) | ゲラシイルミ (0.854) | 伊豆高原駅からタクシ (0.998) | 一で約10分 (0.981) | 球数俗単 (0.692) | 100万球! (0.828) | 来指定席秀か必要になります。 (0.898) | 指定席券はご乗車前に（みどりの窓口Ｉ 又は (0.927) | 全車指定席 (0.999) | 改札外の指定席券売機でお買い球めください。 (0.975)"
tr_img_06409,23,0.8711,"小田急・京王 (0.953) | 山川駅 (0.936) | 緑ヶ丘績環 (0.912) | 台団地経由 (0.877) | 中頂一丁目 (0.894) | 鷹台駅 (0.999) | 仙0í (0.839) | 仙川駅入口・前原公口経由 (0.932) | 狛江営業所 (0.980) | For komae cigyosho c夜間oa) (0.752) | 中原一丁目三鷹台団地 経由 (0.891) | つつじヶ丘駅北口 (1.000) | 丘22 (0.981) | (遠シ) (0.598) | （夜間のみ) (0.925) | 裏通り (0.792) | 小田急バス (0.999) | バスののは案内 (0.933)"
tr_img_06410,15,0.9006,"テンスン (0.583) | 真空氷潟 (0.785) | 冷凍 (1.000) | 節電 (0.981) | 冷蔵 (1.000) | 製氷 (0.996) | 冷却モード (0.974) | 真空チルド (0.980) | 操作部ロツク (0.928) | おそうじ (0.999) | デリシャス冷凍 (0.912) | (3ま0) (0.601) | (5秒押し) (0.938) | (3秒押し) (0.833)"
tr_img_06411,5,0.9099,"線路内立入禁止 (0.943) | 線路内に物を落した時は (0.999) | 駅係員へお知らせください (0.910)"
tr_img_06412,1,0.5703,"ミクスーツオームセシター (0.570)"
tr_img_06413,0,0.0000,""
tr_img_06414,6,0.8318,"構内徐行 (0.970) | 駐軍場入口 (0.921) | 車 (0.640) | 出口 (0.829)"
tr_img_06415,5,0.7965,"生活家電 (0.998) | テンタル (0.580) | お会計カウンター (0.998) | 永セール! (0.765) | 遊永セール! (0.642)"
tr_img_06416,2,0.8145,"通学路 (0.999) | 豊島区鶴 (0.630)"
tr_img_06417,0,0.0000,""
tr_img_06418,2,0.8188,"郵便 (0.941)"
tr_img_06419,13,0.9232,"日月極駐車場 (0.867) | (月極 (0.992) | 円) (0.996) | 無料駐車の場合はレッカー移動し (0.953) | 迷惑料として、3ＯＯＯ0円頂きます (0.833) | 北毎立地(株) (0.900) | お問い (0.863) | 合わせ (0.998) | 15丁目２番地3 (0.938) | 札幌市中央区大通西 (0.999)"
tr_img_06420,4,0.8887,"オリックス (0.924) | レンラカー (0.681)"
tr_img_06421,5,0.9309,"豊平区 (1.000) | 平一奈一丁目3 (0.668)"
tr_img_06422,3,0.8154,"合物出し入れの為 (0.896) | アの開閉に (1.000) | `だ意下さい (0.551)"
tr_img_06423,4,0.8458,"日本橋 (0.999) | 4ク (0.551) | 人形町 (0.985) | 二丁目 (0.848)"
tr_img_06424,2,0.9912,"度辺 (0.984)"
tr_img_06425,13,0.8724,"地下鉄北12条駅 (0.858) | 引日 (0.825) | 計智 (0.730) | 12天 (0.730) | 地鉄北２条站 (0.917) | 地鐵北12條站 (0.924)"
tr_img_06426,4,0.7683,"がのこがあったらすぐにあいた。 (0.637) | ことも110番 (0.765) | のお店 (0.868)"
tr_img_06427,37,0.8924,"清水産業・情報プラザ (0.951) | 信息市均 (0.817) | 清水声山 (0.891) | 豆剖刻 (0.529) | 圏 (0.878) | 百 (0.992) | 人口天弐 (0.531) | 市役所清水庁舎・清水区役所 (0.977) | 清水区役所 (0.975) | 市役所清水庁舎 (0.865) | 人裂 (0.562) | 人印テテ皇 (0.568) | 人口宝司人 (0.560) | 静鉄新清永駅 (0.955) | 静鉄 新清水站 (0.914) | 人天副 (0.800) | 清永年金事務所 (0.987) | 清水年金事矛所 (0.906) | 人I口天 (0.803)"
tr_img_06428,5,0.8977,"中 (1.000) | 丼 (0.664)"
tr_img_06429,4,0.9690,"日本橋 (0.972) | 人形町 (0.998) | 一丁目 (0.916)"
tr_img_06430,0,0.0000,""
tr_img_06431,9,0.7363,"九州・博多めし (0.959) | どげん (0.737) | 3げん (0.616) | 以L0111251-7899 (0.915) | どげんら三げん (0.520) | シキュリティ (0.740) | 北奈整備保障 (0.646) | マケ (0.513)"
tr_img_06432,0,0.0000,""
tr_img_06433,1,0.9999,""
tr_img_06434,2,0.9496,"木月天王森 (0.945)"
tr_img_06435,3,0.8775,"危険! (0.746) | 転車は降いりて (0.887) | 歩いて下さい (0.999)"
tr_img_06436,2,0.9429,"中の島1条3丁目 (0.896)"
tr_img_06437,1,0.8191,""
tr_img_06438,10,0.9506,"総武線(各駅停軍 (0.952) | 新小岩市川船橋千葉方面 (0.995)"
tr_img_06439,1,0.5608,"-テ` (0.561)"
tr_img_06440,6,0.9441,"三田駅 (0.999) | 都営地下鉄 (0.979)"
tr_img_06441,1,0.8563,"グリーンハイツ (0.856)"
tr_img_06442,6,0.9133,"まつむら (0.990) | 白動巻き上げ器 (0.920)"
tr_img_06443,6,0.8312,"元1B2 (0.567) | 東京都調布市仙川町8-5一 (0.931) | 佐藤 (0.929)"
tr_img_06444,3,0.9104,"とまとの酸味が (0.993) | しつかり (0.904)"
tr_img_06445,2,0.8827,"水車町丁目 (0.935)"
tr_img_06446,19,0.9162,"葵区役所 (1.000) | 静岡市役所 (1.000) | 人己 (0.585) | 義市役所 (0.831) | 葵区役所 (0.998) | 紺屋町 (1.000) | 呉服町 (0.984) | 勢屋町 (0.755) | 服町 (0.966) | ビOロトテ (0.545)"
tr_img_06447,19,0.9028,"新JIS対応 (0.988) | 五裕内透橋 (0.506) | KWh/年 (0.883) | 外 (0.999) | 形村方 (0.616) | 本体幅 (0.999) | 奥行 (1.000) | 高さ181．8 (0.966)"
tr_img_06448,4,0.9986,"中原区 (0.998) | 木月 (0.997) | 4丁目 (1.000)"
tr_img_06449,5,0.9150,"日本橋 (1.000) | 人形町 (0.986) | 丁目 (0.996)"
tr_img_06450,1,0.8911,""
tr_img_06451,1,0.7120,""
tr_img_06452,8,0.7006,"を去訴亡 (0.645) | とでの (0.588) | しこの生信号左折 (0.552) | り急な出責は当店で! (0.913) | Ｏで (0.561) | メジンビル (0.805) | パンヒル (0.647)"
tr_img_06453,0,0.0000,""
tr_img_06454,2,0.7925,""
tr_img_06455,2,0.9967,"中の島1条3丁目 (0.997)"
tr_img_06456,4,0.8945,"北海道産16 (0.999) | 統一ブランル (0.814) | 生稚葺 (0.801) | 北海道産 (0.964)"
tr_img_06457,9,0.9293,"昭和通つ口 (0.925) | 昭和路出口 (0.996) | 善子 (0.790) | 日比谷線 (0.994)"
tr_img_06458,2,0.8891,"ネッリトヨタ神奈ル (0.860) | ウエインズ武蔵小杉 (0.918)"
tr_img_06459,2,0.6713,"2-作 (0.689)"
tr_img_06460,11,0.8365,"山 (0.589) | 溜香 (0.547) | 人早O (0.761) | しぶゃ (0.866) | 恵比寿 (0.985) | 原宿 (0.901)"
tr_img_06461,1,0.5172,"コトーーアバマスロトラル (0.517)"
tr_img_06462,0,0.0000,""
tr_img_06463,4,0.7957,"厚手で丈夫、 (0.975) | 油も水分もしつかり吸収 (0.966) | 4ュ水 (0.535) | 日本 (0.706)"
tr_img_06464,17,0.9697,"静岡市役所清水庁善 (0.930) | 一ＪＲ清水駅 (0.929) | 清水テルサ (0.931)"
tr_img_06465,0,0.0000,""
tr_img_06466,6,0.9795,"中原区 (1.000) | 木月1丁目 (0.956)"
tr_img_06467,2,0.9370,""
tr_img_06468,3,0.7460,"わら (0.881)"
tr_img_06469,11,0.9646,"薄の限界に道る (0.906) | HＤＲ対応で (0.999) | ColorPrime技術で色域を (0.965) | スリムボデイ (0.991) | より一層広げる (0.962) | 星空もくつきり表現 (0.998) | スリム (0.995) | デザイン (1.000)"
tr_img_06470,6,0.9473,"南口 (1.000) | 南出口 (0.999) | 甘奢 (0.793) | 善子 (0.895)"
tr_img_06471,2,0.9726,"南13条西18丁目 (0.951)"
tr_img_06472,9,0.8455,"国道52号 (0.978) | 際枝 (0.604) | 水駅 (0.665)"
tr_img_06473,2,0.7427,"一ル (0.608) | やきとり及酒屋 (0.877)"
tr_img_06474,2,0.9422,"平岸1条2丁目 (0.889)"
tr_img_06475,1,0.8656,"伊藤義男 (0.866)"
tr_img_06476,7,0.8159,"乙る通信制 (0.877) | 距島学園 (0.763) | 高等学校 (0.999) | 浜目吉 (0.812) | キャンパス (0.942)"
tr_img_06477,3,0.9340,"幌平橋 (0.981)"
tr_img_06478,6,0.9315,"三橋 (0.991) | 弘帰 (0.790) | 有限会社 (0.986) | ム (0.853) | 構造設計 (1.000) | 一級建築士事務所 (0.970)"
tr_img_06479,2,0.6650,"本6B限定! (0.805) | ちやん (0.525)"
tr_img_06480,11,0.7916,"芥川龍多介主 (0.629) | 礼音森神ネ社 (0.843) | 浜光寺 (0.781) | 弘京太助住居跡 (0.696) | 現在地 (0.920) | 彩山検校の幸) (0.734) | し (0.936) | 本所蔵前教歩 (0.856)"
tr_img_06481,4,0.8740,"八重洲一丁目 (0.950)"
tr_img_06482,16,0.9223,"駐車社置番号を (0.839) | 押してくださ (0.998) | 番号を確認後 (0.977) | 精算ボタンを (0.996) | 精算 (0.997)"
tr_img_06483,7,0.7630,"オススメメニュー (0.922) | 一限定 (0.574) | 生チコ三ルク引 (0.735) | おのミバタドラ (0.751) | ジージクリーム (0.674) | 大福 (0.790)"
tr_img_06484,1,0.6151,"2月4(月) (0.615)"
tr_img_06485,3,0.9509,"中央バフ (0.893) | 幌平橋 (0.994) | 行啓通り整骨院 (0.966)"
tr_img_06486,2,0.9385,"宅赤橋 (0.961)"
tr_img_06487,9,0.8063,"総武線(各駅停車) (0.911) | 秋葉原新宿中野。上野戸面 (0.894)"
tr_img_06488,14,0.7980,"小田急バス (0.990) | 芦花公園駅前 (0.934) | 行先 (0.767) | 成02 (0.999) | 千歳烏山駅北口 (0.956) | ウンマンカ (0.722) | ご利用のお願い (0.935) | 現金進 (0.720) | IC運質 (0.525) | 大人220円 (0.836) | 大入216氏 (0.553) | 0発110月0月108日 (0.518)"
tr_img_06489,6,0.8103,"金 (0.540) | 公正 (0.977) | 取 (0.995) | は (0.741)"
tr_img_06490,12,0.9203,"改札外 (1.000) | 駅長事務室 (0.979) | お忘れもの承り所 (0.995) | 9人早企 (0.650) | 生小事列 (0.689)"
tr_img_06491,0,0.0000,""
tr_img_06492,3,0.6788,"阿原 (0.503) | 調布市緑ヶ丘２38 (0.727)"
tr_img_06493,17,0.9682,"清永駅 (0.928) | 静岡市役所清水庁善 (0.857) | 静鉄新清永駅 (0.951)"
tr_img_06494,3,0.7715,"六戸 (0.682) | 8丁目 (0.759)"
tr_img_06495,3,0.7211,"少0 (0.569)"
tr_img_06496,1,0.7148,""
tr_img_06497,1,0.6259,"家任手古の (0.626)"
tr_img_06498,8,0.9955,"マリンターミナル (0.999) | マリンビル (0.999)"
tr_img_06499,13,0.8097,"道 (0.996) | 快活 (0.975) | コミック (0.655) | インタ (0.865) | 女性専用エリア (0.857) | シャワー (0.990) | 店内完全分煙 (0.908) | 雪ビル1FV (0.686) | 朝和幌元初のとだわり。 (0.740)"
tr_img_06500,5,0.9174,"メロウ (0.992) | レジデンス (0.996) | 北野 (0.795) | 四目 (0.908)"
tr_img_06501,2,0.9510,"ロンジェヴィテ (0.902) | 元住吉 (1.000)"
tr_img_06502,2,0.9879,"飯田 (0.997)"
tr_img_06503,21,0.9586,"20分/200円 (0.999) | 60分/100円 (0.995) | 最大 (0.999) | 昼問最大 (0.936) | 料金 (1.000) | 3,000円 (0.967) | 月土 (0.968) | 夜間最大 (0.990) | 1200円 (1.000) | 日祝 (0.987) | 500円 (1.000) | 駐車場名 (0.999) | 日本橋人形町2丁 (0.999) | 目第3 (1.000)"
tr_img_06504,46,0.9781,"口田 (0.888) | 琴似2条5丁目 (0.999) | 琴似本通いり (0.867) | 西区役所 (1.000) | 西消防署琴似出張所 (0.999) | 西保健センター (0.980) | 琴似神社 (1.000) | 琴似小学校 (1.000) | 札幌市山の手図書館 (1.000) | 琴似市田兵村兵屋跡 (0.964) | 北洋銀行琴似中央支店 (0.999)"
tr_img_06505,4,0.8984,"中原区 (0.958) | 木月 (0.927) | 2丁目 (0.822)"
tr_img_06506,13,0.8819,"当駅で (0.999) | 使えます (0.998) | WiMaxに関す (0.873) | るお間い合つせはこち (0.788) | Uāお客様 (0.707) | 日0120-929-818 (0.947) | サボートセンタ (0.943) | 受付時間 (0.970) | 一2100(年中無休) (0.997)"
tr_img_06507,1,0.7904,"信庫 (0.790)"
tr_img_06508,4,0.8448,""
tr_img_06509,83,0.8674,"0人誓人 (0.704) | 堂副平司刻 (0.560) | フェルケール博物館 (0.955) | 清水港湾博物館 (0.927) | Verkehr博物館 (0.950) | 静鉄新清永駅 (0.934) | 静 (1.000) | 新清水站 (0.901) | 知医副 (0.690) | 市役所清水庁舎 (0.990) | 清水区役所 (0.977) | 市役所清水庁舎 (0.860) | 清水区役所 (0.991) | 人可医梨人 (0.520) | 内回医子墓 (0.569) | 清水産業 (0.998) | 情報プラザ (0.997) | 清水声山 (0.953) | 信息市塚 (0.796) | Δ皇 (0.659) | 豆斗亙 (0.533) | 日牡十の墓 (0.574) | 全目本検数協会清水出張所 (0.996) | 日新目本検定協会清水事務所 (0.977) | 2011年3月作成 (0.992) | 清水次郎長の生家口 (0.988) | 築地町町 (0.512) | 青水次郎北出生 (0.643) | 目の出町 (0.915) | 港町(2) (0.975) | 目本貨 (0.725) | 数協会清水事務所 (0.998) | 口 (0.658) | フェルケール博物館 (0.997) | 青水港高博物館 (0.680) | 清水町 (0.998) | 港町第二自治会館 (0.936) | 波川海フェルター川物山 (0.677) | キララシテイロ (0.830) | 清水市民活町センタ (0.899)"
tr_img_06510,3,0.8612,"日本槍 (0.849) | 人形町 (0.762)"
tr_img_06511,5,0.9823,"営業時間 (0.999) | 日祝 (0.997) | 牛繁 (0.981)"
tr_img_06512,2,0.8798,"山本 (0.995)"
tr_img_06513,41,0.8142,"カラオケよさに (0.809) | 1さん用等) (0.758) | Oショウビ (0.758) | Oア (0.869) | べ (0.669) | 藤田孝幸 (1.000) | で (0.912) | 清佐三男 (1.000) | VAN火4 (0.658) | ールルーム (0.966) | 示 (0.540) | のの (0.661) | ズラップ (0.723) | ダンスアカデミ (0.984) | スペース (0.988) | 中古レコードａCD (0.895) | 高価買取! (0.984) | まずはご相談下さい (0.996) | AM11:00PM20:001不定休! (0.880)"
tr_img_06514,6,0.9047,"中央区 (0.999) | 日本橋人形町二丁目区 (0.667)"
tr_img_06515,13,0.9048,"快活 (0.998) | カラオク (0.904) | コミツク (0.965) | インターネット (0.997) | マッシコ (0.959) | 景6時 (0.734) | 寄11時 (0.954)"
tr_img_06516,4,0.9396,"中原区 (0.999)"
tr_img_06517,16,0.9705,"月極駐車場 (0.920) | 口契約者以外の駐車は固く (0.999) | お断いします (0.986) | 口当駐車場内 (1.000) | での事故 (0.974) | 盗難等の責任は (0.999) | 切負いかねます (0.920) | 口騒音等、周りへの迷惑となる行為はおやめ下さい。 (0.979) | 口無断駐車を発見した場合はレツカ一移動し (0.973) | 罰金として金3万円申し受けします。 (0.960) | 連絡先：株式会社ブランシャール (0.984) | 満車 (0.999)"
tr_img_06518,2,0.9901,"水天宮前 (0.994)"
tr_img_06519,1,0.5365,""
tr_img_06520,3,0.8154,"リードは (0.943) | こちらをご利用ください。 (0.921) | ネッットョク神ラソ川ウエインス武蔵ソち (0.582)"
tr_img_06521,4,0.9673,"中原区 (1.000) | 木月 (0.987) | 8丁目 (0.884)"
tr_img_06522,5,0.8990,"サニーパレス仙川 (0.911) | 調布市仙川町8-6-3 (0.785) | ㈱伊藤企画 (0.893) | 管理 (0.997)"
tr_img_06523,13,0.9420,"ハンズを育てます (0.907) | お冬様の声が (0.982) | 接客応対について、ご意見・ご感想を (0.967) | お聞かせください。 (0.994) | いままで以上に (1.000) | 物をしていただけますよう、 (0.995) | ご意見・ご感想をお寄せください。 (0.960) | お客様に気持ちよく、お買い (0.999) | 東急ハンズは、 (0.990) | BOXに` (0.779) | お客様の声」 (0.991)"
tr_img_06524,4,0.9322,"中原区 (1.000)"
tr_img_06525,2,0.9982,"武田 (0.997)"
tr_img_06526,11,0.9180,"清永駅 (0.834) | 清水テルサ (0.985)"
tr_img_06527,2,0.9248,"タクシーのりは (0.993)"
tr_img_06528,1,0.5185,"ロの島しラャシい (0.519)"
tr_img_06529,8,0.8911,"ピー&レストラン (0.835) | カランドリエ (0.974) | イダルサロン (0.789) | スチュ (0.936) | 一ムサロン (0.813)"
tr_img_06530,25,0.8392,"1年防忠 (0.760) | 無臭 (0.993) | でよく効く (1.000) | 衣類防虫 (0.977) | タンスに (0.818) | ダミよは! (0.804) | (井出願中) (0.778) | クロ一ゼツト川 (0.722) | 防カビ剤配合 (0.994) | 新開発 (0.852) | スリムタイプ (0.998) | おり (0.555) | 防虫効果2O％UP! (0.862) | X当社比 (0.875) | オプンエッジ構造 (0.989) | 隅々まで早く広がる! (0.998) | おとリかえサイン付 (0.982) | 3酒入 (0.868) | 他の防虫剤とも併用できます (0.925) | (大型クローゼット1本分) (0.905) | マイラストは (0.689) | イメージア (0.803)"
tr_img_06531,2,0.7194,"大売由 (0.643)"
tr_img_06532,2,0.7426,"光天宮 (0.590)"
tr_img_06533,3,0.9333,"大橋龍治 (0.982) | 井手）愛子 (0.985) | 園田 (0.833)"
tr_img_06534,7,0.9722,"丸の内線西新宿駅 (1.000)"
tr_img_06535,8,0.9007,"時間貸 (0.978) | バイク (1.000) | 高さ制限2.1M (0.731)"
tr_img_06536,11,0.9360,"優れた明暗表現カ＆臨場感サウンド (0.953) | リビングが (0.998) | 照明などの映り込みを抑え (0.989) | 皇めきや金属の輝きも (0.908) | サウンドに包まれる (0.959) | 締まった黒を表現 (1.000) | リアルに再現 (1.000) | メガコントラスト＆直下型LＥD (0.962) | 「S0und 6yOnkvoはオンキョー株式会社の受ス西飛です (0.721)"
tr_img_06537,5,0.9292,"北海道テクノ (0.999) | サービス(株) (0.868) | 式者 (0.827)"
tr_img_06538,23,0.8842,"中島新聞舗 (0.959) | 岡新田 (0.669) | 目利工業新園 (0.605) | 乗車位置 (0.999) | 2両(6(7 (0.915) | 3両 (0.999) | 一部列車を除く (0.983) | 4両47 (0.997) | 5両 (0.988) | 6両 (0.999) | 旦 (0.642) | 8両 (1.000) | 9両 (0.998) | 待急ふじか (0.824) | 3両 (0.997) | 6両16 (0.887) | 足元の数字を (0.995) | お確かめください (1.000) | 清水駅 (0.998) | ロ小 (0.560)"
tr_img_06539,9,0.8754,"八王子 (0.993) | 府中 (1.000) | 吉祥寺 (1.000) | スクーン (0.626) | 別 (0.874)"
tr_img_06540,8,0.8672,"大鳥 (0.878) | 新大橋 (0.795) | 清川橋 (0.824) | 川橋通の (0.973)"
tr_img_06541,2,0.7685,"鉄板居酒屋 (0.897) | にしよつ (0.640)"
tr_img_06542,4,0.9222,"学校法久札幌慈売学園 (0.921) | 札幌第一幼稚園 (0.844) | 札幌新陽高祭 (0.971) | 札幌商科専 (0.953)"
tr_img_06543,11,0.9406,"Ｒ全線きつぷうりば (0.865) | 自動き (0.931) | 今 (0.966) | 自動きつぷうり (0.879)"
tr_img_06544,4,0.7172,"豊平区 (0.999) | 中の島1条3丁目1 (0.758) | なか (0.519) | しま (0.592)"
tr_img_06545,0,0.0000,""
tr_img_06546,16,0.9129,"営業時間のご案内 (0.995) | 新車販 (0.992) | サニビス受付 (0.922) | 緊急連絡先のご案内 (0.990) | フォルクスワーゲンカスタマーセンター (0.999) | (フリーフォン) (0.944) | JAFロードサービス (0.998)"
tr_img_06547,3,0.7705,"清水区 (0.806)"
tr_img_06548,1,0.5371,"南3西丁丁ミ三 (0.537)"
tr_img_06549,10,0.8987,"ギャラリー青蘭 (0.964) | 古物商青蘭 (0.995) | 北海道公安委員会 (0.991) | 許司第559号 (0.929) | 美術品 (0.999) | 交通事故 (0.992) | 仕事での (1.000) | 労保険 (0.765)"
tr_img_06550,2,0.8540,"水重町丁巨 (0.748)"
tr_img_06551,0,0.0000,""
tr_img_06552,5,0.9350,"3ドア乗車口 (0.766) | 平日の (1.000) | 0時00分 (0.951) | 初電午前 (0.959) | は座席のご利用ができません (0.999)"
tr_img_06553,3,0.8369,"秋田美酒 (0.922) | ほ元系 (0.644)"
tr_img_06554,37,0.8178,"3/5ａで (0.730) | 3/5ąで (0.824) | 迎光臨 (0.859) | 0人 (0.822) | 免税 (1.000) | 大決算 (0.671) | ブランドフレーム (0.990) | レンズ (0.999) | 開催中! (0.999) | 西島隆弘 (0.705)"
tr_img_06555,0,0.0000,""
tr_img_06556,35,0.9129,"ずおかけんちよう (0.935) | 静岡県庁 (0.997) | 静図具庁 (0.775) | しずおかしやくしよ (0.989) | 静岡市役所 (0.999) | 静図市役所 (0.982) | 人天堂外人 (0.548) | あよいくゃくしよ (0.891) | 葵区役所 (1.000) | 葵区役所 (1.000) | すんぷじょうこうえん (0.993) | 図真男 (0.546) | 駿府城公園 (1.000) | 洞 (0.948) | 府城公園 (0.965) | 金平丞 (0.695) | しんしずおかえき。ばすた一みなる (0.981) | 新静岡駅・バスターミナル (0.951) | 印印目 (0.577) | 新静図站汽準冬点站 (0.855) | 聞人 (0.741)"
tr_img_06557,8,0.9104,"祥不出害。 (0.665) | なので (0.997) | でまませんo (0.757)"
tr_img_06558,7,0.8162,"クポタ (0.796) | おもちゃの (0.990) | アララモデル (0.691) | 売つてます! (0.985)"
tr_img_06559,5,0.7368,"駐車を雨遠雨下さい (0.575) | 株 (1.000) | 新大商店 (0.676) | の (0.900)"
tr_img_06560,5,0.6875,"男 (0.724) | は (0.981) | ナンミ (0.587)"
tr_img_06561,16,0.7844,"コミー052 (0.601) | タンダード(20グ (0.816) | デラックス3,05250円 (0.910) | 日視日3800円 (0.821) | サービスタイム (0.958) | 1部 (0.703) | 宿泊 (0.994) | 7100円 (0.693) | 月木日 (0.714) | (金)田 (0.694) | 20時)22時10時 (0.900)"
tr_img_06562,1,0.9982,"バイク (0.998)"
tr_img_06563,11,0.9292,"元住吉 (0.862) | 元住吉 (1.000) | Y8ルマ百古 (0.613) | 日吉 (1.000) | もとすみよし (1.000) | 武蔵小杉 (0.998)"
tr_img_06564,6,0.7564,"握り７貫、茶瑤蒸しかに汁代 (0.749) | 1,580円 (0.943) | 元祖 (0.951) | 全て税抜価格です。別途、消老 (0.832) | お (0.556)"
tr_img_06565,4,0.8927,""
tr_img_06566,6,0.8986,"すてしや (0.614) | 上天井弁当 (0.988) | 天井弁当 (0.997) | 463円(500円) (0.941) | 621円(670円) (0.945)"
tr_img_06567,1,0.9943,""
tr_img_06568,9,0.7439,"00:イW4 (0.657) | テレビ付! (0.717) | 元俗中 (0.564) | 観 (0.843) | ATV紋喫中! (0.646) | で宣会最大150名様 (0.986)"
tr_img_06569,1,0.9999,"お願い (1.000)"
tr_img_06570,3,0.8646,"人形町通り (0.942)"
tr_img_06571,0,0.0000,""
tr_img_06572,17,0.9380,"清水駅 (0.988) | 三保 (0.988) | 沼津 (0.999) | 清水港 (0.996) | 興津 (1.000) | ののまえ (0.553)"
tr_img_06573,11,0.9210,"株式 (0.996) | 会社 (1.000) | 販売・ (0.944) | 車検 (0.999) | 修理 (1.000) | 中部運輸局指 (0.931) | 株式会社 (1.000)"
tr_img_06574,11,0.9501,"明治座 (0.871) | 都営浜町駅 (0.988) | 兵町運動公園 (0.992)"
tr_img_06575,2,0.9558,"五丁目 (0.981)"
tr_img_06576,1,0.9941,"段差注意 (0.994)"
tr_img_06577,1,0.5145,""
tr_img_06578,4,0.8135,"ここは日本橋 (0.950) | LI琶印人 (0.782) | 日本橋 (0.784)"
tr_img_06579,9,0.8449,"静岡北物 (0.842) | 枚 (1.000) | 黒はしべん (0.608) | は (0.816) | 円 (1.000) | 火説き・フライ (0.837) | 大受えびかさろ (0.697)"
tr_img_06580,11,0.9062,"中央区 (0.998) | 南4条西1丁目2 (0.833) | ロ (0.569)"
tr_img_06581,3,0.8718,"日本橋 (0.830) | 人形町 (0.921)"
tr_img_06582,2,0.9619,"中の島1条3丁目 (0.927)"
tr_img_06583,11,0.9863,"庵 原 (0.939) | 藤枝 (1.000) | 清水駅 (0.995) | 静清BP (0.989)"
tr_img_06584,3,0.8821,"日本橋 (0.998) | 人形町 (0.953) | ミ丁目 (0.696)"
tr_img_06585,18,0.7296,"スリンデング不キパーて (0.549) | メシンペンスペークソンクワン (0.639) | モンテススパークリクエソシル (0.769) | レイクデレル (0.738) | ブリユットブレミエ (0.669) | アレマチラ (0.911) | (イクリア) (0.693) | モytス (0.516) | マラボラス (0.546)"
tr_img_06586,4,0.9936,"中原区 (0.997) | 木月 (0.992) | 2丁目 (0.987)"
tr_img_06587,7,0.7720,"より (0.974) | 住跨中 (0.553)"
tr_img_06588,7,0.9249,"東京メト口 (0.976) | 日本橋駅 (0.999)"
tr_img_06589,2,0.7307,"東京都星田区山国22一2 (0.742) | 昭界山の3年 (0.720)"
tr_img_06590,7,0.9014,"ここは (0.999) | 中西 (0.593) | 北電興業(株)及い (0.861)"
tr_img_06591,6,0.9263,"昼飲み (0.986) | 朝飲リ (0.897) | 大歓迎! (0.847) | 500円 (1.000)"
tr_img_06592,9,0.9102,"白洋舎元住吉店 (0.972) | 営業時間 (0.986) | 水曜日・第三木曜日 (0.863) | 休日 (0.998)"
tr_img_06593,7,0.9297,"追力の (0.729) | 重低音 (1.000) | USB接続 (0.958) | 高出力20℃h (0.843)"
tr_img_06594,9,0.7758,"ばんん (0.503) | ク一トロ一シ申込後 (0.652) | 貸店鯖 (0.859) | 名動産 (0.967) | エビント (0.513) | の約5分 (0.848) | 店 (1.000) | 店 (0.671)"
tr_img_06595,3,0.7388,"ブリリアン1 (0.749) | 山慶大前 (0.799)"
tr_img_06596,5,0.8554,"中原区 (0.914)"
tr_img_06597,7,0.9522,"中央区 (0.913)"
tr_img_06598,2,0.7766,"16台 (0.769) | 式城石井群軍場種 (0.784)"
tr_img_06599,4,0.9897,"日本橋 (1.000) | 人形町 (0.991) | 一丁目 (0.968)"
tr_img_06600,7,0.9112,"肉ゃ魚を急速に冷やして (0.984) | 鮮度長持ち! (0.941) | 整理しやすい!２段チルド (0.970) | 除菌脱臭 (0.887) | おいしさ (0.999) | ープ! (0.865)"
tr_img_06601,1,0.7182,"てービつかえます (0.718)"
tr_img_06602,6,0.8912,"清水区 (0.977) | 富士見町 (0.827) | み (1.000) | ちよら (0.857) | 寸 (0.816)"
tr_img_06603,3,0.7705,"藤森茂樹 (0.808)"
tr_img_06604,11,0.9589,"藤枝 (1.000) | 東静岡駅 (0.999) | 浜松 (0.998) | 静清B.P (0.983) | この先200ｍ (0.920)"
tr_img_06605,2,0.7699,"食 (0.819)"
tr_img_06606,4,0.8647,"医療法人 (0.968) | 社団 (1.000) | おおしま転科 (0.515)"
tr_img_06607,1,0.5384,"東ロバニウビル (0.538)"
tr_img_06608,0,0.0000,""
tr_img_06609,2,0.8373,"南13条西6丁目 (0.939)"
tr_img_06610,20,0.9207,"観光案内所 (0.999) | 京王 (0.966) | ねニのて…カウンター (0.894)"
tr_img_06611,4,0.9735,"日本橋 (0.999) | 人形町 (1.000) | 一丁目 (0.996)"
tr_img_06612,1,0.6330,"芝イビル (0.633)"
tr_img_06613,13,0.7938,"英会舌都安室 (0.752) | レッスソ時ビ) (0.513) | の44 (0.947) | つ (0.764)"
tr_img_06614,3,0.9575,"港区 (0.994) | 慶大正門前 (0.880)"
tr_img_06615,4,0.9959,"中原区 (0.999) | 木月 (0.997) | 2丁目 (0.999)"
tr_img_06616,2,0.8565,"きよ (0.954) | 信託世じめ判た (0.759)"
tr_img_06617,2,0.8197,"関東近交部 (0.761) | TDR-東京 (0.879)"
tr_img_06618,39,0.9078,"夕イムズ南13西5 (0.963) | 月金曜 (1.000) | 土日祝 (0.981) | 当日24時まで (0.998) | 当日24時まで (1.000) | 成大料金 (0.592) | 100円 (0.978) | 1,000円 (0.928) | 基本粉金 (0.617) | 60分 (0.859) | 200円 (1.000) | 300円 (1.000) | ×2千円5千円 (0.788) | 1万円札使用できます。 (0.956) | 駐車券の紛失にはくれくれもご注意下さい。紛失された場合は当社規定の駐車料金をいただきます (0.959) | 入場の方法 (1.000) | 駐車券発行機の前で (0.991) | 停車して下さい。 (0.919) | ボタンを押して (0.998) | 駐車券をお取り (0.995) | 下さい。 (0.985) | ゲートが開き (0.994) | 入場できます。 (0.998) | 0に (0.679) | ネツトなどに近つけないで下さい (0.922) | 詳車券の紛笑についで (0.879) | 切責任を負いませんて (0.918) | 当は (0.949) | トラブルの際は、緊急電話にてご連絡下さい、ご4時間係員が対応します。 (0.966) | ご不明点はこちらまでご連絡下さい。 (0.972) | タイムズサ (0.991) | ービス株武会社 (0.908) | でで (0.668)"
tr_img_06619,4,0.8751,"電源回線異常 (0.914) | 取消 (1.000) | 確認 (0.996)"
tr_img_06620,7,0.8495,"テナント (0.919) | 朝集 (0.653) | 8例11 (0.633)"
tr_img_06621,43,0.9368,"あなたの声かけ」が (0.986) | しゃない (0.903) | 駅や車内を快適にする (0.981) | 声をかけるという思いやり (0.994) | それが、困っている方のサポートにない (0.964) | `心地よい駅や車内づくりにもつながります (0.942) | あなたの声かけ」を (0.996) | 、必要としている人がいます (0.982) | 「何かお因いですか」 (0.861) | 音導犬を連れた方、 (0.781) | 止まつてください!」 (0.921) | 車いすをこ利用のお客さまには (0.961) | お声かけ自体がサポートです (0.980) | 危険を感じたらす (0.953) | ぐ呼びかけを (0.969) | 安心につながるサポートを (0.957) | 優先席を必要とされている (0.993) | お国りの外国人には (0.931) | お国リの方にはひと声を (0.897) | お客さまにはとうそ山のひと言を。 (0.925) | 」のひと声を (0.822) | 急いやリのｌ声かけ」が、誰かのサポートになる。 (0.922) | 声かけ・サポートコ運動、はじめています。 (0.955) | 東目本旅客鉄道株式会社 (0.956) | 東武鉄道株式会社 (0.993) | 西武鉄道株式会社 (0.999) | 京成配鉄株式会社 (0.935) | 京王聖鉄株式会社 (0.870) | 小田急電鉄株式会社 (0.989) | 東京急行配鉄株式会社 (0.938) | 京浜急行電鉄株式会社 (0.997) | 東京地下鉄株式会社 (0.977) | 相模鉄道株式会社 (0.992) | 新京成電鉄株式会社 (0.994) | 東京都交通局 (0.998) | ル株式会社 (0.986) | 東京モレ (0.988) | 一般社団法人 (0.999) | 日本民営鉄道協会 (0.968) | 後授：国土交通省 (0.874)"
tr_img_06622,2,0.8091,"入口 (1.000)"
tr_img_06623,1,0.6045,"ココヘス (0.604)"
tr_img_06624,6,0.9539,"ダイエット (0.985) | 本型維持 (0.998) | 運動不足等 (0.927) | お気軽に二相談 (0.925) | 下さい。 (0.892) | 予約優先 (0.996)"
tr_img_06625,0,0.0000,""
tr_img_06626,6,0.6831,"アトレ秋葉鹿3 (0.739) | し (0.524) | 喫煙席 (0.695) | WAしH (0.503)"
tr_img_06627,5,0.9288,"8km以下 (0.968) | 高さ制限2,1M (0.877)"
tr_img_06628,6,0.9818,"幌平橋 (0.998) | 中の島 (1.000) | 次は中島公園 (1.000)"
tr_img_06629,7,0.9000,"浜松 (1.000) | 藤枝 (0.997)"
tr_img_06630,3,0.9169,"当店の精米は (0.969) | 国産来を (0.883) | 更用してます (0.898)"
tr_img_06631,1,0.9873,"太田 (0.987)"
tr_img_06632,1,0.6782,"シホ皇クリーニング (0.678)"
tr_img_06633,5,0.7669,"井印ム下北浪 (0.550) | やャンヘーン (0.598) | 20161117木) (0.899) | シモキタ好きおススメの (0.999)"
tr_img_06634,12,0.8872,"船橋津田沼千葉方面 (0.985) | 総武線(特急快速 (0.971) | 女速 (0.582) | 道田酒 (0.555)"
tr_img_06635,0,0.0000,""
tr_img_06636,8,0.8346,"J0TETSし (0.681) | ばつてつ (0.511) | 水車町5丁目 (0.979) | イワクラホーム前 (0.993)"
tr_img_06637,6,0.8585,"ここは (0.999) | 設園個店 (0.580) | 16・3 (0.988) | 北電興業(株投し (0.768)"
tr_img_06638,2,0.5774,"本家のス (0.509) | 業してます (0.646)"
tr_img_06639,11,0.8694,"お手洗 (0.999) | レストラン街(アステイ東館 (0.996) | 川 (0.522) | ショッピング街( (0.959) | (パルシエ食彩館) (0.938) | クイクメッセ母ム (0.510)"
tr_img_06640,1,0.5662,"ゆいま一て (0.566)"
tr_img_06641,3,0.8330,"上丁一丁目 (0.633)"
tr_img_06642,8,0.8797,"世田谷区 (0.880) | 商田五丁目9 (0.751) | 給 (0.966) | 田502 (0.670) | 号 (0.957)"
tr_img_06643,1,0.6695,"王北瞿日定休目 (0.669)"
tr_img_06644,7,0.8459,"調布市 (0.510) | 親ヶ丁丁目 (0.608)"
tr_img_06645,4,0.9711,"募集! (0.979)"
tr_img_06646,2,0.9430,"中の島1条3丁目 (0.980)"
tr_img_06647,2,0.9226,"南13条西7丁目 (0.846)"
tr_img_06648,10,0.9367,"親9時 (0.753) | まで受仁 (0.897) | 火水木金土日祝 (0.905) | 施術時間 (0.999) | 午前 (0.999) | 午後 (0.999)"
tr_img_06649,4,0.9875,"中原区 (0.999) | 木月 (0.956) | 2丁目 (0.996)"
tr_img_06650,0,0.0000,""
tr_img_06651,0,0.0000,""
tr_img_06652,0,0.0000,""
tr_img_06653,3,0.9382,"電話番号 (1.000) | 年内ＰＭ８時まで営業 (0.904)"
tr_img_06654,3,0.8177,"おかべ (0.780)"
tr_img_06655,3,0.7585,"高さ制限 (0.962)"
tr_img_06656,4,0.9666,"日本橋 (1.000) | 人形町 (0.955) | 二丁目 (0.916)"
tr_img_06657,2,0.8574,"芦花公園尺 (0.815)"
tr_img_06658,2,0.9244,"南13条西14目 (0.935)"
tr_img_06659,5,0.9874,"自動体外式除細動器 (0.981) | 設置しています (0.994)"
tr_img_06660,2,0.9632,"中の島1条3丁目 (0.930)"
tr_img_06661,4,0.9408,"中原区 (0.995) | 木月 (0.995) | 3丁目 (0.775)"
tr_img_06662,2,0.9003,"帰社に・すつと・まつすく (0.833) | ツクイ (0.968)"
tr_img_06663,6,0.9645,"江尻口 (0.857) | 西口 (0.960)"
tr_img_06664,12,0.8829,"オッ (0.978) | イケル (0.918) | ハンバーグ (0.776) | 430円 (0.786) | 220円 (0.998) | ト (0.849) | ライスセッ (0.978) | 味噌汁付き) (0.907) | おかわり目由 (0.896) | 2月 (0.606) | だよ! (0.991)"
tr_img_06665,2,0.9240,"新矢七橋 (0.867)"
tr_img_06666,8,0.9320,"中奥区 (0.926) | 日本商く豚町丁目 (0.600)"
tr_img_06667,1,0.9529,"ひひき (0.953)"
tr_img_06668,15,0.9373,"総武線 (1.000) | (各駅停車) (0.954) | 秋葉原 (0.999) | 新宿 (1.000) | 中野・ (0.984) | 上野方面 (1.000)"
tr_img_06669,4,0.9608,"中原区 (0.991) | 木月 (0.969) | 8丁目 (0.885)"
tr_img_06670,9,0.8073,"目央に照朝し橋り (0.563) | 最 (0.968) | 揚 (0.876) | 一み目の橋で (0.509) | 橋 (1.000) | に (0.983) | は (0.985) | 際田川か (0.568) | 江戸切絵図 (0.813)"
tr_img_06671,8,0.8075,"もつカ! (0.553) | カレー総研公認 (0.916) | 力レ (0.657) | 一煮込み (0.968) | カレー総研公認 (0.976) | カレー煮込み (0.884) | 清 (0.938)"
tr_img_06672,0,0.0000,""
tr_img_06673,0,0.0000,""
tr_img_06674,2,0.8271,"ステーショシホード (0.961)"
tr_img_06675,10,0.9285,"本日の営業は (1.000) | 終了いたしました。 (0.951) | 営業時間 (0.997)"
tr_img_06676,1,0.5382,"大 (0.538)"
tr_img_06677,1,0.9499,"オズ (0.950)"
tr_img_06678,6,0.7757,"低圧 (0.681) | 南12条西8丁目 (0.982)"
tr_img_06679,6,0.8972,"ショッピング街 (0.993) | (パルシェ (0.850)"
tr_img_06680,7,0.9102,"柳川公園 (1.000) | 行免 (0.789) | 調布市コミュニテイバス (0.899) | 仙川 (1.000) | 駅 (1.000) | 仙01 (0.918)"
tr_img_06681,1,1.0000,"小池 (1.000)"
tr_img_06682,1,0.7384,"ブクハウス757 (0.738)"
tr_img_06683,26,0.9606,"公共施設 (1.000) | だいだいいろ (0.990) | 文化施設 (1.000) | むらさまいろ (0.868) | 宿泊施設 (1.000) | みどりいろ (0.964) | 総合販売 (1.000) | みすいる (0.938) | レジャー (0.988) | ももいろ (0.991) | 般建物 (1.000) | ちやいろ (0.964) | お問い合わせは (0.971) | 交通県本本部 (0.923)"
tr_img_06684,1,0.5467,""
tr_img_06685,4,0.9447,"日本橋 (0.998) | 人形町 (0.877) | 一丁目 (0.930)"
tr_img_06686,3,0.7445,"南ノ条テア整骨院 (0.810) | ＳＥＬＫｏゃＳぃＬＮ (0.565)"
tr_img_06687,7,0.9277,"日吉 (1.000) | 元住吉 (0.992) | 綱島 (0.991) | ひよし (0.998)"
tr_img_06688,3,0.8675,"場内徐行 (0.930)"
tr_img_06689,1,0.6799,""
tr_img_06690,2,0.7250,""
tr_img_06691,1,0.9382,"サイクル&バスライド (0.938)"
tr_img_06692,4,0.8794,"バス (0.522) | ここは (0.999) | 水天宮前 (0.997)"
tr_img_06693,0,0.0000,""
tr_img_06694,3,0.8490,"宮代町 (1.000) | ここりら (0.721)"
tr_img_06695,4,0.7869,"香るStick (0.975)"
tr_img_06696,13,0.8857,"注 (1.000) | 意 (0.994) | 車両高さ制限 (0.996) | カサ・ウィズタリア (0.887) | もして居) (0.601) | ウイークリークラブサ (0.979) | 生活必需品完備 (0.814)"
tr_img_06697,1,0.7906,""
tr_img_06698,1,0.9689,"高野 (0.969)"
tr_img_06699,2,0.5483,"豚は前応目 (0.565) | 町赤豚のバラ (0.532)"
tr_img_06700,7,0.9585,""
tr_img_06701,0,0.0000,""
tr_img_06702,51,0.8951,"桜上水 (1.000) | 当駅構内施設の階層図 (1.000) | 男子トイレ (0.920) | 工スカレ (0.850) | 条内所 (0.701) | 女子トイレ (0.997) | 階段 (1.000) | だれでもトイレ (0.999) | コインロッカー (0.995) | 待合室 (1.000) | 自動体外式除細動器 (0.951) | エレベーター (0.965) | 現在地から地上までの (1.000) | バリアフリー主要ルート (0.986) | 北口方面口 (0.880) | 地上出口へ (0.878) | コンコ (0.706) | ス階 (0.954) | ム (0.992) | ツム督 (0.537) | ホーム階へ (0.902) | ホ一ム噌 (0.794) | 南口方面出口 (0.992) | 新宿 (1.000) | 方面 (0.962) | 現在地 (0.995) | 地上出口 (0.933) | 改札階へ (0.929) | 改札階へ (0.889) | 改札階 (0.945) | 改民階へ (0.681) | 橋本方面 (0.999) | 京王八王子・高尾山口 (0.956) | ホ一ム店 (0.743)"
tr_img_06703,38,0.9814,"出口 (0.999) | 琴似小学校 (1.000) | 琴似神社 (0.999) | 琴似屯田兵村兵屋跡 (0.983) | 西区民センタ (0.986) | 西区役所 (1.000) | 西保健センタ (0.981) | 五郵便局 (0.995) | 山の手図書館 (1.000)"
tr_img_06704,4,0.9568,"日本橋 (0.994) | 人形町 (0.959) | 一丁目 (0.906)"
tr_img_06705,3,0.7808,"二の物は (0.741) | イシターネット (0.975) | 飛科で更い放上 (0.627)"
tr_img_06706,6,0.7957,"丸ぶ (0.882) | 丸ぶ (0.866) | 創業記念 (0.950) | 別ご奉仕会 (0.874) | 当もん (0.558) | 1-005し (0.644)"
tr_img_06707,5,0.8548,"20時まで (0.831) | セット (0.836) | 000夫 (0.969) | アサヒぷいんと (0.917) | プソントショッブ (0.722)"
tr_img_06708,6,0.8859,"真崎灯台今 (0.902)"
tr_img_06709,7,0.9680,"幌西 (0.987) | キッズ公園 (0.941) | 南14条西15丁目 (0.997) | 札幌市中央区 (0.992) | 連絡先 (1.000) | 中央区土木部維持管理課 (0.988)"
tr_img_06710,8,0.8982,"北野四丁目 (0.970) | 行先 (0.945) | 調布市コミュニティバス (0.941) | 仙川駅 (1.000) | 仙01 (0.926) | 仙川駅緑ヶ丘 (0.978) | く信現パス! (0.543) | 路線運行図 (0.882)"
tr_img_06711,1,0.7017,"商 (0.702)"
tr_img_06712,5,0.7581,"晩弘御殿 (0.547) | 鳥魚 (0.606) | 彦酒屋 (0.992)"
tr_img_06713,4,0.9788,"中原区 (1.000) | 木月 (0.993) | 4丁目 (0.983)"
tr_img_06714,16,0.9062,"中島公園 (0.925) | Lトフト大ロI (0.611) | 中品公院 (0.950) | 中島公園 (1.000) | 地下鉄中島公園駅 (0.856) | トフト大IロI (0.528) | 地鉄中品公園站 (0.984) | 地鐵中島公園店 (0.978)"
tr_img_06715,3,0.9667,"中の島1条３丁 (0.914)"
tr_img_06716,9,0.8450,"熊処条三 (0.570) | 写 (0.642) | 営業時間 (0.991) | 月〜本:170002：00日究007000 (0.757) | 地下1階 (0.995) | 金・土17：80〜8：00 (0.931) | 目曜目 (0.809) | 定休目 (0.999)"
tr_img_06717,4,0.8254,"日本悟 (0.781) | 形町勢 (0.692) | 二丁目 (0.838)"
tr_img_06718,1,0.5197,"成城一一スアカデミラ1 (0.520)"
tr_img_06719,4,0.7680,"円山店 (0.747) | 不動産の (1.000)"
tr_img_06720,4,0.9654,"清水橋北 (0.927)"
tr_img_06721,1,0.6335,"川イツ持田 (0.634)"
tr_img_06722,3,0.7075,"日ホ橋 (0.800) | 」目 (0.703)"
tr_img_06723,4,0.8549,"ほ (0.527) | の巻 (0.901)"
tr_img_06724,4,0.9932,"中原区 (0.998) | 木月 (0.998) | 2丁目 (0.978)"
tr_img_06725,14,0.9888,"興津 (1.000) | 清水駅 (0.999) | 日本平 (1.000) | 船越 (1.000) | 清水港 (1.000)"
tr_img_06726,0,0.0000,""
tr_img_06727,16,0.8373,"柳川公園 (0.963) | 行先 (1.000) | 調布市コミュニテイバス (0.932) | 仙川駅 (0.995) | 仙01 (0.961) | 仙川駅今緑ヶ丘 (0.969) | <循環バス! (0.864) | 路線運行図 (0.999) | 緑ヶ良児叢館 (0.546) | O北野四丁目 (0.877) | O郡川公園 (0.631) | 公園前団独北口 (0.833) | O市民テニスコート入ロ (0.752) | 緑 (0.961) | 霧の (0.581)"
tr_img_06728,15,0.8805,"ワ全線きっぷうりば (0.753) | 自動き (0.946) | もの (0.519) | 新 (0.968) | 自動きっぷラり (0.896)"
tr_img_06729,4,0.9043,"田丁目 (0.775)"
tr_img_06730,15,0.8993,"システムトイレ (0.905) | シートタイプ (0.895) | 各社共通 (0.998) | 明めきったお部屋でも (0.900) | 週間二オわない! (0.991) | の色が (1.000) | シート (0.852) | 周分の (0.782) | オンッコを (0.855) | らくく吸収 (0.884) | 1週聞消具抗菌 (0.783) | ユニチャーム (0.963) | ペットケア (0.995) | デオトイレ (0.688)"
tr_img_06731,2,0.9847,"南13条西10丁目 (0.977)"
tr_img_06732,5,0.7400,"3この堤防高は (0.855) | 海板 (0.994) | 津 (0.615)"
tr_img_06733,13,0.9413,"昭和通り口 (0.998) | 日比谷線 (0.986) | 化粧室 (0.995) | 昭和路出口 (0.999) | 善子 (0.847) | 公共阿所 (0.822) | 斗卦會 (0.638)"
tr_img_06734,1,0.5523,"静鉄ラクシーのりば (0.552)"
tr_img_06735,0,0.0000,""
tr_img_06736,18,0.7305,"週末ス (0.718) | 8730円 (0.982) | 2560円 (0.938) | 娘入日に (0.875) | 幾流は (0.541) | ブ山ーリア内 (0.708) | 土休日の (0.901) | ご利南開沿日の (0.743) | シリーバス (0.571) | 2日0荷幼 (0.790) | 前白まで (0.769) | 一バスだが (0.648) | 東時タ(ブのフリ (0.612) | 楽しみふじさいお! (0.665) | お(い! (0.507) | 主休百の2日間 (0.651) | ご自由にね取り下さい (0.919)"
tr_img_06737,1,0.6576,""
tr_img_06738,0,0.0000,""
tr_img_06739,3,0.8020,"(氏金郡 (0.725) | 沿 (0.804)"
tr_img_06740,12,0.8656,"Dビ (0.687) | 有機 (0.999) | 天津甘栗 (0.912) | モンド (0.973) | セレクション (0.950) | 金賞受賞 (1.000)"
tr_img_06741,20,0.9549,"清水マリンパーク・イベント広場 (0.993) | 日の出埠頭 (0.984) | 港湾合同庁舎 (0.917) | マリンビル (0.998) | マリンターミナル (0.997)"
tr_img_06742,2,0.9612,"地方発送 (0.991) | 承ります! (0.932)"
tr_img_06743,23,0.9304,"埼京線 (0.999) | 埼京線 (0.999) | 赤羽 (1.000) | 武蔵浦和 (0.996) | 池袋・新宿･大崎 (0.856) | 大宮川越方面 (0.998) | りんかい線方面 (0.930) | 南口改札 (1.000)"
tr_img_06744,11,0.8370,"近勝リリバークの (0.886) | ご案内 (0.945) | 洋のリ川ヒク (0.625) | 南12西6駐車場 (0.986) | 三井のリパーク (0.841) | 南13西6駐車場 (0.996) | 現在地 (0.907) | 駐めやすさは、 (0.799) | 三井のリパ一ーク (0.769) | 川 (0.833)"
tr_img_06745,1,0.9999,""
tr_img_06746,25,0.9041,"エキパ]地下駐車場 (0.908) | エキパ」地下停年場 (0.803) | 静岡中央郵便局 (0.970) | 静図中央局 (0.914) | 静岡音楽館 (0.990) | 静音黍廂 (0.585) | タクシーのリは (0.993) | 副人舎乙 (0.735) | 出租牟站 (0.893)"
tr_img_06747,2,0.5374,"山央以 (0.504) | 南げ条国9二2 (0.571)"
tr_img_06748,13,0.8939,"無断駐車禁吐 (0.851) | 無断駐車の車はレッカーにて専用駐車場 (0.980) | へ移動し (0.934) | 1河国以上 (0.743) | 不法庭車料金時間に付き (0.930) | 500円を頂きます (0.865) | 又1の日を過ぎた場合は勝手に処分致し (0.944) | ます。 (1.000) | 事故等については一切青任は (0.936) | 負いません (0.998) | 無断駐車警理愛議念社 (0.815) | (おワイン・パーキシグセシター (0.678)"
tr_img_06749,4,0.8126,"出 (1.000) | 入口 (0.579) | 人口 (0.720)"
tr_img_06750,1,0.9439,""
tr_img_06751,12,0.9787,"出口 (0.927) | JR静岡駅 (0.999) | タクシー乗場 (0.978) | 駅前交番 (1.000)"
tr_img_06752,15,0.8567,"静岡駅 (0.998) | 静図站 (0.947) | JR人I天PノIg (0.702) | バスのリば (0.997) | 印人印印雪 (0.579) | 公交牟站 (0.805)"
tr_img_06753,30,0.9907,"出口 (0.997) | MOAアートホールゴ七海道 (0.934) | 札幌第一病院 (1.000) | 静和記念病院 (0.998) | 西老人福祉センター (0.921) | 北海道獣医師会館 (0.980) | ポリテクセンター北海道 (0.998)"
tr_img_06754,0,0.0000,""
tr_img_06755,1,0.5889,"コ-ヒ (0.589)"
tr_img_06756,21,0.8638,"京滅時使用司 (0.990) | 夫印面を上にして (0.924) | 方向を合わせて挿入 (0.933) | してください (0.943) | つee (0.565)"
tr_img_06757,10,0.9816,"お手洗い (0.996) | JR清水駅 (0.896) | 清水区役所 (0.996)"
tr_img_06758,3,0.9998,"仙川 (1.000) | をきれいに美し (1.000) | 東京都 (1.000)"
tr_img_06759,5,0.8220,"ダイエットレらギのカラダヘ (0.896) | 小ツトヨナ (0.660) | 女性 (0.750) | 専用 (0.997)"
tr_img_06760,1,0.6830,"っ占です (0.683)"
tr_img_06761,0,0.0000,""
tr_img_06762,2,0.9710,"南14条西9丁目 (0.953)"
tr_img_06763,3,0.9002,"五T目 (0.820) | 水04195６道 (0.884)"
tr_img_06764,3,0.5689,"製創元条 (0.657) | や地友 (0.522) | 御も常よ歩屋のめ (0.527)"
tr_img_06765,5,0.9570,"交通 (0.999) | 事故 (0.995) | 打ち (0.994) | むち (0.807) | 各種保険取 (0.990)"
tr_img_06766,17,0.9417,"アリンス (0.617) | 真空チルド (0.999) | 製氷 (0.908) | 製氷停止 (0.968) | 節電 (0.742) | 冷凍 (1.000) | 冷蔵 (1.000) | 製氷 (0.984) | 冷却モード (0.977) | 真空チルド (0.998) | 操作部ロツク (0.931) | おそうじ (0.990) | デリシヤス冷凍 (0.957) | (3秒押し) (0.997) | (5秒押し) (0.990) | (3秒押し) (0.999)"
tr_img_06767,6,0.9208,"3月3 (0.802) | 手前の角左折 (0.968) | すく左側 (0.870) | 宝町3 (0.995)"
tr_img_06768,1,0.6492,"高原ギ (0.649)"
tr_img_06769,1,0.9586,""
tr_img_06770,1,0.5087,"日田十山ののぐす (0.509)"
tr_img_06771,9,0.6610,"プリン本常 (0.788) | 」ク (0.518) | 侍 (0.550) | アソン本餅 (0.688) | プン本餅 (0.547) | テすきの店 (0.753) | すすの店 (0.577) | すすきの店 (0.959)"
tr_img_06772,5,0.7382,"安全にご利用いただくために (0.991) | 次のことにご注意くだきい (0.977) | 走っま (0.510) | 全き込まれたいように (0.703) | 組いまのがなまわないたつに (0.510)"
tr_img_06773,3,0.9949,"小芝神社 (1.000)"
tr_img_06774,0,0.0000,""
tr_img_06775,33,0.9224,"セキュリティパーキングシステム駐車場 (0.996) | 30分/100円 (0.971) | 60分/100円 (0.926) | 夜間最大料金 (0.996) | 500円 (0.937) | ツルハドラッグ南8条店様ご利用で (0.978) | 60分無料となります (0.998) | Ｊセキュリティパーキングシステム (0.947) | ＪＰＭパ一ク南８条 (0.864) | 当駐車場は (0.960) | 聖門のナシン (0.510) | 車両を拘束する機器は一切こさいませんが (0.974) | お帰りの際には (0.910) | 必ず精 (0.695) | 算機にて駐車料金を (0.906) | 所在地：北海道札幌市中央区南8条西7丁目 (0.992) | お支私い下さい。 (0.970) | 徴収に要した費用 (0.978) | 駐車料金を未私いで出庫された場合は (0.906) | 未私い駐車料金の他 (0.870) | 全てを後日請求させていただきます。 (0.970) | また刑法の規定によの犯罪行為となのますので (0.930) | 日本駐車場メンテナンス(株) (0.950) | 緊急連絡逸 (0.786) | あらかじめ往御注意願います (0.911)"
tr_img_06776,6,0.8610,"喫席 (0.870) | 35席 (0.965) | 30席 (0.967) | ひェエド (0.508)"
tr_img_06777,10,0.9883,"午前の受付 (1.000) | 7時80 (0.981) | 分から (1.000) | 11時30 (0.917) | 分 (1.000) | 午後の受付 (0.995) | 時から (0.998) | 時 (1.000)"
tr_img_06778,2,0.9632,"中の島1条3丁目 (0.941)"
tr_img_06779,8,0.9975,"三田 (0.997) | みた (1.000) | 芝公園 (1.000) | 白金高輪 (0.987)"
tr_img_06780,6,0.7503,"ールフェア開催中 (0.904) | ジ正 (0.798) | 0%0門 (0.706)"
tr_img_06781,0,0.0000,""
tr_img_06782,1,0.6380,"Oつ東日六本社ビ川 (0.638)"
tr_img_06783,5,0.8080,"PＡＲＳペルッア (0.851) | ペルシャ縅露 (0.668) | キリム・サラサ直輸入 (0.995) | ペルシャ彼条置朝入 (0.583)"
tr_img_06784,27,0.8906,"静岡県庁 (0.999) | 静具庁 (0.806) | 御幸町 (1.000) | スラジメジ (0.620) | 御幸町 (1.000) | 駿府城公園 (0.989) | その祖北から爪い山のマ (0.751) | 山会 (0.667) | 府城公 (1.000) | 企平下 (0.750) | 新静岡駅 (1.000) | 新静図站 (0.904) | 伝馬町 (1.000) | 西店 (0.500) | 侍弓町 (0.719)"
tr_img_06785,4,0.8799,"徐行 (1.000) | 最 (0.977) | 設差、公暫に (0.796) | ご注意くだごい (0.747)"
tr_img_06786,8,0.9420,"`案内 (0.890) | 小田急線では、 (0.987) | 都営大江工戸線の (0.959) | 最終軍車への接続はしておりません (0.897) | 電車が遅れたり、乗り換えに時間が (0.895) | かかると、間に合わない場合があります (0.993) | ご利用のお客さまはご注意ください。 (0.915) | 駅長 (1.000)"
tr_img_06787,0,0.0000,""
tr_img_06788,3,0.5408,"パラトククランッアをクシ全んイは (0.556) | フインドッェャを (0.552) | ハピーアッパクマク (0.514)"
tr_img_06789,5,0.7500,"日水酒 (0.762) | 清水港次郎長シリズ (0.858) | 太 (0.532)"
tr_img_06790,0,0.0000,""
tr_img_06791,1,0.9617,""
tr_img_06792,1,0.5484,"ラ飛貧海透物 (0.548)"
tr_img_06793,1,0.8775,"8藤子スタジオ (0.878)"
tr_img_06794,4,0.9480,"万世町中 (0.997) | 軽重両圧 (0.877)"
tr_img_06795,5,0.9087,"鷹市 (0.796) | 北野四丁 (0.818)"
tr_img_06796,0,0.0000,""
tr_img_06797,1,0.6494,""
tr_img_06798,22,0.9290,"青永次郎長の生家 (0.933) | 清水次郎長出生之家 (0.955) | 青永マリンビル (0.951) | 清水海洋大 (0.995) | 人可 (0.746) | エスパルスドリームプラザ (0.999) | S-Pulse琴勾一場 (0.620) | 山人晋人堂司平訂式 (0.604) | フェルヶケール博物館 (0.928) | 清水港湾博物館 (0.963) | Verkehr博物箱 (0.906)"
tr_img_06799,6,0.8775,"販売中 (0.999) | 円 (1.000) | お札中止 (0.979) | つり銭切れ (0.934) | れたまシつのあるまいは (0.618) | とないますのでごおほはお止めくさい (0.735)"
tr_img_06800,6,0.8610,"キャンペーン (0.965) | 大人気コ三ス (0.732) | 足(フツトン十整体(ボデイ (0.720) | 40分 (0.858) | 30分 (0.897) | 5000円 (0.994)"
tr_img_06801,6,0.9946,"大江戸線 (0.988) | 新宿駅 (1.000)"
tr_img_06802,6,0.9125,"簡単安和 (0.737) | 全自動 (0.996) | 啓通り店 (0.992) | コインランドリー (0.964) | ふわふわランド (0.918)"
tr_img_06803,4,0.9955,"中原区 (0.984) | 木月 (0.999) | 1丁目 (0.999)"
tr_img_06804,8,0.8233,"千歳通 (0.993) | が見だい。 (0.771) | お君徒を美買にしたい (0.754) | お冬第と第に美園 (0.525)"
tr_img_06805,1,0.9807,"北 (0.981)"
tr_img_06806,2,0.9328,"東日本檜 (0.956) | 三丁目 (0.910)"
tr_img_06807,1,0.9931,""
tr_img_06808,1,0.5524,"目販 (0.552)"
tr_img_06809,4,0.8914,"地方発送承ります (0.974) | 部 (0.992) | 水 (0.996)"
tr_img_06810,0,0.0000,""
tr_img_06811,5,0.7927,"みた (0.999)"
tr_img_06812,3,0.9668,"江尻東 (0.991)"
tr_img_06813,4,0.7255,"インド・チベット・ネパール料理店 (0.997) | カレ一は越薬膳! (0.603) | ザ激能 (0.741) | ヒマシ十仙楽部 (0.560)"
tr_img_06814,2,0.8526,"さえる (0.959) | 冬の奥大瀬 (0.746)"
tr_img_06815,3,0.8625,"2輪車 (0.883) | 三TC (0.821) | 我店 (0.884)"
tr_img_06816,3,0.6891,"ヘレイ (0.626) | とん (0.694)"
tr_img_06817,1,0.5118,"ち丁月の (0.512)"
tr_img_06818,4,0.9224,"医療法人社団 (0.985) | 内田藤科医院 (0.784) | 内剛会 (0.996)"
tr_img_06819,20,0.9202,"エキパ地下駐車場 (0.997) | エキパ」地下停奉珣 (0.816) | 静岡中央郵便局 (1.000) | 静図中央邸局 (0.961) | 山天生引季g学知字 (0.524) | 静岡音楽館 (0.999) | 静図音館 (0.880)"
tr_img_06820,2,0.7249,"坂場 (0.636) | 月町売中原区奈月2-69: (0.814)"
tr_img_06821,7,0.9200,"OSBパワードブレミアムサウンド (0.922) | USBパワードスピーカの革命 (0.892) | 最新テクノロジーで業界をリードする (0.984) | 技術集団の新ブランド0Iās0ñicが贈る (0.896) | ハイパワープレミアムサウンド (0.997)"
tr_img_06822,7,0.7005,"電重乗 (0.710) | 寝てても貯まる (0.919) | 西 (0.519) | ポインしが (0.613) | 書車で下多する入になろろ (0.763)"
tr_img_06823,1,0.9208,"南11西8 (0.921)"
tr_img_06824,4,0.8768,"南部ルート (0.899) | 都営西国駅 (0.884) | 墨メ役所 (0.970) | 左面 (0.755)"
tr_img_06825,4,0.9193,"芝 (0.918) | 五丁日 (0.968) | 永008283道 (0.792)"
tr_img_06826,4,0.8373,"奈川会院 (0.561) | の先 (1.000) | 木場6-9-8 (0.811)"
tr_img_06827,27,0.9143,"レツクス南13西5パーキンク (0.967) | 24日 (0.939) | 60分 (1.000) | 200円 (0.998) | 平日500円/王日祝700円 (0.940) | 入庫後12時間 (0.999) | 最大 (1.000) | 最大料金 (1.000) | 繰返しあり (0.994) | 糸入庫した時点での曜日・祝日を基に最大料金が適用されます (0.965) | 人料金は後精算(出庫時)てす (0.896) | 1駐車の際には0 (0.895) | のフラツプ板が下がっているのを確認の上 (0.930) | 入庫下さい。 (0.985) | ２。出庫。精算の際に (0.935) | 2後進区てのつくり車室大入れe下さし (0.602) | ほ解除されます (0.921) | 沿庫下さい (0.538) | 重後お乗り下さい (0.796) | 氷 正アロパーッ装着車の庭車は・ご遠意下さい (0.770) | ご落意願し進します (0.778) | 札幌警備株式会社 (0.995) | 緊急時の連絡先 (0.995) | 株式会社レックスコーポレーション (0.978) | 運宮芸社 (0.889)"
tr_img_06828,5,0.8983,"カレ一総研公認 (0.939) | 煮込み (0.989) | カレー総研公認 (0.961)"
tr_img_06829,7,0.7295,"四中学受ひよル (0.710) | ひよし雪 (0.543) | 屋 (0.565) | 築幹堂 (0.575)"
tr_img_06830,3,0.9597,"無料体験 (1.000) | レッズン (0.964) | 実施中! (0.915)"
tr_img_06831,10,0.8649,"6番線ののか家 (0.758) | 総武線(名駅停革) (0.892) | 船橋・千葉方面 (0.930)"
tr_img_06832,1,0.7683,"R川乗藤井ビル (0.768)"
tr_img_06833,4,0.8145,"日本橋 (0.955) | 入町 (0.681) | 一丁目 (0.733)"
tr_img_06834,31,0.9305,"JＲ清水駅 (0.892) | マリナート (0.990) | 清水文化会館 (0.907) | JR人I天 (0.865) | 清水站 (0.993) | 人口天 (0.841) | 山 (0.892) | 市役所清水庁舎・清水区役所 (0.995) | 市役所清水庁舍清水区役所 (0.979) | 人己 (0.639) | 人口天却人卜・人口天不 (0.743) | 静鉄新清水駅 (0.989) | 静鉄新清水站 (0.988) | 山人口天 (0.738) | 人天印夫 (0.898)"
tr_img_06835,7,0.8888,"お桜上水 (0.730) | さくらじよつすい (0.902) | 上北沢 (0.976) | 下高井戸 (0.945)"
tr_img_06836,7,0.8771,"やきとり家 (0.993) | すみれ (0.996) | 笑 (1.000)"
tr_img_06837,3,0.9448,"北野 (1.000) | 四丁目 (0.983)"
tr_img_06838,4,0.8564,"5ス0 (0.710) | ブしト (0.842)"
tr_img_06839,2,0.7374,"クリーンパイツ (0.656) | 町部 (0.819)"
tr_img_06840,2,0.9684,"甘酒横丁 (0.964)"
tr_img_06841,2,0.9297,"中の島1条3丁目 (0.933)"
tr_img_06842,4,0.6963,"おを様へ願い (0.625) | 水が流れくくなっております (0.870) | 流れろすで (0.693) | レパーをあげて下すい (0.598)"
tr_img_06843,4,0.9349,"岡部 (0.945) | 中原区 (1.000) | 木月 (1.000)"
tr_img_06844,2,0.9767,"締切 (0.988)"
tr_img_06845,8,0.9010,"中央区 (1.000) | 日本商人沿町丁目 (0.687)"
tr_img_06846,62,0.8730,"Tポイント貯まります。 (0.957) | ご精算は後払い(お帰りの際)です。 (0.968) | 故障。 (0.927) | トラブル時は (1.000) | こちらまでご連絡ください (0.983) | 日i7 (0.711) | 車室番号をご確認ください。 (0.987) | 駐連場路 (0.635) | 札幌南12西6 (0.975) | 使用できません (0.981) | 車案番号と料金を確認し (0.951) | 入力して (0.963) | ださい (0.981) | を押し (0.995) | ので (0.708) | 1精算 (0.764) | アプリのグウンロードはこち (0.901) | 料金をお支払いください (0.999) | サー (0.983) | ビス券/カード (0.896) | 1000紙“ (0.996) | エカードをお持ちのお客様へ (0.926) | コイン (1.000) | 00円 (0.869) | ご精算金額に応じて (0.875) | 1ポイントが (0.995) | 貯まります (0.905) | 一PoiNt (0.729) | の説の並り (0.579) | 緊急連絡先 (0.925) | リパークコー (0.771) | ルセンター (0.930) | て出庫し (0.964) | 駐車場名 (0.967) | リパーク札親南12西6 (0.838) | つリ・領収書ば (0.872) | 下の取出口 (0.997) | から出ます (0.912) | 復払 (0.603) | 法人惠用 (0.905) | マイルが出まのます (0.896) | 圏四 (0.532) | エポイントが好まります (0.949) | 取 (0.503) | 三井のリパ一ク (0.852)"
tr_img_06847,2,0.9183,"美味しさ五ツ星 (0.976) | 北隆新幹線 (0.861)"
tr_img_06848,4,0.8124,"緑ヶ丘みんなの森入口 (0.988) | 仙川駅 (0.967) | 仙0イ (0.609) | 騒線連行図 (0.685)"
tr_img_06849,0,0.0000,""
tr_img_06850,4,0.8108,"賃貸 (0.901) | ø買う (0.534) | マネー比較 (0.914)"
tr_img_06851,3,0.8890,"やおぶし (0.777)"
tr_img_06852,2,0.9035,"対馬 (0.827)"
tr_img_06853,6,0.8237,"12月 (0.879) | おイ木み (0.847)"
tr_img_06854,16,0.9332,"クレジットカードをご利用いただナます (0.983) | の部分に挿入して下さい。 (0.986) | クレジットカード (0.999) | のクレジットカードを使用する場合 (0.948) | に入れて下さい (1.000) | 現金を先 (1.000) | 必す (0.897) | 現金と力一ドを併用する場合、 (0.964)"
tr_img_06855,1,0.8471,"中庫注意 (0.847)"
tr_img_06856,2,0.6879,"キャス (0.791)"
tr_img_06857,2,0.9949,"人形町 (0.990)"
tr_img_06858,2,0.9781,"中の島1条3丁目 (0.960)"
tr_img_06859,4,0.8594,"居酒屋 (0.922) | 太魚 (0.939) | 神理生をし (0.585) | 久 (0.991)"
tr_img_06860,10,0.9722,"北海道立文学館 (0.982) | 姜国神社 (0.865) | 伊夜日子神社 (0.911)"
tr_img_06861,11,0.9261,"鴨々川ななめ通り (0.925) | 鴨鴨川料道 (0.922) | 鴨鴨川斜道 (0.874) | すすきの (0.990) | ヘ人引上 (0.708) | 薄野 (1.000)"
tr_img_06862,2,0.7981,"電動シャッタ (0.834) | 国戸責王施 (0.762)"
tr_img_06863,2,0.7975,"テナントo! (0.603) | さつき通り (0.991)"
tr_img_06864,0,0.0000,""
tr_img_06865,2,0.9694,"中の島条2丁目 (0.977)"
tr_img_06866,4,0.8871,"港松 (0.838)"
tr_img_06867,10,0.9438,"名刹の (0.930) | 永子伏巻 (0.834) | 毎月24日年後1時より (0.969) | 本堂にて合同供養法要厳修 (0.983) | 先祖伏養若事新社 (0.741) | 電話予約司511-5917 (0.990) | 受付毎日午後1時4時 (0.998) | 豊川稲荷別院 (1.000) | 玉宝禅寺祖院: (0.995) | 開創明治31年 (0.998)"
tr_img_06868,24,0.9075,"清水魚市場・河岸の市 (0.965) | 清水亀市均 (0.748) | 河岸市瑤 (0.813) | 。フ人生OII(人メ) (0.638) | 青水テルサ (0.995) | 静図市奈部勤蒡者福祉中心 (0.952) | 清永 (0.989) | 人可天副早人 (0.800) | エスバパルスドリームプラザ (0.917)"
tr_img_06869,1,0.8287,"公園門一432 (0.829)"
tr_img_06870,2,0.7503,"で (0.655)"
tr_img_06871,12,0.9360,"東京都庁 (0.995) | 都営大江戸線都庁前駅 (0.901)"
tr_img_06872,7,0.9869,"ミビョーネ (0.993) | ミビョーナ (0.988) | 未病を治そう! (0.981) | 未病を治す (0.996) | すかながわ宣言協力店! (0.963) | 協力活動 (0.987) | 神奈川県 (1.000)"
tr_img_06873,7,0.8364,"南口剪票口 (0.944) | 南口札 (0.825) | 南口剪票口 (0.978) | 甘番 刑替子 (0.556)"
tr_img_06874,7,0.6286,"静岡市田 (0.620) | 全合巡幼場 (0.533) | 田道1号 (0.876)"
tr_img_06875,10,0.8924,"鷹匠 (1.000) | 栄町 (1.000) | 伝馬町 (1.000) | 鷹匠 (0.991) | 菊町 (0.724) | 俵弖町 (0.651) | 人Hフ卜Ol (0.585)"
tr_img_06876,1,0.5524,"祖日屋 (0.552)"
tr_img_06877,6,0.8822,"中央区 (0.959) | 日奈西町二丁目 (0.572)"
tr_img_06878,25,0.8892,"ななゼラム洗濯機 (0.833) | 洗浄 (1.000) | Aラ710 (0.889) | 泡先浄 (0.863) | 温水 (0.993) | 洗承 (0.673) | 洗濯 (0.977) | 脱水容量 (0.885) | 乾燥容量 (0.993) | 洗剤液を (0.930) | ガンコな汚れも (0.999) | あたためて洗う! (0.982) | 素早く落ちる! (0.995) | 本体 (0.997) | 幅6000 (0.915) | 奥行 (1.000) | サイズ (1.000) | (イメージ図) (0.857) | メ排水ホース含まず (0.841) | (イメーシ図) (0.841)"
tr_img_06879,0,0.0000,""
tr_img_06880,4,0.8704,"三井の (0.982) | リパク (0.790) | 入口はこちら (0.989)"
tr_img_06881,1,0.6184,"日本の画 (0.618)"
tr_img_06882,2,0.9601,"中の島1条3丁目 (0.993)"
tr_img_06883,29,0.9597,"メンズ (1.000) | アクセサリ (1.000) | シューズ (0.997) | アンダーウエア (1.000) | レデイース (0.992) | レディース (0.974) | アクセサリー (0.998) | シューズ (0.995) | キッズ (1.000) | ベビー (0.826) | キッズ90-170cm (0.952)"
tr_img_06884,3,0.6150,"中もトマトの人ふへo. (0.701) | レラューシーは (0.575) | マトひす。ニれセビ (0.569)"
tr_img_06885,10,0.9527,"出口 (0.999) | 出口 (1.000) | 善子 (0.809) | 御幸町 (1.000) | 俵弓町方面 (0.849) | 御幸町 (1.000) | 伝馬町方面 (0.989)"
tr_img_06886,2,0.8428,"世田谷区谷田ふ丁目6番子 (0.692) | 小林 (0.994)"
tr_img_06887,3,0.6963,"スタッフ (0.798) | 藤集 (0.756)"
tr_img_06888,2,0.7988,"中央区 (0.999) | 南4条西の丁 (0.599)"
tr_img_06889,4,0.8972,"中原区 (1.000)"
tr_img_06890,15,0.9199,"井川 (1.000) | 浄斉BP (0.708) | 藤枝 (1.000) | 東静岡駅 (0.999) | 消水駅 (0.833) | ター (0.888)"
tr_img_06891,1,0.7976,"三昧 (0.798)"
tr_img_06892,0,0.0000,""
tr_img_06893,2,0.9150,"中の島1条3丁巨 (0.831)"
tr_img_06894,0,0.0000,""
tr_img_06895,2,0.7344,"や山俊夫 (0.714) | ネ京郡ミ産市北野中-5一4 (0.755)"
tr_img_06896,36,0.9327,"タイムズ南12西6 (0.989) | 月金曜 (0.909) | 土日祝 (0.966) | 当日24時まで (0.985) | 500円 (0.987) | 800円 (0.997) | 60,200円 (0.913) | 60,100円 (0.901) | 60,300円 (0.931) | 60分 (0.880) | X2千円5千円 (0.699) | 1万円札使用でまます (0.981) | 駐車券の約失にはくれくれもで注意下さい。紛失された場合は当社規定の駐車料金をいたださます (0.916) | 入場の方法 (1.000) | 駐車券発行機の前で (0.996) | 停車して休さい。 (0.879) | ボタンを押して (0.972) | 駐車券をお取り (0.995) | 下さい。 (0.843) | ゲートが開き (0.999) | 入場できます。 (0.980) | マクネットなどに近つけないで下さい。 (0.947) | 駐車券は曲けたり磁気(集帯電話 (0.904) | 切責任を負いません (0.997) | 当湖は (0.701) | トラブルの際は、緊急電話にてご連絡下さいā4時間係員が対応します。 (0.935) | ご不明点はこちらまでご連紹下さい (0.968) | タイムズサービス株式会社 (0.951)"
tr_img_06897,16,0.9092,"南口 (1.000) | 大通公園・すすきの方面 (0.995) | 出口 (0.993) | 南出口 (0.999) | 南出口 (0.974) | 墨号 (0.516) | 善丁 (0.757)"
tr_img_06898,3,0.7564,""
tr_img_06899,3,0.9975,"日本橋 (0.996) | 小舟町 (1.000)"
tr_img_06900,1,0.6023,"日電一丁目 (0.602)"
tr_img_06901,5,0.7340,"日本酒 (0.773) | 清水港次郎長シリズ (0.854) | 士 (0.527)"
tr_img_06902,2,0.9967,"日本橋 (0.999)"
tr_img_06903,26,0.8997,"24円 (0.891) | ナピパーク静14È6 (0.798) | 入出庫時は口ツ (0.992) | 板が (1.000) | 下降し (0.915) | とを必ず目視でご確認下きい。 (0.976) | 昼間 (0.960) | 24時間最大料金 (1.000) | 30分毎に (0.950) | 100円 (0.993) | 夜間 (0.999) | 100円 (0.974) | 60分毎に (0.922) | 入庫後２４時間を過ぎると左記料金が加算されます。) (0.980) | ナビパークご利馬コ (0.663) | ロロック版を乗り越ラストンパーまで (0.791) | コN (0.711) | OSARISスターツクル (0.851) | ープ (0.765)"
tr_img_06904,4,0.9195,"日本橋 (0.999) | 人形町 (0.999) | 一丁目 (0.999)"
tr_img_06905,4,0.7062,"ノサイクレショップ (0.815) | 今シフン考ナかたギ服は (0.658) | き.と来年モ者ません (0.846)"
tr_img_06906,9,0.9956,"芝浦 (1.000) | 日本橋 (1.000) | 品川 (0.998) | 銀座 (1.000) | 第一京浜 (1.000)"
tr_img_06907,8,0.9519,"日本橋駅 (1.000)"
tr_img_06908,11,0.7368,"ばんん (0.559) | 貸店舗 (0.918) | ク一トロ一ン申込機 (0.646) | 名不動産 (0.840) | ミトント (0.550) | 0約5分 (0.883) | (8車込みにかか0間) (0.706) | 店 (1.000) | 店 (0.531)"
tr_img_06909,3,0.8227,"産地直送!! (0.938) | 名様 (0.983)"
tr_img_06910,4,0.9975,"東京北 (1.000) | 練馬店 (0.993)"
tr_img_06911,2,0.7197,"23区第水3一13一4 (0.597) | 大潔 (0.843)"
tr_img_06912,4,0.9912,"良雄 (0.989) | 三橋 (0.981) | 三橋土建 (0.996) | 有限会社 (0.999)"
tr_img_06913,0,0.0000,""
tr_img_06914,5,0.9365,"清水合同庁舎 (0.995)"
tr_img_06915,6,0.8553,"酒場 (1.000) | 今王 (0.533) | 立寄り (0.975)"
tr_img_06916,5,0.9221,"三鷹市 (1.000) | 北野四丁目町 (0.660)"
tr_img_06917,1,0.5171,"三店で本を買らたら (0.517)"
tr_img_06918,5,0.7020,"1成27年は (0.732) | 燃費基準十20％達成車 (0.867) | 氏トナス車 (0.614) | 下成 (0.772) | 国重交父道大臣治車 (0.525)"
tr_img_06919,3,0.7755,"プレール日本隅ミ番食 (0.671) | 中央区東日本橋3-516 (0.995)"
tr_img_06920,7,0.9488,"南14西1 (0.774) | くすり (1.000) | 化粧品 (0.989) | 日用品 (0.997) | 月9 (0.927) | ら (0.957) | 南14条店 (0.997)"
tr_img_06921,2,0.7134,"炭火鳥焼 (0.919) | 蔵島 (0.508)"
tr_img_06922,3,0.9213,"南９西 (0.889) | くすり (0.895)"
tr_img_06923,2,0.9593,"江尻東1一5 (0.942)"
tr_img_06924,2,0.9775,"こども (0.984) | 110番 (0.971)"
tr_img_06925,12,0.8762,"登品遺跡 (0.813) | 6Kい (0.759) | 日本平動物園 (0.835)"
tr_img_06926,2,0.9498,"金沢.伊勢志摩･山陰山陽 (0.902) | 東北出張女子旅 (0.998)"
tr_img_06927,0,0.0000,""
tr_img_06928,3,0.9568,"練馬総合体育館前 (0.946)"
tr_img_06929,7,0.8625,"SOTeTSし (0.660) | つてつ (0.546) | 平岸1条2丁目 (0.988)"
tr_img_06930,1,0.7623,"口焼井当 (0.762)"
tr_img_06931,4,0.8187,"や (0.587)"
tr_img_06932,4,0.9910,"中原区 (0.993) | 木月 (0.984) | 1丁目 (0.988)"
tr_img_06933,1,0.9726,"豊平区 (0.973)"
tr_img_06934,2,0.9882,"南13条西14丁目 (0.984)"
tr_img_06935,4,0.8295,"東中 (0.672) | 野 (0.987)"
tr_img_06936,16,0.9133,"小田急線 (1.000) | 小岡急袋 (0.529) | 京王井の頭線 (1.000) | 京王井之斗畿 (0.738) | 出口 (0.997) | (西口) (0.999) | 出口(西口) (0.972) | 香子(知審 善子) (0.723)"
tr_img_06937,7,0.8478,"水道杯 (0.874) | 山区 (1.000) | 人O学日卜人 (0.692) | 食反田橋 (0.848)"
tr_img_06938,1,0.5989,"督ボ18キ (0.599)"
tr_img_06939,8,0.8942,"中央区 (0.999) | 四本橋町丁目ç (0.594)"
tr_img_06940,4,0.8716,"最長 (0.998) | 口 (0.514) | 払い! (0.975)"
tr_img_06941,4,0.9543,"やきにく (0.999) | 焼 (0.843)"
tr_img_06942,0,0.0000,""
tr_img_06943,1,0.5568,"高戸や (0.557)"
tr_img_06944,4,0.7774,"赤りたたみ (0.779)"
tr_img_06945,3,0.8917,"労災 (0.950) | 交通事故 (0.966) | 各種重健康保険取我い (0.759)"
tr_img_06946,4,0.9652,"渡邉美和 (0.971) | こちら (0.999) | 渡邊美咲 (0.907) | 右のポス (0.983)"
tr_img_06947,2,0.8645,"未式会社 (0.954) | メディカャ (0.775)"
tr_img_06948,3,0.9672,"駅長室 (0.903)"
tr_img_06949,1,0.5475,"コに空た (0.547)"
tr_img_06950,6,0.9162,"8両編成 (1.000) | 号車 (0.988) | 弱 (1.000) | 冷房車 (0.996)"
tr_img_06951,31,0.9012,"さつぱろガイド) (0.806) | 北海道神宮 (1.000) | 冥斗0王 (0.586) | 北海道神宮 (0.996) | 円山公園 (0.998) | 圓山公園 (0.953) | 圓山公園 (1.000) | 世下鉄円山公園駅 (0.937) | 地鉄圓山公園站 (0.885) | 地鐵圓山公園站 (0.992) | 円山バスターミナル (0.997) | 田人印山目 (0.673) | ト早O (0.565) | 國山公共汽李冬起站 (0.796) | 圓山巴土總站 (0.923)"
tr_img_06952,6,0.8078,"台林当美 (0.520) | 受付けます (0.537) | 木場店 (0.999) | この先 (0.900) | 洲崎神社前 (0.931)"
tr_img_06953,4,0.7175,"丸ぶ (0.651) | 丸 (0.789) | 楽記念 (0.535) | 別ご奉仕会 (0.895)"
tr_img_06954,17,0.8866,"コーヒー (0.923) | カフェラテ (0.999) | EＶeァy (0.604)"
tr_img_06955,1,0.6273,""
tr_img_06956,3,0.6479,"メま式着ビキなレコスニし (0.546) | 肌走 (0.538) | (谷重) (0.860)"
tr_img_06957,2,0.9723,"南10条西目 (0.945)"
tr_img_06958,2,0.5529,"1-レ-2B0 (0.509) | テイツアウレネまで (0.597)"
tr_img_06959,4,0.9279,"屋外広告物許司 (0.960) | 桜上水 (0.977)"
tr_img_06960,12,0.8187,"川館 (0.556) | つのの (0.548) | 札阪天文合 (0.664) | あけばのリート・コミュニアイゼンタ (0.765)"
tr_img_06961,4,0.9860,"日本橋 (0.990) | 人形町 (0.995) | 二丁目 (0.961)"
tr_img_06962,0,0.0000,""
tr_img_06963,22,0.7810,"レ (0.507) | 一20 (0.625) | 0の00c6 (0.853) | ア (0.527) | ふ (0.976) | セラトボーリア (0.517) | 卜` (0.504) | ル (0.999) | 司 (0.986) | ビ (0.993) | 山岡 (0.915) | ラーメン (0.974) | とんミつ (0.586)"
tr_img_06964,5,0.7830,"と (0.517) | 久松町10-10 (0.921) | 久松小正門前 (0.897)"
tr_img_06965,4,0.8715,"日太橋 (0.836) | 人形町 (0.968) | A-イ (0.688) | 二丁目 (0.994)"
tr_img_06966,10,0.8595,"代々木四丁目 (0.993) | 五新宿案内 (0.593) | APＥス (0.558) | NTT新宿本社ビ州 (0.939) | 東京オ (0.851) | ペラシテ (0.990)"
tr_img_06967,3,0.6691,"お8ま8 (0.521)"
tr_img_06968,2,0.9812,"中の島1条3丁目 (0.963)"
tr_img_06969,11,0.9336,"墨田区内補環バス (0.853) | すみだ百景 (0.990) | すみまるくん (1.000) | きんしちょうえききたぐち (0.933) | 錦系田駅北園 (0.878) | 錦条町站北日 (0.790) | 錦系町站北口 (0.829)"
tr_img_06970,6,0.9002,"とんクつの (0.717) | 出前承り (0.920) | とんかつの (0.919) | デリバリー (0.911) | お持ち帰り専門店 (0.960)"
tr_img_06971,5,0.6670,"元科 (0.647) | 地蔵尊京 (0.704) | 地（蔵（尊前（谷さ) (0.743) | 地蔵尊餅 (0.531) | 松蔵尊煎餅 (0.711)"
tr_img_06972,3,0.7515,"小急バス (0.626) | ゴル練習場前 (0.968)"
tr_img_06973,1,0.5568,"コツモコー (0.557)"
tr_img_06974,0,0.0000,""
tr_img_06975,0,0.0000,""
tr_img_06976,3,0.9126,"手告り惣菜弁当 (0.800) | 電話011-512-3ハ32 (0.962)"
tr_img_06977,11,0.8868,"次世代高画質技術 (0.998) | 入力対応 (0.912) | ハイダイナミックレンジ (0.943) | 030ラン (0.906) | 0s30ライン (0.814) | 対応機種 (0.996) | メソフトウェアアップデートによりしtraHDブルーレイ規格のHDR信号に対応 (0.938)"
tr_img_06978,22,0.9526,"6番線 (1.000) | 新幹線 (1.000) | 名古屋･京都-新大阪方面 (0.932) | ひかり号-こだま号 (0.899) | 7番線 (0.995) | 新横浜・品川・東京方面 (0.916)"
tr_img_06979,5,0.8838,"マARTNE (0.776) | 神奈川 (0.999) | 県宅地建物取引業協会 (0.975) | 全国宅地建物取引業保証協会神奈川本部 (0.995)"
tr_img_06980,4,0.7459,"自転車置場 (0.984) | 四国NA上 (0.536) | オプ通リ歯科医院 (0.854)"
tr_img_06981,4,0.9837,"中原区 (0.999) | 木月 (0.944) | 1丁目 (0.992)"
tr_img_06982,71,0.8953,"三井のリトーク (0.748) | 札幌南 (0.943) | 2西6 (0.998) | 通常料金 (1.000) | 最大料金 (1.000) | 0で利用の際は場内約歌のル (0.883) | ルとマーをまってください (0.633) | 048時間を怒える駐車はで違成ください (0.881) | 600円 (0.999) | 全 (0.764) | 日 (0.998) | CRED町 (0.850) | 後弘 (0.695) | 300円 (0.998) | 60300円 (1.000) | 大料に (0.529) | 月木 (1.000) | 金土日祝は適用ありません。 (0.997) | キヤンペーン中 (0.953) | 100円 (0.972) | 全 (0.868) | 日 (0.999) | 夜間料金が (0.989) | お得です (1.000) | 住まいの売却購入賃貸は (0.993) | リパ一ク (0.944) | 法人専用 (0.921) | 後払 (0.910) | 駐車場用地募集中 (0.985) | ビジネスカード (0.994) | 三井のリリド氏プ (0.651) | 精算サービス (0.949) | 会員募集中!! (0.966) | 土地の有劾活用 (0.989) | 駐車場省理はお任せください。 (0.970) | メリットイ (0.701) | 現金立替不要 (1.000) | 三井不動産リアルテイ札幌株式会社 (0.998) | 経理処理の手間削減! (0.981) | メリット2 (0.959) | メリット3 (0.824) | 月ごとの (1.000) | 播請求! (0.615) | ソンダガー (0.593) | NBMカ-? (0.532) | .AMSeス! (0.599)"
tr_img_06983,4,0.7059,"クリーンビル (0.596) | さっぽらえ肌 (0.589) | カラーメン桜 (0.697)"
tr_img_06984,3,0.9105,"川崎市中原区木月 (0.907) | 高山 (0.998) | 貞一郎 (0.826)"
tr_img_06985,2,0.7852,"ご案内 (0.961)"
tr_img_06986,4,0.8492,""
tr_img_06987,5,0.8724,"宅添橋 (0.998) | 行先 (0.991) | 山01 (0.789) | 山川駅 (1.000) | おま橋 (0.585)"
tr_img_06988,1,0.9998,"休診中 (1.000)"
tr_img_06989,2,0.9321,"江言の賑わい (0.914) | 人形町通り (0.950)"
tr_img_06990,2,0.9406,"中の島１条２丁目 (0.885)"
tr_img_06991,0,0.0000,""
tr_img_06992,2,0.8193,"山0 (0.684) | 酒たばこ (0.955)"
tr_img_06993,7,0.8779,"中央 (0.954) | 日本橋火形町丁目C (0.523)"
tr_img_06994,10,0.9417,"三保 (0.999) | 清水港 (1.000) | へ (0.537)"
tr_img_06995,2,0.8723,"ミツヤ代々木 (0.758)"
tr_img_06996,4,0.8836,"地 (1.000) | 三町駅 (0.838)"
tr_img_06997,0,0.0000,""
tr_img_06998,5,0.8379,"芝五目 (0.607)"
tr_img_06999,6,0.9300,"慣れ親しんだそろばんを再び始めてみませんか？ (0.981) | 随時入会司 (0.992) | 見学-体験随時司能　新規会員募集 (0.922) | 継続講座 (0.999) | 頭の活性化で記憶力を高める (0.973) | 大人の照トしそろげん (0.713)"
tr_img_07000,0,0.0000,""
