Image_Name,Center_X,Center_Y,Width,Height,Text,Score,Translated_Text
tr_img_06004,989.8,382.8,132.5,61.5,清水日,0.6673,Shimizu Day
tr_img_06005,1530.8,365.5,2667.5,244.0,北幌市中央区中島公園1-15,0.9049,"1-15 Nakajima Park, Chuo-ku, Kitaporo City"
tr_img_06001,885.8,265.2,362.5,126.5,北給田,0.9977,Kita-suda
tr_img_06001,725.0,343.0,120.0,48.0,つきは,0.9012,The
tr_img_06001,867.2,346.8,140.5,63.5,中給,0.9481,Middle salary
tr_img_06001,958.5,353.2,60.0,43.5,田,0.9822,Rice
tr_img_06001,979.2,527.8,54.5,61.5,荻,0.9974,Ogi
tr_img_06001,1088.8,533.0,49.5,46.0,行,0.9999,line
tr_img_06001,1091.5,605.8,44.0,53.5,先,0.8827,First
tr_img_06003,1502.5,860.2,1545.0,175.5,南13条西16丁目,0.9252,Minami 13-jo Nishi 16-chome
tr_img_06007,3145.8,214.8,470.5,137.5,おさし,0.7471,Oshiki
tr_img_06007,2058.0,1486.2,3881.0,1305.5,アイス,0.9976,ice
tr_img_06010,673.0,298.2,491.0,158.5,日本橋,0.998,Nihonbashi
tr_img_06010,668.8,478.5,511.5,165.0,人形町,0.9976,Ningyocho
tr_img_06010,671.8,678.5,528.5,165.0,一丁目,0.9924,First
tr_img_06012,1379.8,515.5,1950.5,274.0,北10条東11丁目,0.9634,Kita 10-jo Higashi 11-chome
tr_img_06002,1505.8,2249.0,1433.5,318.0,カツ井とんかつ,0.9716,Katsui Tonkatsu
tr_img_06002,1477.5,3080.5,1276.0,412.0,営業中,0.9584,Open
tr_img_06013,1079.5,305.2,274.0,65.5,ザシティベルシテイ,0.8866,The City Belsity
tr_img_06013,1072.0,345.2,122.0,44.5,元住吉店,0.9981,Motosumiyoshi store
tr_img_06013,1077.5,502.5,332.0,147.0,駐輪場,0.9994,Bicycle parking
tr_img_06013,932.5,704.8,89.0,33.5,ご利用,0.9998,Use
tr_img_06009,1080.5,434.2,307.0,140.5,日本橋,0.9996,Nihonbashi
tr_img_06009,1072.5,563.2,311.0,136.5,人形町,0.9988,Ningyocho
tr_img_06009,1075.2,703.5,310.5,133.0,一丁目,0.9949,First
tr_img_06014,714.0,1129.8,843.0,260.5,さ一ま3地下街,0.7892,Saichima 3 underground town
tr_img_06014,1873.2,1626.0,188.5,76.0,水野メ市ネ,0.9097,Mizunome City
tr_img_06014,1881.5,1720.2,213.0,110.5,補聴器,0.9997,hearing aid
tr_img_06014,2219.8,2220.8,121.5,42.5,定補藤器専門),0.7627,Specializing in the Same-Personal Equipment)
tr_img_06014,2219.8,2259.2,88.5,34.5,(稲社法指定店),0.9251,(Store designated by Inasha Law)
tr_img_06011,1482.5,927.8,2965.0,665.5,暖房能力Nの,0.8088,Heating capacity N
tr_img_06011,677.2,1333.8,1305.5,97.5,国内家庭用エアコン6 3kW・71kＷクラスにおいて,0.9235,Domestic household air conditioner 6 3kW/71kW class
tr_img_06011,1836.5,1361.2,977.0,74.5,茶JIS低温時定格暖房能力MSZ-ZD63,0.9046,Tea JIS Rated heating capacity at low temperatures MSZ-ZD63
tr_img_06011,861.5,1406.2,230.0,54.5,2015年,1.0,2015
tr_img_06011,1170.2,1412.5,388.5,62.0,11月25日現在,0.9999,As of November 25th
tr_img_06011,746.5,1730.0,593.0,98.0,寒冷地仕様,0.9915,Cold region specifications
tr_img_06011,2825.8,1692.8,94.5,22.5,グイ,0.7204,Give me
tr_img_06011,2843.5,1733.5,168.0,84.0,ねえの,0.7138,Hey
tr_img_06011,1863.2,1994.0,490.5,150.0,太バ順霧ヶ峰,0.7584,Taiba Jun Kirigamine
tr_img_06011,2816.8,2145.5,413.5,86.0,テレビCM皮ゆ中!,0.7112,Television commercials are shining!
tr_img_06016,738.0,1068.2,497.0,158.5,日本橋,0.9417,Nihonbashi
tr_img_06016,738.0,1229.2,495.0,145.5,人光町,0.6801,Hitokocho
tr_img_06019,697.5,201.5,209.0,208.0,歳,0.9994,age
tr_img_06019,697.2,334.0,196.5,82.0,からの,0.9995,From
tr_img_06019,1152.5,734.0,1062.0,558.0,黒氏,0.6614,Mr. Kuro
tr_img_06019,1134.0,1510.5,672.0,169.0,まぐろとかつ,0.9788,Tuna and katsu
tr_img_06019,286.5,2013.0,141.0,94.0,タウリン,0.9776,Taurine
tr_img_06019,293.0,2117.0,166.0,111.0,ビタミンバ,0.8127,Vitamin ba
tr_img_06019,331.8,2335.8,167.5,135.5,禁合,0.6864,Forbidden
tr_img_06019,339.0,2435.2,230.0,151.5,栄養食,0.9403,Nutritional food
tr_img_06019,1939.5,2376.8,180.0,85.5,盛り付け,0.7693,Serving
tr_img_06019,378.5,2677.5,324.0,150.0,15歳から0,0.9248,15 to 0
tr_img_06019,423.8,2959.2,411.5,128.5,皮崗被毛の優康に配良,0.6606,"Dedicated to Yuyasu, a granite coat"
tr_img_06015,1685.2,840.0,2228.5,301.0,吉川内科・循環器科クリニツク,0.9258,Yoshikawa Internal Medicine and Cardiology Clinic
tr_img_06020,1673.5,455.0,877.0,144.0,水天宮前駅,0.9983,Suitengumae Station
tr_img_06020,781.2,462.0,663.5,136.0,半蔵門線,0.9995,Hanzomon Line
tr_img_06020,1579.0,1100.2,678.0,109.5,山目宮天元,0.5817,Yamamemiya Tengen
tr_img_06021,1234.5,177.2,168.0,61.5,青水区,0.8557,Qingsui Ward
tr_img_06021,1229.8,643.8,126.5,816.5,中之郷一一丁目,0.6523,Nakanogo 11-chome
tr_img_06018,1126.0,266.0,313.0,136.0,豊平区,0.9998,Toyohira Ward
tr_img_06018,1193.8,1142.0,294.5,1510.0,中の島1条3丁目1,0.7921,Nakajima 1-jo 3-chome 1
tr_img_06023,1501.2,828.5,780.5,158.0,静岡市役所,0.9989,Shizuoka City Hall
tr_img_06023,1820.2,1075.8,428.5,106.5,人天金引人,0.6573,Human-ten-monitor
tr_img_06023,1319.2,1069.5,397.5,86.0,静図市役所,0.9295,Shizuzu City Hall
tr_img_06023,1435.2,1268.0,621.5,142.0,葵区役所,0.9999,Aoi Ward Office
tr_img_06023,99.8,1379.5,114.5,118.0,館,1.0,Museum
tr_img_06023,1279.0,1512.0,322.0,88.0,葵区役所,1.0,Aoi Ward Office
tr_img_06023,1689.5,1510.5,364.0,79.0,OI30I子,0.6026,OI30I child
tr_img_06023,1358.0,1718.5,480.0,148.0,紺屋町,0.998,Konyacho
tr_img_06023,70.8,1783.0,96.5,82.0,階,1.0,Floor
tr_img_06023,1238.8,1956.2,262.5,102.5,紺屋町,0.8993,Konyacho
tr_img_06023,1366.0,2214.5,485.0,165.0,呉服町,0.9931,Kimono Town
tr_img_06023,1248.5,2461.8,271.0,120.5,臭服町,0.848,Otobuchi Town
tr_img_06023,1359.5,2687.0,485.0,165.0,七間町,0.9998,Nanama Town
tr_img_06023,1261.2,2939.0,269.5,109.0,七面町,0.8027,Shichimen Town
tr_img_06023,1633.2,2935.8,345.5,123.5,人入型禿,0.5311,Person-type bald
tr_img_06022,1473.5,962.8,1045.0,134.5,空気単口消火検,0.7525,Single-ull air fire extinguishing inspection
tr_img_06025,1610.0,655.2,1187.0,1016.5,薬,0.94,medicine
tr_img_06025,1602.2,2421.2,147.5,879.5,お目げいたします,0.5961,I'll be looking
tr_img_06026,1020.2,349.8,756.5,232.5,休診中,0.999,Closed
tr_img_06026,885.2,693.8,335.5,74.5,初診・急患,0.9947,First visit/urgent patient
tr_img_06026,1190.5,692.0,242.0,59.0,随時受付,1.0,Reception at any time
tr_img_06026,1079.2,940.8,576.5,73.5,オぶ通い歯科医院,0.7155,Obu-go Dental Clinic
tr_img_06028,1411.2,1615.2,907.5,343.5,ザ・カ,0.8559,The Ca
tr_img_06024,1565.8,1093.0,1305.5,519.0,万世町,0.9998,Mansei Town
tr_img_06030,913.8,707.5,238.5,81.0,五反田,0.9952,Gotanda
tr_img_06030,925.0,864.0,249.0,82.0,丸子橋,0.9996,Maruko Bridge
tr_img_06030,493.0,1140.5,81.0,29.0,クランイーグ川,0.6065,Claneig River
tr_img_06030,494.0,1169.2,60.0,26.5,元住吉,0.8512,Motosumiyoshi
tr_img_06027,1457.0,120.8,185.0,71.5,中原区,0.9999,Nakahara Ward
tr_img_06032,925.8,243.2,1294.5,405.5,やきとり家,0.9952,Yakitori House
tr_img_06032,842.0,581.8,1387.0,555.5,すみれ,0.9993,violet
tr_img_06035,733.5,526.5,714.0,133.0,三本京大車吉,0.5743,Sanbonkyo University
tr_img_06035,1005.5,1026.8,1165.0,160.5,新品主販売しています,0.692,New products are on sale
tr_img_06029,1557.8,1499.2,253.5,1071.5,車かまた,0.5273,Is it a car?
tr_img_06029,876.2,1464.8,725.5,281.5,出庫注意,0.9656,Caution
tr_img_06037,1107.0,878.8,1097.0,515.5,滑りくりぐ,0.7119,Sliding
tr_img_06037,754.5,1800.2,494.0,298.5,入荷,0.9415,In stock
tr_img_06037,926.2,2011.2,570.5,217.5,é半20,0.8979,é half 20
tr_img_06031,1479.0,1176.0,1776.0,228.0,中の島1条3丁目,0.9182,Nakajima 1-jo 3-chome
tr_img_06038,1003.2,931.0,179.5,58.0,コヨマ,0.5884,Coyoma
tr_img_06038,1307.2,940.8,329.5,78.5,ツつマップ,0.6848,Twisted map
tr_img_06038,1537.2,1217.8,2672.5,207.5,単テメ一デイイをはめよー,0.621,Put on one day
tr_img_06038,1551.5,1449.8,1799.0,103.5,自分好みに組み合わせて音の追求を愉しもう。,0.9955,Combine it to your liking and enjoy pursuing sound.
tr_img_06036,1222.5,197.2,1030.0,150.5,静鉄新清水駅,0.9609,Shizutetsu Shinshimizu Station
tr_img_06036,1238.0,653.2,1117.0,141.5,静岡市役所清水庁舎,0.9971,Shizuoka City Hall Shimizu Office Building
tr_img_06036,1212.0,1112.8,1108.0,172.5,清水マリンパーク,0.9949,Shimizu Marine Park
tr_img_06033,912.0,1278.8,444.0,195.5,三保,0.9976,Miho
tr_img_06033,1563.8,1288.5,566.5,179.0,清水港,0.999,Shimizu Port
tr_img_06033,1867.8,1832.0,438.5,202.0,船越,0.9967,Funakoshi
tr_img_06041,1070.2,789.0,320.5,95.0,最大料金あり,0.999,Maximum fee available
tr_img_06041,1047.2,934.2,265.5,127.5,空車,0.9474,Empty car
tr_img_06039,1272.8,1164.5,549.5,82.0,南14条西9丁目,0.9988,Minami 14jo Nishi 9-chome
tr_img_06042,1715.2,762.0,2492.5,494.0,ドりクお通レ,0.7913,A thud
tr_img_06045,574.5,1099.0,461.0,139.0,日本橋,0.9991,Nihonbashi
tr_img_06045,575.8,1264.0,463.5,136.0,人形町,0.9477,Ningyocho
tr_img_06045,561.8,1443.0,488.5,164.0,一丁目,0.9586,First
tr_img_06040,866.5,293.0,697.0,152.0,清水郵便局,0.9618,Shimizu Post Office
tr_img_06040,1860.5,300.8,484.0,132.5,清水駅西口,0.9998,Shimizu Station West Exit
tr_img_06040,1937.8,428.2,632.5,142.5,白転車等駐車場,0.9477,White car parking lot
tr_img_06040,998.8,524.5,238.5,91.0,人口天,0.9617,Population
tr_img_06040,1245.0,521.2,231.0,99.5,学利子,0.6068,Student interest
tr_img_06040,662.0,530.8,293.0,78.5,清水邸局,0.9695,Shimizu Residence Bureau
tr_img_06040,1850.8,644.2,500.5,60.5,清永站西口自行牟等存本姚,0.8094,Qingyingyang Station West Exit Jigyomu etc. are available
tr_img_06040,810.0,875.8,932.0,139.5,清水簡易裁判所,0.9876,Shimizu Summary Court
tr_img_06040,589.8,1080.5,477.5,83.0,清水簡易裁判所,0.9501,Shimizu Summary Court
tr_img_06040,1375.8,1080.5,225.5,82.0,利平企,0.7231,Rihei
tr_img_06040,997.0,1085.2,248.0,78.5,人口天,0.9351,Population
tr_img_06040,686.2,1222.2,633.5,147.5,清水税務署,0.9753,Shimizu Tax Office
tr_img_06040,536.2,1412.8,327.5,80.5,清水税局,0.9827,Shimizu Tax Bureau
tr_img_06040,866.5,1422.2,219.0,78.5,人口天,0.9725,Population
tr_img_06040,1098.5,1422.2,206.0,78.5,川早全,0.7073,Kawahayazen
tr_img_06040,1002.0,1554.5,838.0,117.0,は一とびあ清水,0.9379,Haichitobias Kiyomizu
tr_img_06040,2003.8,1690.0,174.5,90.0,人口,0.9649,population
tr_img_06040,913.2,1739.0,668.5,96.0,静市清水社会福祉会槍,0.9261,Shizuichi Shimizu Social Welfare Association
tr_img_06040,1451.2,1734.0,405.5,100.0,「Heartpia清水],0.96,"""Heartpia Shimizu"""
tr_img_06040,921.5,1869.5,620.0,118.0,観光案内所,0.9973,Tourist Information Center
tr_img_06040,1712.2,1847.5,568.5,146.0,バス案内所,0.9929,Bus information center
tr_img_06040,1836.2,2003.5,132.5,73.0,H人,0.7111,H person
tr_img_06040,784.5,2038.0,360.0,90.0,光介昭所,0.8238,Kosuke Shosho
tr_img_06040,1593.0,2025.2,335.0,97.5,巴士向滴姚,0.8312,Tomoji Dyūyao
tr_img_06043,1076.8,521.8,66.5,94.5,芝,0.9999,Grass
tr_img_06043,1082.2,630.0,199.5,83.0,五丁目,0.9987,Fifth Street
tr_img_06046,1597.0,768.5,1855.0,251.0,南13条西18T目,0.8266,Minami 13-jo West 18th
tr_img_06044,1600.0,1047.0,945.0,110.0,平岸1条1丁目,0.883,Hiragishi 1-jo 1-chome
tr_img_06047,1507.2,1417.5,1405.5,262.0,ス尾ジンギスカン,0.8283,Suo Jingisu Kan
tr_img_06047,1521.5,1627.0,513.0,125.0,北海道名物,0.9479,Hokkaido specialty
tr_img_06047,1527.8,1826.5,371.5,103.0,南1条店,0.9939,Minami 1jo Store
tr_img_06051,1312.8,948.0,102.5,204.0,中央,0.6551,Central
tr_img_06051,1256.5,1695.2,251.0,1209.5,中島会司,0.5806,Nakajima Kaiji
tr_img_06053,1287.0,1225.2,510.0,148.5,之橋北詰,0.9994,Nobashi Kitazume
tr_img_06049,944.0,1042.8,237.0,1399.5,調布市板ヶ丁丘3,0.5099,"3 Itagachooka, Chofu City"
tr_img_06049,906.2,1916.5,356.5,103.0,彭信用金庫,0.8979,Peng Shinkin Bank
tr_img_06048,907.2,1305.2,311.5,73.5,エキバパ,0.8327,Exhaustral
tr_img_06048,1759.0,1502.5,579.0,80.0,(パレシェ,0.7858,(Parechet)
tr_img_06048,1085.5,1508.5,740.0,88.0,ショッピング街,0.9239,Shopping district
tr_img_06054,1959.2,704.5,2810.5,756.0,アルカイースト,0.9994,Al-Chaisto
tr_img_06055,985.8,181.2,396.5,127.5,八幡山,0.9983,Mt. Hachiman
tr_img_06055,581.5,456.5,616.0,67.0,当駅構内施設の階層図,0.9987,A hierarchical map of facilities within our station
tr_img_06055,1348.5,553.5,194.0,52.0,男子トイレ,0.9875,Men's toilet
tr_img_06055,418.8,558.5,117.5,36.0,案内所,0.9997,Information Center
tr_img_06055,948.0,561.0,269.0,36.0,エスカレーター,0.9604,escalator
tr_img_06055,476.0,645.2,238.0,51.5,きつぷつりば,0.9447,Tick-up
tr_img_06055,1352.2,640.2,191.5,41.5,女子トイレ,0.9941,Women's Toilet
tr_img_06055,1394.0,724.2,280.0,56.5,だれでもトイレ,0.998,Anyone can use toilets
tr_img_06055,427.8,734.2,126.5,52.5,侍合室,0.8856,Samurai room
tr_img_06055,950.5,733.2,258.0,43.5,コインロッカー,0.9694,Coin lockers
tr_img_06055,1112.2,816.0,367.5,51.0,自動体外式除細動器,0.9713,Automatic external defibrillator
tr_img_06055,467.0,822.2,219.0,43.5,エレベータ,0.9749,Elevator
tr_img_06055,725.0,928.2,407.0,46.5,現在地から地上までの,0.9622,From your current location to the ground
tr_img_06055,734.2,977.8,409.5,43.5,バリアフリー主要ルート,0.9509,Main routes for barrier-free access
tr_img_06055,1397.8,1102.8,179.5,55.5,京王八壬子,0.9158,Keio Hachimiko
tr_img_06055,1497.0,1141.0,73.0,38.0,橋本,0.9525,Hashimoto
tr_img_06055,1567.2,1141.0,62.5,38.0,方面,0.9276,Area
tr_img_06055,1386.0,1143.8,150.0,44.5,高尾山口,0.9983,Takao Mountain Exit
tr_img_06055,547.8,1161.5,104.5,28.0,現在銀,0.7054,Currently silver
tr_img_06055,344.2,1180.8,151.5,35.5,ホーム階,0.9289,Home floor
tr_img_06055,1081.0,1216.2,91.0,35.5,改札階へ,0.9218,To the ticket gate floor
tr_img_06055,430.2,1499.5,78.5,41.0,新宿,0.9956,Shinjuku
tr_img_06055,497.0,1498.0,60.0,28.0,方面,0.6785,Area
tr_img_06055,1490.2,1826.0,191.5,42.0,コンコース噌,0.8894,Concourse miso
tr_img_06055,313.0,1926.5,132.0,39.0,地上出口へ,0.9842,To the ground exit
tr_img_06055,1238.8,2054.0,109.5,28.0,ホーム階へ,0.9152,Go to the home floor
tr_img_06055,807.2,2068.0,66.5,27.0,一ム,0.8017,Im
tr_img_06057,1572.0,873.0,2191.0,308.0,東ナ区ッのイ条キイ校,0.614,Ijokii School in Higashina Ward
tr_img_06052,1192.0,379.5,412.0,123.0,豊平区,0.9922,Toyohira Ward
tr_img_06052,1197.0,1740.2,306.0,2409.5,木車町8丁目2,0.6811,Kishacho 8-chome 2
tr_img_06052,1385.2,1123.0,45.5,66.0,や,0.9993,or
tr_img_06052,1380.2,1438.0,80.5,224.0,ちよう,0.8673,Let's go
tr_img_06056,977.8,1417.5,1403.5,185.0,南14条西16丁目,0.9161,Minami 14-jo Nishi 16-chome
tr_img_06058,1165.5,212.5,300.0,147.0,日本橋,0.9995,Nihonbashi
tr_img_06058,1167.0,383.0,297.0,144.0,小舟町,1.0,Kofune Town
tr_img_06062,863.2,1031.5,151.5,1054.0,奈西四川,0.5217,Nanishi Shikawa
tr_img_06063,707.0,1256.5,267.0,127.0,麺屋,0.818,Menya
tr_img_06064,344.5,260.0,240.0,38.0,ホ一ム傾斜に注意,0.9433,Be careful of the slope
tr_img_06064,347.2,388.2,512.5,46.5,車いす、べビ一力一をご利用のお客さま,0.9588,For customers using wheelchairs and Bebi Irikiichi
tr_img_06064,372.8,510.8,484.5,40.5,ホ一ムには水はけのため傾斜がごき,0.9392,The water is drained so there is a slope.
tr_img_06064,155.2,557.2,101.5,29.5,います。,0.88,I'm here.
tr_img_06064,539.5,588.8,153.0,28.5,車輪が線路,0.9764,Wheels are tracks
tr_img_06064,292.8,593.8,313.5,32.5,ホ一ムでお待ちの際は、,0.9322,"When waiting at Hoimu,"
tr_img_06064,364.5,633.0,501.0,41.0,と平行になるように停め、必ずづレ一,0.9498,Stop it parallel to the
tr_img_06064,364.0,672.0,498.0,33.0,キをおかけいただくようお願いいたし,0.9559,Please send me your message
tr_img_06064,149.8,714.0,67.5,29.0,ます。,0.9604,Masu.
tr_img_06064,535.5,826.5,168.0,26.0,十条駅長,0.921,Jujo Station Manager
tr_img_06061,654.0,2636.5,759.0,226.0,勝田台駅,0.9995,Katsutadai Station
tr_img_06061,633.0,2866.5,179.0,65.0,駐田台站,0.9366,Tsudadai Station
tr_img_06061,422.0,2874.2,176.0,67.5,勝田台站,0.9272,Katsutadai Station
tr_img_06066,1715.2,1134.0,2004.5,798.0,清水相生町,0.971,Shimizu Aioicho
tr_img_06067,532.8,443.0,188.5,46.0,日・祝・月,0.9923,"Sundays, holidays, and Mondays"
tr_img_06067,871.5,445.8,281.0,44.5,火・水・木・金,0.9975,"Tue, Wednesday, Thursday, Friday"
tr_img_06067,1267.2,448.5,44.5,35.0,土,0.6359,soil
tr_img_06067,530.8,551.2,92.5,48.5,休診,0.9997,Closed
tr_img_06067,542.0,702.2,109.0,62.5,歯科,0.9991,Dentistry
tr_img_06067,895.5,698.2,207.0,46.5,小児歯科,0.9993,Pediatric Dentistry
tr_img_06067,1281.0,694.8,195.0,50.5,燭正歯科,0.8439,Candetist
tr_img_06067,933.5,867.8,991.0,112.5,土ズ雅歯札医院,0.6278,Dozu Miyabi Cafe Clinic
tr_img_06069,1364.0,903.5,1582.0,178.0,南12条西1３丁目,0.8902,Minami 12-jo Nishi 13-chome
tr_img_06071,892.5,387.5,1203.0,149.0,渋江サッシ株式会社,0.8963,"Shibue Sash Co., Ltd."
tr_img_06068,1083.8,220.8,140.5,79.5,中原区,0.9984,Nakahara Ward
tr_img_06072,971.0,208.0,161.0,52.0,ナ,0.6419,Na
tr_img_06072,1096.2,497.2,108.5,54.5,この,1.0,this
tr_img_06072,1026.5,555.2,295.0,56.5,ニ却nしてくた,0.5934,I've been rejecting
tr_img_06072,474.8,583.5,383.5,62.0,3ロ海413円,0.5529,3 Rokai 413 yen
tr_img_06072,564.5,711.0,501.0,90.0,静岡市役所,0.9997,Shizuoka City Hall
tr_img_06072,1000.5,712.2,281.0,92.5,清水庁,0.9409,Shimizu Agency
tr_img_06072,1488.5,1141.0,124.0,535.0,地町,0.5951,Jicho
tr_img_06070,1504.0,574.5,61.0,139.0,ロ口,0.7092,Roku
tr_img_06070,1495.8,861.5,106.5,520.0,去板,0.5891,Leave the board
tr_img_06074,1762.0,1124.0,1138.0,116.0,三鷹市里予473,0.7136,"473 Satoyo, Mitaka City"
tr_img_06075,355.5,250.2,269.0,110.5,バス,0.9967,bus
tr_img_06075,554.0,304.8,154.0,94.5,を除く,0.9987,Excluding
tr_img_06075,341.2,342.8,246.5,97.5,タクシー,0.9367,taxi
tr_img_06075,1342.0,679.2,809.0,93.5,浄岡市役所消水庁舎,0.8386,Jooka City Hall Water Suppression Office
tr_img_06075,1532.2,1084.2,211.5,76.5,ホデ,0.5147,Hode
tr_img_06075,1526.0,1162.2,280.0,76.5,サシホート,0.5558,Sashihot
tr_img_06077,312.8,490.8,360.5,205.5,東北,0.9214,Tohoku
tr_img_06077,406.2,649.0,520.5,176.0,行こラ!,0.8158,Let's go!
tr_img_06077,349.2,970.8,176.5,45.5,新幹線で,0.913,On the Shinkansen
tr_img_06077,389.2,1008.8,256.5,50.5,ちよっといい旅,0.9634,A good trip
tr_img_06073,1664.0,2461.8,74.0,34.5,平区,0.8654,Hira Ward
tr_img_06073,1673.5,2745.2,75.0,539.5,4の島1条3丁目3,0.8003,4th Island 1-jo 3-chome 3
tr_img_06079,885.0,554.0,985.0,113.0,感染症防正のたみ,0.9035,Preventing infectious diseases
tr_img_06079,1746.8,567.2,557.5,113.5,石験による,0.9195,By stone test
tr_img_06079,1115.5,743.2,1447.0,126.5,手洗いを励行してください,0.9851,Please wash your hands
tr_img_06079,1231.8,1517.8,923.5,78.5,財務局管財グループノOIFice,0.8607,"OIFice, Finance Bureau Trustee Group"
tr_img_06076,1055.2,547.8,442.5,78.5,入庫後24時間以内,0.9996,Within 24 hours after arrival
tr_img_06076,1148.0,628.2,271.0,100.5,500円,0.9991,500 yen
tr_img_06076,918.0,618.5,148.0,45.0,月金,0.9999,Month and Fri
tr_img_06076,584.5,647.8,269.0,78.5,最大料金,0.9993,Maximum fee
tr_img_06076,1668.0,654.0,521.0,65.0,最大料金は入庫時点の曜日,0.9952,Maximum fee is the day of the week at the time of arrival
tr_img_06076,2002.0,663.5,148.0,45.0,祝目を,0.8194,Celebration
tr_img_06076,1184.2,720.0,322.5,88.0,1 000円,0.9124,1 000 yen
tr_img_06076,921.5,713.5,148.0,48.0,土日祝,0.9651,"Saturdays, Sundays, and holidays"
tr_img_06076,1606.5,720.0,385.0,56.0,基準に適用されます,0.9994,Applies to standards
tr_img_06076,1121.5,789.2,574.0,58.5,0最大料金は入庫時の曜目。視目により異なります。,0.9146,0The maximum fee is the day you enter the store. It depends on the view.
tr_img_06076,1638.0,802.2,423.0,52.5,最大料金は繰り返し適用となります。,0.9865,The maximum fee will be applied repeatedly.
tr_img_06076,1094.8,989.2,170.5,99.5,60分,0.9987,60 minutes
tr_img_06076,1286.8,993.8,214.5,102.5,200円,0.9998,200 yen
tr_img_06076,1997.2,1006.8,204.5,96.5,200円,0.9994,200 yen
tr_img_06076,576.5,997.2,265.0,67.5,通常料金,0.9999,Regular price
tr_img_06076,915.0,986.0,148.0,45.0,月金,0.9986,Month and Fri
tr_img_06076,1817.8,1006.8,176.5,80.5,60分!,0.7723,60 minutes!
tr_img_06076,1638.0,1003.5,151.0,48.0,月金,0.9998,Month and Fri
tr_img_06076,1096.2,1082.2,167.5,99.5,60分,0.9997,60 minutes
tr_img_06076,1288.2,1084.0,210.5,96.0,300円,0.9998,300 yen
tr_img_06076,1806.5,1092.8,164.0,99.5,60分,0.9883,60 minutes
tr_img_06076,913.5,1079.2,151.0,45.5,土日祝,0.9314,"Saturdays, Sundays, and holidays"
tr_img_06076,2008.0,1100.2,182.0,95.5,100円,0.9999,100 yen
tr_img_06076,1636.2,1092.0,135.5,45.0,土日祝,0.9565,"Saturdays, Sundays, and holidays"
tr_img_06076,704.2,1206.2,658.5,48.5,太０ご利用の際は、場内の約款看板をご確認ください。,0.9226,"When using Tai0, please check the terms and conditions signs inside the venue."
tr_img_06076,1423.8,1214.5,195.5,39.0,リパークコ一ルセンタ,0.693,Repark Coichi Lucenta
tr_img_06076,1112.0,1338.8,367.0,101.5,三井のリパーク,0.9056,Mitsui's Repark
tr_img_06076,579.5,1335.5,422.0,42.0,三井不動産リアルテイ札幌株式会社,0.9444,"Mitsui Fudosan Realté Sapporo Co., Ltd."
tr_img_06076,1562.5,1346.5,208.0,71.0,札院帝14西6,0.6821,Sapporo Emperor 14 West 6
tr_img_06076,1392.2,1341.8,94.5,35.5,駐連場名,0.9151,Parking name
tr_img_06076,1897.8,1515.8,223.5,35.5,住まいの売却,0.9978,Selling your home
tr_img_06076,2072.8,1515.8,113.5,35.5,購入は,1.0,Purchase
tr_img_06076,699.2,1528.5,302.5,42.0,法人専用カ一ドで,0.9307,With a corporate-only card
tr_img_06076,1363.8,1544.8,422.5,61.5,駐車場用地募集中,0.9882,We are looking for parking lots
tr_img_06076,707.2,1565.5,324.5,45.0,キャッシュレス精算,0.9894,Cashless settlement
tr_img_06076,1318.2,1622.2,570.5,48.5,土地の有効活用駐車場管理はお任せください,0.9919,"Leave the management of parking lots to us, effective use of land"
tr_img_06076,1959.2,1660.8,371.5,54.5,ミ井のリハウス,0.8397,Mii's Rehouse
tr_img_06076,1315.0,1673.5,501.0,42.0,井不動産リアルテイ札幌株式会社,0.9813,"I Fudosan Realté Sapporo Co., Ltd."
tr_img_06076,647.2,1718.8,488.5,48.5,歩郡0120-201-321,0.8584,Ayumu District 0120-201-321
tr_img_06076,1313.5,1759.0,416.0,32.0,太故障等の連絡先ではの6ません人,0.792,6 people who are not in contact with the contact information for severe breakdowns etc.
tr_img_06076,650.5,1765.5,432.0,39.0,太故障等の連絡先ではありません公,0.9327,"This is not a contact information for severe breakdowns, etc."
tr_img_06081,1508.8,704.0,467.5,230.0,置番号,1.0,Place number
tr_img_06081,947.2,685.0,487.5,190.0,駐車位,0.971,Parking position
tr_img_06081,1196.8,2039.5,1268.5,175.0,使用方法,0.9707,How to use
tr_img_06081,543.0,2228.8,629.0,104.5,1駐車のとき,0.9785,1 When parking
tr_img_06081,1250.0,2390.8,1573.0,133.5,白線内の中央に駐車してください。,0.985,Please park in the center of the white line.
tr_img_06081,723.2,2537.2,550.5,97.5,一定時間後,0.9999,A certain amount of time later
tr_img_06081,1601.0,2543.8,1045.0,117.5,ロック板が上がります。,0.9348,The lock board rises.
tr_img_06081,586.2,2701.2,767.5,104.5,2。お帰りのとき,0.8998,2. When you go home
tr_img_06081,1064.8,2855.5,1221.5,98.0,精算機で料金を支払った後,0.9672,After paying the fee at the checkout machine
tr_img_06078,1568.5,713.8,1299.0,384.5,つM25,0.6776,M25
tr_img_06078,1553.0,1098.5,1221.0,327.0,久の対応,0.7139,Long-time response
tr_img_06078,1778.2,1393.2,1018.5,113.5,の粒子を99％キャツチ系,0.9674,99% catheter-based particles
tr_img_06078,1542.0,1517.5,1585.0,91.0,換気等による屋外からの新たな粒子の侵入は考慮しておりません。,0.9991,"We do not consider the invasion of new particles from outdoors due to ventilation, etc."
tr_img_06078,1255.2,1628.5,1232.5,62.0,øＰＮ２らとは２5üñ以下の微小粒子犬物質の総称です。「,0.8288,"øPN2 et al. are a general term for microparticle dog substances of 25 üñ or less. """
tr_img_06078,2153.0,1641.5,609.0,62.0,この空気清浄機では01ú,0.8547,This air purifier is 01ú
tr_img_06078,1537.0,1776.8,1084.0,61.5,有害物質のすべてを除去できるものではありません,0.9681,It cannot remove all harmful substances
tr_img_06078,1543.5,1849.2,1588.0,84.5,ø32ñ(約8畳)の密閉空間での効果であり実使用空間での結果ではありません。,0.9587,This is the effect in a closed space of ø32ñ (approximately 8 tatami mats) and not in a real-use space.
tr_img_06078,1297.8,1976.5,806.5,42.0,彩議方法・昌本電機工業会親格昌仙尊無),0.5429,Saying Method - Masamoto Electric Manufacturers Association's Friendly Shosen-son (Not available)
tr_img_06078,1951.5,1987.8,464.0,52.5,判定基準：01〜25umの,0.8961,Criteria: 01-25um
tr_img_06078,1534.0,2039.2,1160.0,64.5,微小粒子状物質を32前(約8畳)の密閉空間で99％際去する時間が,0.9115,99% of the time it takes to leave microparticulate matter in a closed space of 32 (approximately 8 tatami mats)
tr_img_06078,1530.8,2100.2,863.5,58.5,90分以内であること。(32(約8畳)の試験空間に,0.9378,Must be within 90 minutes. (32 (approx. 8 tatami) test space
tr_img_06078,1535.5,2157.0,300.0,49.0,換算した値です。,0.9644,This is the converted value.
tr_img_06082,217.0,1222.8,86.0,47.5,十条,0.8557,Juku
tr_img_06082,218.5,1278.5,86.0,47.0,李丞,0.6964,Li Sung
tr_img_06083,667.0,487.5,397.0,179.0,成城,0.9732,Seijo
tr_img_06083,668.0,706.8,384.0,179.5,六丁目,0.9971,Sixth Street
tr_img_06080,2311.0,180.5,1108.0,252.0,大呼き札幌,0.6217,Daiko Sapporo
tr_img_06080,107.2,1262.0,197.5,46.0,断駐車禁止,0.8498,No parking allowed
tr_img_06080,107.5,1541.5,215.0,51.0,断駐車管理受託会社,0.961,Parking management contracting company
tr_img_06080,2701.8,2301.8,237.5,1021.5,けんげち,0.5702,Ahhh
tr_img_06080,2259.5,3005.2,1023.0,105.5,中川賢一事務所連絡所,1.0,Nakagawa Kenichi Office Liaison Office
tr_img_06085,383.8,830.8,286.5,162.5,車検,0.9842,vehicle inspection
tr_img_06085,782.5,839.8,333.0,166.5,点検,0.824,Inspection
tr_img_06085,597.8,1074.0,698.5,171.0,オイル交揆,0.9486,Oil Crime
tr_img_06085,600.5,1308.0,717.0,205.0,板金・塗装,0.9863,Sheet metal and painting
tr_img_06084,1552.8,1507.8,1972.5,479.5,やきとり家,0.9919,Yakitori House
tr_img_06084,1381.0,2005.5,1988.0,726.0,すみれ,0.9867,violet
tr_img_06084,2585.8,2076.8,197.5,239.5,笑,0.9996,lol
tr_img_06088,963.8,521.5,169.5,43.0,たがや,0.6199,But
tr_img_06088,953.2,573.8,281.5,104.5,世由谷区,0.9595,Seyuya Ward
tr_img_06086,716.0,169.2,478.0,183.5,日本橋,0.9998,Nihonbashi
tr_img_06086,713.2,337.2,499.5,180.5,人形町,0.9992,Ningyocho
tr_img_06086,720.0,530.0,487.0,196.0,二丁目,0.9603,Second Street
tr_img_06089,877.0,401.0,243.0,141.0,日本橋,0.9992,Nihonbashi
tr_img_06089,874.0,514.8,220.0,128.5,人形町,0.9982,Ningyocho
tr_img_06089,900.5,638.2,169.0,122.5,丁目,0.9979,Street
tr_img_06087,1548.2,881.0,1399.5,213.0,平岸条2丁目,0.9483,Hiragishijo 2-chome
tr_img_06092,1072.8,804.8,1414.5,666.5,2次会,0.9967,After-party
tr_img_06092,1101.8,1702.5,1335.5,332.0,若板見には,0.7774,For young ones
tr_img_06092,1484.0,1926.2,217.0,154.5,で,0.5938,in
tr_img_06092,465.5,2321.8,485.0,219.5,ちんと,0.7009,Chin
tr_img_06092,971.2,2583.0,1137.5,321.0,年2000,0.9291,Year 2000
tr_img_06094,1643.0,1436.5,684.0,309.0,川根本町,1.0,Kawanemoto Town
tr_img_06094,1140.0,1739.2,450.0,267.5,浜松,0.9991,Hamamatsu
tr_img_06094,2124.2,1980.5,412.5,244.0,沼津,0.9937,Numazu
tr_img_06094,1131.2,2098.2,466.5,278.5,藤枝,0.9992,Fujieda
tr_img_06094,2130.5,2320.5,415.0,250.0,富士,0.988,Fuji
tr_img_06094,1617.0,2549.2,508.0,206.5,静清ＢＰ,0.9883,Shizuki BP
tr_img_06094,1628.0,3080.8,875.0,297.5,この先200ｍ,0.9744,200m ahead
tr_img_06091,1066.2,1332.5,212.5,57.0,豊平区,0.9957,Toyohira Ward
tr_img_06091,1056.8,2343.8,168.5,1311.5,富1条2丁ニ2,0.5558,Tomi 1jo 2choni 2
tr_img_06096,1204.8,394.5,305.5,42.0,環環にやさ,0.8629,Easy to use ring ring
tr_img_06096,1360.8,433.5,637.5,82.0,L巨Dを使用しています,0.8595,I use L large D
tr_img_06096,1477.5,1409.5,1010.0,218.0,御茶ノ水,0.5813,Ochanomizu
tr_img_06095,1066.5,879.0,303.0,88.0,豊平区,0.9989,Toyohira Ward
tr_img_06095,1056.8,1989.0,206.5,1982.0,中の島1条2丁目4,0.7682,Nakajima 1-jo 2-chome 4
tr_img_06095,1209.8,1091.5,61.5,148.0,なか,0.6157,inside
tr_img_06095,1206.5,1513.5,70.0,151.0,ま,0.908,Ma
tr_img_06097,1122.2,317.8,1600.5,374.5,国1七ツ新屋,0.976,Kuni 17 Tsu Shinya
tr_img_06097,1111.5,733.5,1612.0,412.0,交差点南東,0.9966,Southeast of the intersection
tr_img_06097,792.5,1651.2,607.0,193.5,こニは,0.7614,This is
tr_img_06097,1230.2,1969.2,1031.5,389.5,島崎町,0.8782,Shimazakicho
tr_img_06099,2035.0,1366.0,1384.0,217.0,ネクステッブ,0.9658,Next Teb
tr_img_06099,3679.2,1479.8,187.5,92.5,時間,0.9918,time
tr_img_06099,2328.8,1583.0,1609.5,203.0,西ミパーキシグ,0.8511,West Miper XIG
tr_img_06099,3557.5,1617.2,464.0,160.5,時間貸,0.8527,Time lending
tr_img_06099,515.2,2145.8,716.5,305.5,30分/,0.8911,half an hour/
tr_img_06099,1476.2,2195.0,961.5,352.0,100円,0.9078,100 yen
tr_img_06099,2457.0,2164.8,659.0,278.5,60分,0.9997,60 minutes
tr_img_06099,3374.5,2227.2,962.0,399.5,100円,0.9842,100 yen
tr_img_06093,2011.8,1050.2,2491.5,318.5,中島ム園キャラリー,0.8748,Nakajima Muen Character
tr_img_06100,107.2,2690.0,182.5,151.0,得!,0.9939,Great deal!
