Image,Total_Boxes,Retained_Boxes,Average_Confidence,GT_Count,OCR_JP_Count,Matched_Count,Precision,Recall,F1
tr_img_06001,10,8,0.9883,21,8,2,0.2500,0.0952,0.1379
tr_img_06002,3,2,0.9715,5,2,1,0.5000,0.2000,0.2857
tr_img_06003,2,1,0.9741,1,1,1,1.0000,1.0000,1.0000
tr_img_06004,4,1,0.9931,3,1,1,1.0000,0.3333,0.5000
tr_img_06005,1,1,0.8164,1,1,0,0.0000,0.0000,0.0000
tr_img_06006,3,0,0.0000,46,0,0,0.0000,0.0000,0.0000
tr_img_06007,3,0,0.0000,3,0,0,0.0000,0.0000,0.0000
tr_img_06008,0,0,0.0000,1,0,0,0.0000,0.0000,0.0000
tr_img_06009,4,3,0.9993,3,3,3,1.0000,1.0000,1.0000
tr_img_06010,4,3,0.9992,3,3,3,1.0000,1.0000,1.0000
tr_img_06011,11,7,0.8912,7,7,1,0.1429,0.1429,0.1429
tr_img_06012,3,1,0.9896,1,1,1,1.0000,1.0000,1.0000
tr_img_06013,9,4,0.9765,6,4,1,0.2500,0.1667,0.2000
tr_img_06014,10,4,0.8964,19,4,1,0.2500,0.0526,0.0870
tr_img_06015,1,1,0.9291,3,1,1,1.0000,0.3333,0.5000
tr_img_06016,4,3,0.8782,3,3,3,1.0000,1.0000,1.0000
tr_img_06017,0,0,0.0000,1,0,0,0.0000,0.0000,0.0000
tr_img_06018,4,2,0.9154,4,2,2,1.0000,0.5000,0.6667
tr_img_06019,19,8,0.9691,15,8,2,0.2500,0.1333,0.1739
tr_img_06020,17,3,0.9028,2,3,1,0.3333,0.5000,0.4000
tr_img_06021,5,2,0.8907,5,2,1,0.5000,0.2000,0.2857
tr_img_06022,1,1,0.9555,1,1,0,0.0000,0.0000,0.0000
tr_img_06023,26,12,0.9855,11,12,11,0.9167,1.0000,0.9565
tr_img_06024,2,1,0.9998,1,1,1,1.0000,1.0000,1.0000
tr_img_06025,4,2,0.8701,4,2,1,0.5000,0.2500,0.3333
tr_img_06026,8,4,0.9648,4,4,2,0.5000,0.5000,0.5000
tr_img_06027,4,1,0.9999,2,1,1,1.0000,0.5000,0.6667
tr_img_06028,3,0,0.0000,2,0,0,0.0000,0.0000,0.0000
tr_img_06029,2,1,0.9996,2,1,1,1.0000,0.5000,0.6667
tr_img_06030,8,3,0.9611,6,3,4,1.3333,0.6667,0.8889
tr_img_06031,2,1,0.9233,1,1,1,1.0000,1.0000,1.0000
tr_img_06032,3,1,0.9928,3,1,1,1.0000,0.3333,0.5000
tr_img_06033,9,3,0.9989,2,3,1,0.3333,0.5000,0.4000
tr_img_06034,0,0,0.0000,1,0,0,0.0000,0.0000,0.0000
tr_img_06035,5,2,0.9011,4,2,0,0.0000,0.0000,0.0000
tr_img_06036,20,3,0.9721,3,3,2,0.6667,0.6667,0.6667
tr_img_06037,5,2,0.8475,6,2,1,0.5000,0.1667,0.2500
tr_img_06038,4,1,0.9807,5,1,1,1.0000,0.2000,0.3333
tr_img_06039,2,1,0.9591,1,1,1,1.0000,1.0000,1.0000
tr_img_06040,47,22,0.9280,15,22,7,0.3182,0.4667,0.3784
tr_img_06041,3,1,0.9986,2,1,1,1.0000,0.5000,0.6667
tr_img_06042,1,1,0.7843,3,1,0,0.0000,0.0000,0.0000
tr_img_06043,5,2,0.9997,5,2,2,1.0000,0.4000,0.5714
tr_img_06044,2,1,0.9994,1,1,0,0.0000,0.0000,0.0000
tr_img_06045,4,3,0.9917,3,3,2,0.6667,0.6667,0.6667
tr_img_06046,2,1,0.8075,1,1,0,0.0000,0.0000,0.0000
tr_img_06047,3,3,0.8975,4,3,1,0.3333,0.2500,0.2857
tr_img_06048,5,1,0.9730,3,1,0,0.0000,0.0000,0.0000
tr_img_06049,2,1,0.9999,4,1,1,1.0000,0.2500,0.4000
tr_img_06050,1,0,0.0000,2,0,0,0.0000,0.0000,0.0000
tr_img_06051,2,1,0.7219,2,1,0,0.0000,0.0000,0.0000
tr_img_06052,3,2,0.9059,5,2,1,0.5000,0.2000,0.2857
tr_img_06053,4,1,0.9992,1,1,0,0.0000,0.0000,0.0000
tr_img_06054,2,0,0.0000,46,0,0,0.0000,0.0000,0.0000
tr_img_06055,52,24,0.9859,27,24,12,0.5000,0.4444,0.4706
tr_img_06056,2,1,0.9366,1,1,1,1.0000,1.0000,1.0000
tr_img_06057,1,0,0.0000,1,0,0,0.0000,0.0000,0.0000
tr_img_06058,3,2,0.9963,2,2,2,1.0000,1.0000,1.0000
tr_img_06059,0,0,0.0000,3,0,0,0.0000,0.0000,0.0000
tr_img_06060,1,0,0.0000,1,0,0,0.0000,0.0000,0.0000
tr_img_06061,5,3,0.9767,4,3,0,0.0000,0.0000,0.0000
tr_img_06062,4,1,0.9999,2,1,1,1.0000,0.5000,0.6667
tr_img_06063,3,1,0.9961,3,1,1,1.0000,0.3333,0.5000
tr_img_06064,11,9,0.9567,9,9,2,0.2222,0.2222,0.2222
tr_img_06065,0,0,0.0000,2,0,0,0.0000,0.0000,0.0000
tr_img_06066,3,1,0.9709,1,1,1,1.0000,1.0000,1.0000
tr_img_06067,19,8,0.9140,8,8,4,0.5000,0.5000,0.5000
tr_img_06068,6,1,0.9999,2,1,1,1.0000,0.5000,0.6667
tr_img_06069,2,1,0.8558,1,1,0,0.0000,0.0000,0.0000
tr_img_06070,1,0,0.0000,1,0,0,0.0000,0.0000,0.0000
tr_img_06071,1,1,0.9265,1,1,0,0.0000,0.0000,0.0000
tr_img_06072,16,5,0.8617,5,5,0,0.0000,0.0000,0.0000
tr_img_06073,1,1,0.7292,4,1,0,0.0000,0.0000,0.0000
tr_img_06074,1,1,0.7670,3,1,0,0.0000,0.0000,0.0000
tr_img_06075,11,2,0.9008,6,2,1,0.5000,0.1667,0.2500
tr_img_06076,61,44,0.9769,48,44,14,0.3182,0.2917,0.3043
tr_img_06077,5,4,0.9141,4,4,0,0.0000,0.0000,0.0000
tr_img_06078,16,13,0.9723,11,13,4,0.3077,0.3636,0.3333
tr_img_06079,19,4,0.9566,3,4,0,0.0000,0.0000,0.0000
tr_img_06080,6,4,0.9200,30,4,2,0.5000,0.0667,0.1176
tr_img_06081,9,9,0.9739,9,9,5,0.5556,0.5556,0.5556
tr_img_06082,6,1,0.7518,2,1,0,0.0000,0.0000,0.0000
tr_img_06083,3,2,0.9954,2,2,2,1.0000,1.0000,1.0000
tr_img_06084,6,2,0.9965,3,2,2,1.0000,0.6667,0.8000
tr_img_06085,8,4,0.9786,5,4,1,0.2500,0.2000,0.2222
tr_img_06086,4,3,0.9985,3,3,3,1.0000,1.0000,1.0000
tr_img_06087,2,1,0.9079,1,1,0,0.0000,0.0000,0.0000
tr_img_06088,4,1,0.9018,8,1,1,1.0000,0.1250,0.2222
tr_img_06089,4,3,0.9694,3,3,3,1.0000,1.0000,1.0000
tr_img_06090,0,0,0.0000,1,0,0,0.0000,0.0000,0.0000
tr_img_06091,2,1,0.9988,4,1,1,1.0000,0.2500,0.4000
tr_img_06092,9,2,0.8504,12,2,1,0.5000,0.0833,0.1429
tr_img_06093,4,1,0.8271,3,1,0,0.0000,0.0000,0.0000
tr_img_06094,15,7,0.9930,7,7,5,0.7143,0.7143,0.7143
tr_img_06095,3,2,0.8760,4,2,2,1.0000,0.5000,0.6667
tr_img_06096,6,3,0.9268,2,3,1,0.3333,0.5000,0.4000
tr_img_06097,6,4,0.9108,5,4,3,0.7500,0.6000,0.6667
tr_img_06098,0,0,0.0000,2,0,0,0.0000,0.0000,0.0000
tr_img_06099,13,7,0.9675,8,7,5,0.7143,0.6250,0.6667
tr_img_06100,1,1,0.9982,5,1,1,1.0000,0.2000,0.3333
tr_img_06101,4,2,0.9987,2,2,2,1.0000,1.0000,1.0000
tr_img_06102,3,2,0.9021,4,2,1,0.5000,0.2500,0.3333
tr_img_06103,2,1,0.9983,2,1,0,0.0000,0.0000,0.0000
tr_img_06104,12,10,0.9569,11,10,6,0.6000,0.5455,0.5714
tr_img_06105,5,3,0.9980,3,3,3,1.0000,1.0000,1.0000
tr_img_06106,4,3,0.9941,5,3,3,1.0000,0.6000,0.7500
tr_img_06107,2,1,0.9936,2,1,1,1.0000,0.5000,0.6667
tr_img_06108,2,2,0.9275,2,2,1,0.5000,0.5000,0.5000
tr_img_06109,1,0,0.0000,1,0,0,0.0000,0.0000,0.0000
tr_img_06110,17,5,0.9183,3,5,1,0.2000,0.3333,0.2500
tr_img_06111,11,0,0.0000,2,0,0,0.0000,0.0000,0.0000
tr_img_06112,3,3,0.8704,3,3,1,0.3333,0.3333,0.3333
tr_img_06113,6,3,0.8316,6,3,1,0.3333,0.1667,0.2222
tr_img_06114,4,1,0.9321,1,1,1,1.0000,1.0000,1.0000
tr_img_06115,2,1,0.7906,4,1,0,0.0000,0.0000,0.0000
tr_img_06116,28,11,0.9782,10,11,8,0.7273,0.8000,0.7619
tr_img_06117,15,10,0.9212,13,10,6,0.6000,0.4615,0.5217
tr_img_06118,2,1,0.9905,1,1,0,0.0000,0.0000,0.0000
tr_img_06119,0,0,0.0000,1,0,0,0.0000,0.0000,0.0000
tr_img_06120,1,0,0.0000,1,0,0,0.0000,0.0000,0.0000
tr_img_06121,1,1,0.9834,1,1,1,1.0000,1.0000,1.0000
tr_img_06122,1,1,0.9999,2,1,1,1.0000,0.5000,0.6667
tr_img_06123,2,0,0.0000,1,0,0,0.0000,0.0000,0.0000
tr_img_06124,7,3,0.9941,8,3,2,0.6667,0.2500,0.3636
tr_img_06125,4,2,0.9471,3,2,0,0.0000,0.0000,0.0000
tr_img_06126,10,5,0.9227,13,5,6,1.2000,0.4615,0.6667
tr_img_06127,0,0,0.0000,4,0,0,0.0000,0.0000,0.0000
tr_img_06128,7,3,0.8343,7,3,0,0.0000,0.0000,0.0000
tr_img_06129,3,0,0.0000,2,0,0,0.0000,0.0000,0.0000
tr_img_06130,27,13,0.9864,21,13,8,0.6154,0.3810,0.4706
tr_img_06131,21,10,0.9761,9,10,5,0.5000,0.5556,0.5263
tr_img_06132,4,3,0.9979,3,3,2,0.6667,0.6667,0.6667
tr_img_06133,2,1,0.8325,1,1,1,1.0000,1.0000,1.0000
tr_img_06134,2,1,1.0000,1,1,1,1.0000,1.0000,1.0000
tr_img_06135,35,11,0.9217,11,11,2,0.1818,0.1818,0.1818
tr_img_06136,2,1,0.9275,1,1,1,1.0000,1.0000,1.0000
tr_img_06137,2,1,0.8945,2,1,1,1.0000,0.5000,0.6667
tr_img_06138,4,3,0.9973,3,3,3,1.0000,1.0000,1.0000
tr_img_06139,5,2,0.9977,4,2,2,1.0000,0.5000,0.6667
tr_img_06140,2,1,0.9752,1,1,1,1.0000,1.0000,1.0000
tr_img_06141,2,2,0.8227,4,2,0,0.0000,0.0000,0.0000
tr_img_06142,6,2,0.9882,5,2,1,0.5000,0.2000,0.2857
tr_img_06143,2,1,0.9014,1,1,0,0.0000,0.0000,0.0000
tr_img_06144,1,0,0.0000,0,0,0,0.0000,0.0000,0.0000
tr_img_06145,4,2,0.9234,4,2,2,1.0000,0.5000,0.6667
tr_img_06146,2,1,0.7134,2,1,0,0.0000,0.0000,0.0000
tr_img_06147,1,1,0.9583,2,1,1,1.0000,0.5000,0.6667
tr_img_06148,2,1,0.9891,7,1,1,1.0000,0.1429,0.2500
tr_img_06149,4,3,0.9972,3,3,3,1.0000,1.0000,1.0000
tr_img_06150,1,1,0.9213,1,1,0,0.0000,0.0000,0.0000
tr_img_06151,1,0,0.0000,1,0,0,0.0000,0.0000,0.0000
tr_img_06152,2,1,0.9832,1,1,1,1.0000,1.0000,1.0000
tr_img_06153,9,4,0.9948,4,4,4,1.0000,1.0000,1.0000
tr_img_06154,2,0,0.0000,2,0,0,0.0000,0.0000,0.0000
tr_img_06155,2,2,0.9437,2,2,1,0.5000,0.5000,0.5000
tr_img_06156,4,1,0.9448,10,1,0,0.0000,0.0000,0.0000
tr_img_06157,2,1,0.9797,1,1,1,1.0000,1.0000,1.0000
tr_img_06158,0,0,0.0000,4,0,0,0.0000,0.0000,0.0000
tr_img_06159,12,11,0.9702,9,11,4,0.3636,0.4444,0.4000
tr_img_06160,0,0,0.0000,1,0,0,0.0000,0.0000,0.0000
tr_img_06161,0,0,0.0000,2,0,0,0.0000,0.0000,0.0000
tr_img_06162,6,4,0.9013,16,4,1,0.2500,0.0625,0.1000
tr_img_06163,3,1,0.9968,7,1,1,1.0000,0.1429,0.2500
tr_img_06164,14,7,0.9447,9,7,2,0.2857,0.2222,0.2500
tr_img_06165,17,4,0.9038,44,4,1,0.2500,0.0227,0.0417
tr_img_06166,1,1,0.8064,1,1,0,0.0000,0.0000,0.0000
tr_img_06167,16,6,0.9919,5,6,5,0.8333,1.0000,0.9091
tr_img_06168,4,2,0.7786,3,2,1,0.5000,0.3333,0.4000
tr_img_06169,3,1,0.9918,2,1,0,0.0000,0.0000,0.0000
tr_img_06170,32,21,0.9515,26,21,8,0.3810,0.3077,0.3404
tr_img_06171,9,3,0.9981,4,3,3,1.0000,0.7500,0.8571
tr_img_06172,2,1,0.9975,1,1,1,1.0000,1.0000,1.0000
tr_img_06173,6,2,0.8605,9,2,1,0.5000,0.1111,0.1818
tr_img_06174,1,0,0.0000,9,0,0,0.0000,0.0000,0.0000
tr_img_06175,0,0,0.0000,2,0,0,0.0000,0.0000,0.0000
tr_img_06176,9,4,0.9429,4,4,3,0.7500,0.7500,0.7500
tr_img_06177,4,3,0.9921,3,3,3,1.0000,1.0000,1.0000
tr_img_06178,4,3,0.9976,3,3,3,1.0000,1.0000,1.0000
tr_img_06179,8,1,0.9965,2,1,1,1.0000,0.5000,0.6667
tr_img_06180,9,3,0.9794,7,3,0,0.0000,0.0000,0.0000
tr_img_06181,10,2,0.8698,2,2,0,0.0000,0.0000,0.0000
tr_img_06182,16,3,0.9442,8,3,1,0.3333,0.1250,0.1818
tr_img_06183,8,2,0.9993,2,2,2,1.0000,1.0000,1.0000
tr_img_06184,2,1,0.9454,1,1,0,0.0000,0.0000,0.0000
tr_img_06185,82,34,0.9060,46,34,19,0.5588,0.4130,0.4750
tr_img_06186,0,0,0.0000,2,0,0,0.0000,0.0000,0.0000
tr_img_06187,10,3,0.9644,6,3,1,0.3333,0.1667,0.2222
tr_img_06188,5,3,0.9098,3,3,2,0.6667,0.6667,0.6667
tr_img_06189,3,2,0.8921,1,2,1,0.5000,1.0000,0.6667
tr_img_06190,31,20,0.9644,19,20,8,0.4000,0.4211,0.4103
tr_img_06191,6,0,0.0000,8,0,0,0.0000,0.0000,0.0000
tr_img_06192,5,1,0.9999,3,1,1,1.0000,0.3333,0.5000
tr_img_06193,0,0,0.0000,1,0,0,0.0000,0.0000,0.0000
tr_img_06194,4,1,0.8688,1,1,0,0.0000,0.0000,0.0000
tr_img_06195,4,3,0.9834,3,3,3,1.0000,1.0000,1.0000
tr_img_06196,6,2,0.9423,5,2,1,0.5000,0.2000,0.2857
tr_img_06197,9,8,0.9533,14,8,1,0.1250,0.0714,0.0909
tr_img_06198,19,4,0.9360,5,4,1,0.2500,0.2000,0.2222
tr_img_06199,15,4,0.8946,23,4,3,0.7500,0.1304,0.2222
tr_img_06200,2,1,0.9999,8,1,1,1.0000,0.1250,0.2222
tr_img_06201,1,1,0.7957,1,1,0,0.0000,0.0000,0.0000
tr_img_06202,4,4,0.9572,3,4,1,0.2500,0.3333,0.2857
tr_img_06203,1,0,0.0000,2,0,0,0.0000,0.0000,0.0000
tr_img_06204,11,8,0.8442,10,8,2,0.2500,0.2000,0.2222
tr_img_06205,1,0,0.0000,6,0,0,0.0000,0.0000,0.0000
tr_img_06206,10,8,0.9822,10,8,4,0.5000,0.4000,0.4444
tr_img_06207,7,4,0.8687,17,4,0,0.0000,0.0000,0.0000
tr_img_06208,3,1,0.9996,2,1,1,1.0000,0.5000,0.6667
tr_img_06209,46,14,0.9627,12,14,9,0.6429,0.7500,0.6923
tr_img_06210,5,0,0.0000,2,0,0,0.0000,0.0000,0.0000
tr_img_06211,25,21,0.9305,18,21,7,0.3333,0.3889,0.3590
tr_img_06212,2,1,0.8765,1,1,0,0.0000,0.0000,0.0000
tr_img_06213,25,16,0.9366,15,16,6,0.3750,0.4000,0.3871
tr_img_06214,2,0,0.0000,3,0,0,0.0000,0.0000,0.0000
tr_img_06215,13,3,0.9549,3,3,2,0.6667,0.6667,0.6667
tr_img_06216,4,2,0.9891,2,2,2,1.0000,1.0000,1.0000
tr_img_06217,10,5,0.8790,10,5,1,0.2000,0.1000,0.1333
tr_img_06218,4,1,0.8175,1,1,0,0.0000,0.0000,0.0000
tr_img_06219,0,0,0.0000,4,0,0,0.0000,0.0000,0.0000
tr_img_06220,2,1,0.8672,1,1,0,0.0000,0.0000,0.0000
tr_img_06221,2,2,0.9945,2,2,2,1.0000,1.0000,1.0000
tr_img_06222,4,0,0.0000,0,0,0,0.0000,0.0000,0.0000
tr_img_06223,1,0,0.0000,1,0,0,0.0000,0.0000,0.0000
tr_img_06224,1,1,0.7734,2,1,0,0.0000,0.0000,0.0000
tr_img_06225,3,0,0.0000,3,0,0,0.0000,0.0000,0.0000
tr_img_06226,2,1,0.9581,1,1,1,1.0000,1.0000,1.0000
tr_img_06227,13,1,0.9998,28,1,2,2.0000,0.0714,0.1379
tr_img_06228,17,6,0.9098,13,6,3,0.5000,0.2308,0.3158
tr_img_06229,0,0,0.0000,1,0,0,0.0000,0.0000,0.0000
tr_img_06230,3,0,0.0000,3,0,0,0.0000,0.0000,0.0000
tr_img_06231,14,4,0.9991,6,4,4,1.0000,0.6667,0.8000
tr_img_06232,11,2,0.8552,4,2,0,0.0000,0.0000,0.0000
tr_img_06233,5,4,0.8770,5,4,1,0.2500,0.2000,0.2222
tr_img_06234,10,4,0.9524,8,4,1,0.2500,0.1250,0.1667
tr_img_06235,6,6,0.9665,6,6,4,0.6667,0.6667,0.6667
tr_img_06236,4,3,0.9762,3,3,3,1.0000,1.0000,1.0000
tr_img_06237,16,7,0.9982,6,7,5,0.7143,0.8333,0.7692
tr_img_06238,6,2,0.8813,4,2,1,0.5000,0.2500,0.3333
tr_img_06239,4,3,0.9987,3,3,3,1.0000,1.0000,1.0000
tr_img_06240,3,1,0.9998,1,1,1,1.0000,1.0000,1.0000
tr_img_06241,7,4,0.9453,4,4,0,0.0000,0.0000,0.0000
tr_img_06242,1,1,0.9464,3,1,0,0.0000,0.0000,0.0000
tr_img_06243,1,1,0.8957,1,1,0,0.0000,0.0000,0.0000
tr_img_06244,3,1,0.9868,2,1,1,1.0000,0.5000,0.6667
tr_img_06245,10,2,0.9961,2,2,0,0.0000,0.0000,0.0000
tr_img_06246,4,3,0.9957,3,3,3,1.0000,1.0000,1.0000
tr_img_06247,2,1,0.9375,1,1,1,1.0000,1.0000,1.0000
tr_img_06248,11,3,0.9681,2,3,1,0.3333,0.5000,0.4000
tr_img_06249,5,3,0.8430,4,3,2,0.6667,0.5000,0.5714
tr_img_06250,7,1,0.7421,11,1,0,0.0000,0.0000,0.0000
tr_img_06251,13,6,0.9607,6,6,4,0.6667,0.6667,0.6667
tr_img_06252,13,7,0.9698,6,7,3,0.4286,0.5000,0.4615
tr_img_06253,4,3,0.9995,3,3,3,1.0000,1.0000,1.0000
tr_img_06254,4,0,0.0000,2,0,0,0.0000,0.0000,0.0000
tr_img_06255,6,2,0.9994,2,2,2,1.0000,1.0000,1.0000
tr_img_06256,8,3,0.9193,3,3,0,0.0000,0.0000,0.0000
tr_img_06257,1,1,0.7856,1,1,0,0.0000,0.0000,0.0000
tr_img_06258,6,2,0.9021,5,2,1,0.5000,0.2000,0.2857
tr_img_06259,1,0,0.0000,3,0,0,0.0000,0.0000,0.0000
tr_img_06260,35,24,0.9786,28,24,9,0.3750,0.3214,0.3462
tr_img_06261,54,19,0.9528,37,19,11,0.5789,0.2973,0.3929
tr_img_06262,1,1,0.9954,2,1,1,1.0000,0.5000,0.6667
tr_img_06263,4,2,0.7855,2,2,0,0.0000,0.0000,0.0000
tr_img_06264,6,1,0.9935,7,1,1,1.0000,0.1429,0.2500
tr_img_06265,1,1,0.9556,1,1,1,1.0000,1.0000,1.0000
tr_img_06266,2,1,0.9759,1,1,1,1.0000,1.0000,1.0000
tr_img_06267,0,0,0.0000,1,0,0,0.0000,0.0000,0.0000
tr_img_06268,4,0,0.0000,2,0,0,0.0000,0.0000,0.0000
tr_img_06269,4,3,0.9802,3,3,2,0.6667,0.6667,0.6667
tr_img_06270,19,4,0.9764,7,4,1,0.2500,0.1429,0.1818
tr_img_06271,4,3,0.9960,4,3,2,0.6667,0.5000,0.5714
tr_img_06272,4,1,0.9863,1,1,0,0.0000,0.0000,0.0000
tr_img_06273,2,2,0.8662,2,2,1,0.5000,0.5000,0.5000
tr_img_06274,2,1,0.9978,2,1,1,1.0000,0.5000,0.6667
tr_img_06275,7,2,0.9726,5,2,2,1.0000,0.4000,0.5714
tr_img_06276,2,1,0.8561,6,1,0,0.0000,0.0000,0.0000
tr_img_06277,14,8,0.9978,7,8,5,0.6250,0.7143,0.6667
tr_img_06278,12,11,0.9382,19,11,2,0.1818,0.1053,0.1333
tr_img_06279,3,3,0.9460,4,3,1,0.3333,0.2500,0.2857
tr_img_06280,2,1,0.9852,2,1,0,0.0000,0.0000,0.0000
tr_img_06281,4,2,0.9794,2,2,2,1.0000,1.0000,1.0000
tr_img_06282,2,1,0.9283,1,1,1,1.0000,1.0000,1.0000
tr_img_06283,4,0,0.0000,2,0,0,0.0000,0.0000,0.0000
tr_img_06284,3,0,0.0000,1,0,0,0.0000,0.0000,0.0000
tr_img_06285,10,2,0.9247,5,2,0,0.0000,0.0000,0.0000
tr_img_06286,4,2,0.9012,2,2,0,0.0000,0.0000,0.0000
tr_img_06287,2,1,0.7940,10,1,0,0.0000,0.0000,0.0000
tr_img_06288,4,2,0.9561,2,2,1,0.5000,0.5000,0.5000
tr_img_06289,3,0,0.0000,4,0,0,0.0000,0.0000,0.0000
tr_img_06290,10,7,0.9871,7,7,5,0.7143,0.7143,0.7143
tr_img_06291,3,1,0.8487,1,1,0,0.0000,0.0000,0.0000
tr_img_06292,1,0,0.0000,4,0,0,0.0000,0.0000,0.0000
tr_img_06293,19,6,0.9035,7,6,3,0.5000,0.4286,0.4615
tr_img_06294,7,3,0.9369,4,3,0,0.0000,0.0000,0.0000
tr_img_06295,5,0,0.0000,2,0,0,0.0000,0.0000,0.0000
tr_img_06296,0,0,0.0000,3,0,0,0.0000,0.0000,0.0000
tr_img_06297,10,4,0.9428,5,4,2,0.5000,0.4000,0.4444
tr_img_06298,4,4,0.8470,4,4,1,0.2500,0.2500,0.2500
tr_img_06299,11,8,0.9299,9,8,4,0.5000,0.4444,0.4706
tr_img_06300,1,1,0.7130,3,1,0,0.0000,0.0000,0.0000
tr_img_06301,19,5,0.9406,11,5,3,0.6000,0.2727,0.3750
tr_img_06302,2,1,0.8589,1,1,1,1.0000,1.0000,1.0000
tr_img_06303,24,13,0.9251,25,13,5,0.3846,0.2000,0.2632
tr_img_06304,0,0,0.0000,2,0,0,0.0000,0.0000,0.0000
tr_img_06305,1,0,0.0000,2,0,0,0.0000,0.0000,0.0000
tr_img_06306,20,7,0.8322,15,7,2,0.2857,0.1333,0.1818
tr_img_06307,22,7,0.9988,8,7,5,0.7143,0.6250,0.6667
tr_img_06308,23,12,0.9586,15,12,10,0.8333,0.6667,0.7407
tr_img_06309,6,1,1.0000,2,1,1,1.0000,0.5000,0.6667
tr_img_06310,1,1,0.9416,1,1,1,1.0000,1.0000,1.0000
tr_img_06311,2,1,0.9082,2,1,0,0.0000,0.0000,0.0000
tr_img_06312,22,9,0.9413,6,9,2,0.2222,0.3333,0.2667
tr_img_06313,11,3,0.9992,4,3,3,1.0000,0.7500,0.8571
tr_img_06314,18,5,0.9045,7,5,1,0.2000,0.1429,0.1667
tr_img_06315,0,0,0.0000,2,0,0,0.0000,0.0000,0.0000
tr_img_06316,26,14,0.9491,16,14,7,0.5000,0.4375,0.4667
tr_img_06317,2,1,0.8987,1,1,1,1.0000,1.0000,1.0000
tr_img_06318,3,2,0.8963,2,2,0,0.0000,0.0000,0.0000
tr_img_06319,7,2,0.8981,112,2,0,0.0000,0.0000,0.0000
tr_img_06320,41,17,0.9277,79,17,9,0.5294,0.1139,0.1875
tr_img_06321,1,0,0.0000,3,0,0,0.0000,0.0000,0.0000
tr_img_06322,1,1,0.9706,1,1,1,1.0000,1.0000,1.0000
tr_img_06323,2,1,0.8862,1,1,0,0.0000,0.0000,0.0000
tr_img_06324,3,2,0.9473,12,2,1,0.5000,0.0833,0.1429
tr_img_06325,4,1,1.0000,2,1,1,1.0000,0.5000,0.6667
tr_img_06326,33,16,0.9422,30,16,5,0.3125,0.1667,0.2174
tr_img_06327,8,1,0.9372,4,1,0,0.0000,0.0000,0.0000
tr_img_06328,2,1,0.9826,1,1,0,0.0000,0.0000,0.0000
tr_img_06329,4,3,0.9993,3,3,3,1.0000,1.0000,1.0000
tr_img_06330,6,1,0.9613,5,1,1,1.0000,0.2000,0.3333
tr_img_06331,4,3,0.9994,3,3,3,1.0000,1.0000,1.0000
tr_img_06332,16,11,0.9291,37,11,4,0.3636,0.1081,0.1667
tr_img_06333,2,1,0.7353,1,1,0,0.0000,0.0000,0.0000
tr_img_06334,15,7,0.9924,9,7,6,0.8571,0.6667,0.7500
tr_img_06335,1,1,0.8276,7,1,1,1.0000,0.1429,0.2500
tr_img_06336,2,1,0.8740,1,1,0,0.0000,0.0000,0.0000
tr_img_06337,2,0,0.0000,1,0,0,0.0000,0.0000,0.0000
tr_img_06338,4,3,0.9653,3,3,3,1.0000,1.0000,1.0000
tr_img_06339,0,0,0.0000,3,0,0,0.0000,0.0000,0.0000
tr_img_06340,2,0,0.0000,1,0,0,0.0000,0.0000,0.0000
tr_img_06341,1,1,0.9312,1,1,0,0.0000,0.0000,0.0000
tr_img_06342,0,0,0.0000,1,0,0,0.0000,0.0000,0.0000
tr_img_06343,5,2,0.9991,12,2,0,0.0000,0.0000,0.0000
tr_img_06344,0,0,0.0000,3,0,0,0.0000,0.0000,0.0000
tr_img_06345,3,1,0.9889,1,1,0,0.0000,0.0000,0.0000
tr_img_06346,11,4,0.9527,7,4,2,0.5000,0.2857,0.3636
tr_img_06347,9,1,0.8038,3,1,0,0.0000,0.0000,0.0000
tr_img_06348,4,3,0.9793,3,3,3,1.0000,1.0000,1.0000
tr_img_06349,21,10,0.9478,7,10,3,0.3000,0.4286,0.3529
tr_img_06350,6,1,0.9999,2,1,1,1.0000,0.5000,0.6667
tr_img_06351,6,1,0.7172,6,1,0,0.0000,0.0000,0.0000
tr_img_06352,46,19,0.9073,12,19,1,0.0526,0.0833,0.0645
tr_img_06353,12,8,0.9587,9,8,4,0.5000,0.4444,0.4706
tr_img_06354,4,1,0.8438,3,1,1,1.0000,0.3333,0.5000
tr_img_06355,5,2,0.9524,8,2,2,1.0000,0.2500,0.4000
tr_img_06356,16,3,0.9341,12,3,0,0.0000,0.0000,0.0000
tr_img_06357,2,1,0.8810,0,1,0,0.0000,0.0000,0.0000
tr_img_06358,4,1,0.9852,1,1,0,0.0000,0.0000,0.0000
tr_img_06359,1,1,0.8195,1,1,1,1.0000,1.0000,1.0000
tr_img_06360,4,3,0.9994,3,3,3,1.0000,1.0000,1.0000
tr_img_06361,15,3,0.9412,3,3,2,0.6667,0.6667,0.6667
tr_img_06362,4,2,0.9350,2,2,1,0.5000,0.5000,0.5000
tr_img_06363,2,1,0.9979,1,1,1,1.0000,1.0000,1.0000
tr_img_06364,1,0,0.0000,6,0,0,0.0000,0.0000,0.0000
tr_img_06365,4,3,0.9997,3,3,2,0.6667,0.6667,0.6667
tr_img_06366,5,2,0.8880,2,2,1,0.5000,0.5000,0.5000
tr_img_06367,2,1,0.9941,2,1,1,1.0000,0.5000,0.6667
tr_img_06368,1,1,0.7878,1,1,0,0.0000,0.0000,0.0000
tr_img_06369,7,2,0.9967,5,2,1,0.5000,0.2000,0.2857
tr_img_06370,5,1,0.9583,4,1,1,1.0000,0.2500,0.4000
tr_img_06371,2,0,0.0000,6,0,0,0.0000,0.0000,0.0000
tr_img_06372,4,3,0.9957,3,3,3,1.0000,1.0000,1.0000
tr_img_06373,0,0,0.0000,1,0,0,0.0000,0.0000,0.0000
tr_img_06374,5,3,0.9431,3,3,0,0.0000,0.0000,0.0000
tr_img_06375,17,6,0.9592,6,6,4,0.6667,0.6667,0.6667
tr_img_06376,4,1,0.8106,2,1,0,0.0000,0.0000,0.0000
tr_img_06377,4,1,0.9959,2,1,1,1.0000,0.5000,0.6667
tr_img_06378,0,0,0.0000,2,0,0,0.0000,0.0000,0.0000
tr_img_06379,0,0,0.0000,1,0,0,0.0000,0.0000,0.0000
tr_img_06380,3,2,0.9969,10,2,1,0.5000,0.1000,0.1667
tr_img_06381,4,4,0.8866,13,4,2,0.5000,0.1538,0.2353
tr_img_06382,5,2,0.8550,2,2,0,0.0000,0.0000,0.0000
tr_img_06383,2,2,0.9362,2,2,2,1.0000,1.0000,1.0000
tr_img_06384,0,0,0.0000,1,0,0,0.0000,0.0000,0.0000
tr_img_06385,2,0,0.0000,6,0,0,0.0000,0.0000,0.0000
tr_img_06386,3,1,0.9968,7,1,1,1.0000,0.1429,0.2500
tr_img_06387,7,4,0.9170,5,4,2,0.5000,0.4000,0.4444
tr_img_06388,3,1,0.9819,2,1,1,1.0000,0.5000,0.6667
tr_img_06389,9,3,0.9976,3,3,3,1.0000,1.0000,1.0000
tr_img_06390,2,1,0.8463,1,1,0,0.0000,0.0000,0.0000
tr_img_06391,19,5,0.9853,5,5,3,0.6000,0.6000,0.6000
tr_img_06392,11,7,0.9293,7,7,3,0.4286,0.4286,0.4286
tr_img_06393,1,1,0.8649,1,1,0,0.0000,0.0000,0.0000
tr_img_06394,11,5,0.9956,12,5,3,0.6000,0.2500,0.3529
tr_img_06395,5,1,0.9970,6,1,1,1.0000,0.1667,0.2857
tr_img_06396,1,1,0.9981,2,1,1,1.0000,0.5000,0.6667
tr_img_06397,14,5,0.9105,25,5,2,0.4000,0.0800,0.1333
tr_img_06398,1,0,0.0000,1,0,0,0.0000,0.0000,0.0000
tr_img_06399,2,1,0.9728,2,1,1,1.0000,0.5000,0.6667
tr_img_06400,12,5,0.9112,5,5,1,0.2000,0.2000,0.2000
tr_img_06401,2,0,0.0000,2,0,0,0.0000,0.0000,0.0000
tr_img_06402,3,1,0.7014,19,1,0,0.0000,0.0000,0.0000
tr_img_06403,13,6,0.9056,28,6,0,0.0000,0.0000,0.0000
tr_img_06404,19,13,0.9332,19,13,3,0.2308,0.1579,0.1875
tr_img_06405,17,9,0.9758,34,9,6,0.6667,0.1765,0.2791
tr_img_06406,1,0,0.0000,2,0,0,0.0000,0.0000,0.0000
tr_img_06407,10,5,0.9453,4,5,4,0.8000,1.0000,0.8889
tr_img_06408,14,9,0.9587,14,9,3,0.3333,0.2143,0.2609
tr_img_06409,20,15,0.9543,35,15,4,0.2667,0.1143,0.1600
tr_img_06410,15,12,0.9599,18,12,10,0.8333,0.5556,0.6667
tr_img_06411,5,3,0.9561,3,3,1,0.3333,0.3333,0.3333
tr_img_06412,1,0,0.0000,1,0,0,0.0000,0.0000,0.0000
tr_img_06413,0,0,0.0000,1,0,0,0.0000,0.0000,0.0000
tr_img_06414,5,3,0.9449,3,3,2,0.6667,0.6667,0.6667
tr_img_06415,5,3,0.9098,10,3,2,0.6667,0.2000,0.3077
tr_img_06416,3,2,0.8826,3,2,1,0.5000,0.3333,0.4000
tr_img_06417,0,0,0.0000,1,0,0,0.0000,0.0000,0.0000
tr_img_06418,2,1,0.9966,1,1,1,1.0000,1.0000,1.0000
tr_img_06419,13,10,0.9397,13,10,4,0.4000,0.3077,0.3478
tr_img_06420,4,0,0.0000,4,0,0,0.0000,0.0000,0.0000
tr_img_06421,6,1,0.9967,4,1,1,1.0000,0.2500,0.4000
tr_img_06422,3,3,0.9095,3,3,0,0.0000,0.0000,0.0000
tr_img_06423,4,3,0.9935,3,3,3,1.0000,1.0000,1.0000
tr_img_06424,2,1,0.9165,1,1,0,0.0000,0.0000,0.0000
tr_img_06425,11,4,0.8599,3,4,0,0.0000,0.0000,0.0000
tr_img_06426,5,2,0.7969,3,2,1,0.5000,0.3333,0.4000
tr_img_06427,37,13,0.9185,4,13,0,0.0000,0.0000,0.0000
tr_img_06428,5,1,0.9875,1,1,0,0.0000,0.0000,0.0000
tr_img_06429,4,3,0.9967,3,3,3,1.0000,1.0000,1.0000
tr_img_06430,0,0,0.0000,1,0,0,0.0000,0.0000,0.0000
tr_img_06431,8,3,0.8715,27,3,0,0.0000,0.0000,0.0000
tr_img_06432,1,1,0.7320,3,1,0,0.0000,0.0000,0.0000
tr_img_06433,1,0,0.0000,3,0,0,0.0000,0.0000,0.0000
tr_img_06434,2,1,0.9959,1,1,1,1.0000,1.0000,1.0000
tr_img_06435,3,2,0.9521,3,2,1,0.5000,0.3333,0.4000
tr_img_06436,2,1,0.9016,1,1,1,1.0000,1.0000,1.0000
tr_img_06437,3,0,0.0000,1,0,0,0.0000,0.0000,0.0000
tr_img_06438,10,2,0.9772,5,2,1,0.5000,0.2000,0.2857
tr_img_06439,5,1,0.8632,3,1,0,0.0000,0.0000,0.0000
tr_img_06440,6,2,0.9995,2,2,2,1.0000,1.0000,1.0000
tr_img_06441,2,0,0.0000,1,0,0,0.0000,0.0000,0.0000
tr_img_06442,7,2,0.9737,2,2,0,0.0000,0.0000,0.0000
tr_img_06443,6,3,0.9464,3,3,1,0.3333,0.3333,0.3333
tr_img_06444,3,1,0.9968,2,1,1,1.0000,0.5000,0.6667
tr_img_06445,2,1,0.9803,1,1,0,0.0000,0.0000,0.0000
tr_img_06446,17,8,0.9116,8,8,5,0.6250,0.6250,0.6250
tr_img_06447,17,7,0.9063,8,7,2,0.2857,0.2500,0.2667
tr_img_06448,4,3,0.9987,3,3,3,1.0000,1.0000,1.0000
tr_img_06449,4,3,0.9721,3,3,2,0.6667,0.6667,0.6667
tr_img_06450,2,0,0.0000,1,0,0,0.0000,0.0000,0.0000
tr_img_06451,2,1,0.7744,6,1,0,0.0000,0.0000,0.0000
tr_img_06452,8,2,0.8353,11,2,0,0.0000,0.0000,0.0000
tr_img_06453,0,0,0.0000,1,0,0,0.0000,0.0000,0.0000
tr_img_06454,2,0,0.0000,8,0,0,0.0000,0.0000,0.0000
tr_img_06455,2,1,0.9600,1,1,1,1.0000,1.0000,1.0000
tr_img_06456,5,5,0.9310,8,5,2,0.4000,0.2500,0.3077
tr_img_06457,8,4,0.9537,3,4,3,0.7500,1.0000,0.8571
tr_img_06458,2,2,0.8627,2,2,0,0.0000,0.0000,0.0000
tr_img_06459,3,0,0.0000,4,0,0,0.0000,0.0000,0.0000
tr_img_06460,13,6,0.9089,5,6,3,0.5000,0.6000,0.5455
tr_img_06461,1,0,0.0000,2,0,0,0.0000,0.0000,0.0000
tr_img_06462,1,0,0.0000,3,0,0,0.0000,0.0000,0.0000
tr_img_06463,5,4,0.8974,8,4,2,0.5000,0.2500,0.3333
tr_img_06464,18,3,0.9369,3,3,2,0.6667,0.6667,0.6667
tr_img_06465,0,0,0.0000,2,0,0,0.0000,0.0000,0.0000
tr_img_06466,6,2,0.9318,2,2,1,0.5000,0.5000,0.5000
tr_img_06467,4,1,0.7172,1,1,1,1.0000,1.0000,1.0000
tr_img_06468,3,0,0.0000,4,0,0,0.0000,0.0000,0.0000
tr_img_06469,11,5,0.9597,6,5,0,0.0000,0.0000,0.0000
tr_img_06470,6,3,0.9285,2,3,1,0.3333,0.5000,0.4000
tr_img_06471,2,1,0.9539,1,1,1,1.0000,1.0000,1.0000
tr_img_06472,10,3,0.9514,5,3,3,1.0000,0.6000,0.7500
tr_img_06473,5,1,0.7634,3,1,0,0.0000,0.0000,0.0000
tr_img_06474,2,1,0.9152,1,1,0,0.0000,0.0000,0.0000
tr_img_06475,1,1,0.9926,1,1,1,1.0000,1.0000,1.0000
tr_img_06476,7,3,0.8881,6,3,2,0.6667,0.3333,0.4444
tr_img_06477,3,1,0.9985,1,1,1,1.0000,1.0000,1.0000
tr_img_06478,7,6,0.9578,6,6,4,0.6667,0.6667,0.6667
tr_img_06479,2,1,0.7552,6,1,0,0.0000,0.0000,0.0000
tr_img_06480,15,7,0.8222,20,7,2,0.2857,0.1000,0.1481
tr_img_06481,5,2,0.9955,2,2,0,0.0000,0.0000,0.0000
tr_img_06482,17,6,0.9473,7,6,5,0.8333,0.7143,0.7692
tr_img_06483,7,2,0.7683,8,2,1,0.5000,0.1250,0.2000
tr_img_06484,2,1,0.7337,5,1,0,0.0000,0.0000,0.0000
tr_img_06485,3,3,0.9336,3,3,2,0.6667,0.6667,0.6667
tr_img_06486,2,1,0.9319,1,1,0,0.0000,0.0000,0.0000
tr_img_06487,10,2,0.9342,5,2,1,0.5000,0.2000,0.2857
tr_img_06488,21,17,0.9472,26,17,5,0.2941,0.1923,0.2326
tr_img_06489,2,1,0.9676,3,1,1,1.0000,0.3333,0.5000
tr_img_06490,12,3,0.9992,4,3,3,1.0000,0.7500,0.8571
tr_img_06491,0,0,0.0000,1,0,0,0.0000,0.0000,0.0000
tr_img_06492,2,1,0.7740,3,1,0,0.0000,0.0000,0.0000
tr_img_06493,17,3,0.9318,3,3,2,0.6667,0.6667,0.6667
tr_img_06494,4,2,0.9713,3,2,0,0.0000,0.0000,0.0000
tr_img_06495,1,0,0.0000,29,0,0,0.0000,0.0000,0.0000
tr_img_06496,1,0,0.0000,2,0,0,0.0000,0.0000,0.0000
tr_img_06497,1,1,0.7414,2,1,0,0.0000,0.0000,0.0000
tr_img_06498,8,0,0.0000,2,0,0,0.0000,0.0000,0.0000
tr_img_06499,14,5,0.8966,31,5,0,0.0000,0.0000,0.0000
tr_img_06500,5,1,0.8381,4,1,1,1.0000,0.2500,0.4000
tr_img_06501,2,1,0.9998,2,1,1,1.0000,0.5000,0.6667
tr_img_06502,2,1,0.9997,1,1,1,1.0000,1.0000,1.0000
tr_img_06503,20,13,0.9726,12,13,8,0.6154,0.6667,0.6400
tr_img_06504,50,11,0.9890,11,11,8,0.7273,0.7273,0.7273
tr_img_06505,4,3,0.9262,3,3,2,0.6667,0.6667,0.6667
tr_img_06506,12,7,0.9327,7,7,2,0.2857,0.2857,0.2857
tr_img_06507,2,2,0.9283,6,2,0,0.0000,0.0000,0.0000
tr_img_06508,3,0,0.0000,2,0,0,0.0000,0.0000,0.0000
tr_img_06509,94,34,0.9234,31,34,11,0.3235,0.3548,0.3385
tr_img_06510,3,2,0.8418,3,2,0,0.0000,0.0000,0.0000
tr_img_06511,7,5,0.9189,5,5,0,0.0000,0.0000,0.0000
tr_img_06512,2,1,0.9980,1,1,1,1.0000,1.0000,1.0000
tr_img_06513,39,12,0.9323,43,12,2,0.1667,0.0465,0.0727
tr_img_06514,6,1,0.9988,2,1,0,0.0000,0.0000,0.0000
tr_img_06515,12,3,0.8573,13,3,1,0.3333,0.0769,0.1250
tr_img_06516,6,1,1.0000,2,1,1,1.0000,0.5000,0.6667
tr_img_06517,16,11,0.9816,8,11,4,0.3636,0.5000,0.4211
tr_img_06518,2,1,0.9982,1,1,0,0.0000,0.0000,0.0000
tr_img_06519,3,0,0.0000,3,0,0,0.0000,0.0000,0.0000
tr_img_06520,3,3,0.8706,3,3,0,0.0000,0.0000,0.0000
tr_img_06521,4,3,0.9990,3,3,2,0.6667,0.6667,0.6667
tr_img_06522,5,4,0.9319,4,4,1,0.2500,0.2500,0.2500
tr_img_06523,13,10,0.9681,13,10,3,0.3000,0.2308,0.2609
tr_img_06524,6,2,0.9492,2,2,2,1.0000,1.0000,1.0000
tr_img_06525,4,2,0.9385,3,2,1,0.5000,0.3333,0.4000
tr_img_06526,9,2,0.9890,2,2,1,0.5000,0.5000,0.5000
tr_img_06527,2,0,0.0000,1,0,0,0.0000,0.0000,0.0000
tr_img_06528,1,0,0.0000,1,0,0,0.0000,0.0000,0.0000
tr_img_06529,10,3,0.9515,15,3,1,0.3333,0.0667,0.1111
tr_img_06530,23,15,0.9489,26,15,9,0.6000,0.3462,0.4390
tr_img_06531,2,0,0.0000,3,0,0,0.0000,0.0000,0.0000
tr_img_06532,2,0,0.0000,1,0,0,0.0000,0.0000,0.0000
tr_img_06533,3,3,0.9888,6,3,0,0.0000,0.0000,0.0000
tr_img_06534,7,1,0.9985,1,1,1,1.0000,1.0000,1.0000
tr_img_06535,9,4,0.8083,3,4,1,0.2500,0.3333,0.2857
tr_img_06536,12,7,0.9799,11,7,3,0.4286,0.2727,0.3333
tr_img_06537,7,4,0.9175,5,4,2,0.5000,0.4000,0.4444
tr_img_06538,33,18,0.9655,22,18,13,0.7222,0.5909,0.6500
tr_img_06539,9,3,0.9974,6,3,3,1.0000,0.5000,0.6667
tr_img_06540,9,4,0.9406,4,4,1,0.2500,0.2500,0.2500
tr_img_06541,2,1,0.9260,2,1,0,0.0000,0.0000,0.0000
tr_img_06542,6,4,0.9329,11,4,3,0.7500,0.2727,0.4000
tr_img_06543,11,3,0.8820,3,3,1,0.3333,0.3333,0.3333
tr_img_06544,3,2,0.8867,4,2,1,0.5000,0.2500,0.3333
tr_img_06545,1,0,0.0000,1,0,0,0.0000,0.0000,0.0000
tr_img_06546,17,5,0.9636,6,5,2,0.4000,0.3333,0.3636
tr_img_06547,4,2,0.8890,2,2,1,0.5000,0.5000,0.5000
tr_img_06548,1,1,0.7701,5,1,0,0.0000,0.0000,0.0000
tr_img_06549,9,7,0.9839,11,7,5,0.7143,0.4545,0.5556
tr_img_06550,2,1,0.9154,1,1,0,0.0000,0.0000,0.0000
tr_img_06551,1,0,0.0000,1,0,0,0.0000,0.0000,0.0000
tr_img_06552,4,4,0.9591,4,4,2,0.5000,0.5000,0.5000
tr_img_06553,4,1,0.8833,12,1,1,1.0000,0.0833,0.1538
tr_img_06554,34,6,0.9752,19,6,4,0.6667,0.2105,0.3200
tr_img_06555,1,0,0.0000,4,0,0,0.0000,0.0000,0.0000
tr_img_06556,35,14,0.9450,10,14,3,0.2143,0.3000,0.2500
tr_img_06557,10,1,0.7536,3,1,0,0.0000,0.0000,0.0000
tr_img_06558,7,1,0.8061,12,1,0,0.0000,0.0000,0.0000
tr_img_06559,3,2,0.9524,4,2,0,0.0000,0.0000,0.0000
tr_img_06560,2,0,0.0000,31,0,0,0.0000,0.0000,0.0000
tr_img_06561,18,2,0.9644,29,2,0,0.0000,0.0000,0.0000
tr_img_06562,2,0,0.0000,2,0,0,0.0000,0.0000,0.0000
tr_img_06563,13,4,0.9754,5,4,4,1.0000,0.8000,0.8889
tr_img_06564,4,4,0.9067,9,4,1,0.2500,0.1111,0.1538
tr_img_06565,4,0,0.0000,9,0,0,0.0000,0.0000,0.0000
tr_img_06566,8,4,0.9797,5,4,1,0.2500,0.2000,0.2222
tr_img_06567,1,0,0.0000,1,0,0,0.0000,0.0000,0.0000
tr_img_06568,17,6,0.8560,18,6,0,0.0000,0.0000,0.0000
tr_img_06569,1,1,0.9998,4,1,1,1.0000,0.2500,0.4000
tr_img_06570,3,1,0.9340,1,1,0,0.0000,0.0000,0.0000
tr_img_06571,0,0,0.0000,0,0,0,0.0000,0.0000,0.0000
tr_img_06572,17,5,0.9705,8,5,4,0.8000,0.5000,0.6154
tr_img_06573,11,7,0.9821,9,7,6,0.8571,0.6667,0.7500
tr_img_06574,11,3,0.9712,3,3,1,0.3333,0.3333,0.3333
tr_img_06575,3,2,0.9958,2,2,2,1.0000,1.0000,1.0000
tr_img_06576,1,1,0.9136,1,1,0,0.0000,0.0000,0.0000
tr_img_06577,0,0,0.0000,1,0,0,0.0000,0.0000,0.0000
tr_img_06578,4,2,0.8961,3,2,0,0.0000,0.0000,0.0000
tr_img_06579,9,6,0.8986,5,6,2,0.3333,0.4000,0.3636
tr_img_06580,11,2,0.8929,3,2,1,0.5000,0.3333,0.4000
tr_img_06581,4,3,0.9940,3,3,3,1.0000,1.0000,1.0000
tr_img_06582,2,1,0.9355,1,1,0,0.0000,0.0000,0.0000
tr_img_06583,11,4,0.9826,4,4,4,1.0000,1.0000,1.0000
tr_img_06584,4,3,0.9959,3,3,3,1.0000,1.0000,1.0000
tr_img_06585,15,0,0.0000,15,0,0,0.0000,0.0000,0.0000
tr_img_06586,4,3,0.9995,3,3,3,1.0000,1.0000,1.0000
tr_img_06587,9,0,0.0000,19,0,0,0.0000,0.0000,0.0000
tr_img_06588,6,2,0.9494,2,2,1,0.5000,0.5000,0.5000
tr_img_06589,4,1,0.7545,4,1,0,0.0000,0.0000,0.0000
tr_img_06590,7,1,0.9067,5,1,1,1.0000,0.2000,0.3333
tr_img_06591,8,5,0.9811,4,5,2,0.4000,0.5000,0.4444
tr_img_06592,10,5,0.9598,6,5,4,0.8000,0.6667,0.7273
tr_img_06593,7,4,0.9080,4,4,2,0.5000,0.5000,0.5000
tr_img_06594,12,5,0.8529,13,5,3,0.6000,0.2308,0.3333
tr_img_06595,3,2,0.8954,2,2,1,0.5000,0.5000,0.5000
tr_img_06596,6,1,0.9989,2,1,1,1.0000,0.5000,0.6667
tr_img_06597,7,1,0.9997,5,1,1,1.0000,0.2000,0.3333
tr_img_06598,4,2,0.8765,2,2,1,0.5000,0.5000,0.5000
tr_img_06599,4,3,0.9913,3,3,2,0.6667,0.6667,0.6667
tr_img_06600,7,5,0.9739,9,5,0,0.0000,0.0000,0.0000
tr_img_06601,1,0,0.0000,0,0,0,0.0000,0.0000,0.0000
tr_img_06602,6,3,0.9284,3,3,1,0.3333,0.3333,0.3333
tr_img_06603,3,1,0.8189,1,1,1,1.0000,1.0000,1.0000
tr_img_06604,11,5,0.9799,4,5,3,0.6000,0.7500,0.6667
tr_img_06605,2,1,0.8249,3,1,1,1.0000,0.3333,0.5000
tr_img_06606,4,2,0.9387,3,2,2,1.0000,0.6667,0.8000
tr_img_06607,1,1,0.7543,1,1,0,0.0000,0.0000,0.0000
tr_img_06608,1,0,0.0000,1,0,0,0.0000,0.0000,0.0000
tr_img_06609,2,1,0.8352,1,1,0,0.0000,0.0000,0.0000
tr_img_06610,20,2,0.9862,5,2,2,1.0000,0.4000,0.5714
tr_img_06611,4,3,0.9992,3,3,3,1.0000,1.0000,1.0000
tr_img_06612,1,0,0.0000,1,0,0,0.0000,0.0000,0.0000
tr_img_06613,14,1,0.8376,6,1,0,0.0000,0.0000,0.0000
tr_img_06614,3,2,0.9706,2,2,2,1.0000,1.0000,1.0000
tr_img_06615,4,3,0.9996,3,3,3,1.0000,1.0000,1.0000
tr_img_06616,3,1,0.9761,2,1,0,0.0000,0.0000,0.0000
tr_img_06617,2,2,0.8990,2,2,0,0.0000,0.0000,0.0000
tr_img_06618,44,34,0.9714,32,34,9,0.2647,0.2812,0.2727
tr_img_06619,4,3,0.9797,6,3,2,0.6667,0.3333,0.4444
tr_img_06620,5,0,0.0000,2,0,0,0.0000,0.0000,0.0000
tr_img_06621,45,40,0.9684,42,40,15,0.3750,0.3571,0.3659
tr_img_06622,1,1,0.9961,1,1,1,1.0000,1.0000,1.0000
tr_img_06623,1,1,0.7769,1,1,0,0.0000,0.0000,0.0000
tr_img_06624,5,4,0.9416,6,4,2,0.5000,0.3333,0.4000
tr_img_06625,0,0,0.0000,1,0,0,0.0000,0.0000,0.0000
tr_img_06626,5,2,0.7797,3,2,1,0.5000,0.3333,0.4000
tr_img_06627,6,2,0.9272,2,2,1,0.5000,0.5000,0.5000
tr_img_06628,6,3,0.9994,4,3,2,0.6667,0.5000,0.5714
tr_img_06629,6,2,0.9959,2,2,2,1.0000,1.0000,1.0000
tr_img_06630,3,3,0.9289,3,3,0,0.0000,0.0000,0.0000
tr_img_06631,1,1,0.9960,1,1,1,1.0000,1.0000,1.0000
tr_img_06632,1,1,0.7312,1,1,0,0.0000,0.0000,0.0000
tr_img_06633,6,2,0.8977,6,2,1,0.5000,0.1667,0.2500
tr_img_06634,16,4,0.9262,8,4,1,0.2500,0.1250,0.1667
tr_img_06635,0,0,0.0000,2,0,0,0.0000,0.0000,0.0000
tr_img_06636,8,2,0.9914,3,2,2,1.0000,0.6667,0.8000
tr_img_06637,7,1,0.9901,6,1,0,0.0000,0.0000,0.0000
tr_img_06638,3,1,0.9876,6,1,0,0.0000,0.0000,0.0000
tr_img_06639,7,3,0.9765,8,3,1,0.3333,0.1250,0.1818
tr_img_06640,1,0,0.0000,5,0,0,0.0000,0.0000,0.0000
tr_img_06641,3,0,0.0000,4,0,0,0.0000,0.0000,0.0000
tr_img_06642,7,3,0.9859,9,3,1,0.3333,0.1111,0.1667
tr_img_06643,1,1,0.7308,1,1,0,0.0000,0.0000,0.0000
tr_img_06644,7,1,0.9372,5,1,0,0.0000,0.0000,0.0000
tr_img_06645,4,1,0.9886,1,1,0,0.0000,0.0000,0.0000
tr_img_06646,2,1,0.9354,1,1,0,0.0000,0.0000,0.0000
tr_img_06647,2,1,0.8310,1,1,0,0.0000,0.0000,0.0000
tr_img_06648,16,10,0.9673,14,10,7,0.7000,0.5000,0.5833
tr_img_06649,4,3,0.9899,3,3,3,1.0000,1.0000,1.0000
tr_img_06650,3,1,0.9642,6,1,0,0.0000,0.0000,0.0000
tr_img_06651,0,0,0.0000,1,0,0,0.0000,0.0000,0.0000
tr_img_06652,0,0,0.0000,2,0,0,0.0000,0.0000,0.0000
tr_img_06653,4,3,0.9081,2,3,1,0.3333,0.5000,0.4000
tr_img_06654,3,0,0.0000,1,0,0,0.0000,0.0000,0.0000
tr_img_06655,2,1,0.9779,1,1,1,1.0000,1.0000,1.0000
tr_img_06656,4,3,0.9775,3,3,3,1.0000,1.0000,1.0000
tr_img_06657,3,1,0.8392,1,1,0,0.0000,0.0000,0.0000
tr_img_06658,2,1,0.9346,1,1,0,0.0000,0.0000,0.0000
tr_img_06659,5,2,0.8023,2,2,0,0.0000,0.0000,0.0000
tr_img_06660,2,1,0.9166,1,1,0,0.0000,0.0000,0.0000
tr_img_06661,4,3,0.9690,3,3,3,1.0000,1.0000,1.0000
tr_img_06662,2,1,0.9130,2,1,0,0.0000,0.0000,0.0000
tr_img_06663,6,2,0.7922,2,2,1,0.5000,0.5000,0.5000
tr_img_06664,10,4,0.9897,8,4,1,0.2500,0.1250,0.1667
tr_img_06665,2,1,0.8290,1,1,0,0.0000,0.0000,0.0000
tr_img_06666,8,2,0.8555,2,2,1,0.5000,0.5000,0.5000
tr_img_06667,2,0,0.0000,2,0,0,0.0000,0.0000,0.0000
tr_img_06668,15,5,0.9813,3,5,0,0.0000,0.0000,0.0000
tr_img_06669,4,3,0.9961,3,3,3,1.0000,1.0000,1.0000
tr_img_06670,11,2,0.9088,31,2,0,0.0000,0.0000,0.0000
tr_img_06671,6,4,0.9542,17,4,0,0.0000,0.0000,0.0000
tr_img_06672,0,0,0.0000,1,0,0,0.0000,0.0000,0.0000
tr_img_06673,0,0,0.0000,3,0,0,0.0000,0.0000,0.0000
tr_img_06674,3,0,0.0000,1,0,0,0.0000,0.0000,0.0000
tr_img_06675,9,3,0.9967,3,3,1,0.3333,0.3333,0.3333
tr_img_06676,2,1,0.8886,12,1,0,0.0000,0.0000,0.0000
tr_img_06677,2,0,0.0000,2,0,0,0.0000,0.0000,0.0000
tr_img_06678,6,1,0.9968,8,1,1,1.0000,0.1250,0.2222
tr_img_06679,4,1,0.9792,1,1,0,0.0000,0.0000,0.0000
tr_img_06680,5,5,0.9797,7,5,2,0.4000,0.2857,0.3333
tr_img_06681,1,1,1.0000,1,1,1,1.0000,1.0000,1.0000
tr_img_06682,1,0,0.0000,1,0,0,0.0000,0.0000,0.0000
tr_img_06683,26,7,0.9908,17,7,5,0.7143,0.2941,0.4167
tr_img_06684,1,0,0.0000,2,0,0,0.0000,0.0000,0.0000
tr_img_06685,4,3,0.9903,3,3,3,1.0000,1.0000,1.0000
tr_img_06686,4,1,0.7783,2,1,0,0.0000,0.0000,0.0000
tr_img_06687,6,4,0.9437,5,4,4,1.0000,0.8000,0.8889
tr_img_06688,2,1,0.9902,7,1,1,1.0000,0.1429,0.2500
tr_img_06689,1,0,0.0000,5,0,0,0.0000,0.0000,0.0000
tr_img_06690,3,0,0.0000,1,0,0,0.0000,0.0000,0.0000
tr_img_06691,1,0,0.0000,1,0,0,0.0000,0.0000,0.0000
tr_img_06692,5,2,0.9954,6,2,0,0.0000,0.0000,0.0000
tr_img_06693,0,0,0.0000,1,0,0,0.0000,0.0000,0.0000
tr_img_06694,3,1,0.9998,3,1,1,1.0000,0.3333,0.5000
tr_img_06695,3,1,0.9845,2,1,0,0.0000,0.0000,0.0000
tr_img_06696,13,5,0.9167,9,5,1,0.2000,0.1111,0.1429
tr_img_06697,3,1,0.9270,2,1,0,0.0000,0.0000,0.0000
tr_img_06698,4,2,0.8743,3,2,2,1.0000,0.6667,0.8000
tr_img_06699,3,1,0.9999,6,1,0,0.0000,0.0000,0.0000
tr_img_06700,8,1,0.9165,5,1,0,0.0000,0.0000,0.0000
tr_img_06701,0,0,0.0000,1,0,0,0.0000,0.0000,0.0000
tr_img_06702,59,30,0.9633,35,30,27,0.9000,0.7714,0.8308
tr_img_06703,36,9,0.9973,9,9,8,0.8889,0.8889,0.8889
tr_img_06704,4,3,0.9702,3,3,3,1.0000,1.0000,1.0000
tr_img_06705,3,0,0.0000,3,0,0,0.0000,0.0000,0.0000
tr_img_06706,5,3,0.8814,14,3,3,1.0000,0.2143,0.3529
tr_img_06707,5,2,0.9086,10,2,1,0.5000,0.1000,0.1667
tr_img_06708,5,1,1.0000,1,1,1,1.0000,1.0000,1.0000
tr_img_06709,7,6,0.9866,6,6,4,0.6667,0.6667,0.6667
tr_img_06710,10,10,0.9420,28,10,7,0.7000,0.2500,0.3684
tr_img_06711,1,0,0.0000,3,0,0,0.0000,0.0000,0.0000
tr_img_06712,5,1,0.9446,8,1,0,0.0000,0.0000,0.0000
tr_img_06713,4,3,0.9985,3,3,2,0.6667,0.6667,0.6667
tr_img_06714,16,6,0.9136,3,6,2,0.3333,0.6667,0.4444
tr_img_06715,2,1,0.9035,1,1,0,0.0000,0.0000,0.0000
tr_img_06716,8,7,0.9351,9,7,4,0.5714,0.4444,0.5000
tr_img_06717,4,3,0.9176,3,3,2,0.6667,0.6667,0.6667
tr_img_06718,1,0,0.0000,3,0,0,0.0000,0.0000,0.0000
tr_img_06719,4,2,0.9085,3,2,2,1.0000,0.6667,0.8000
tr_img_06720,4,1,0.8254,1,1,1,1.0000,1.0000,1.0000
tr_img_06721,1,1,0.7445,1,1,0,0.0000,0.0000,0.0000
tr_img_06722,3,2,0.8035,2,2,1,0.5000,0.5000,0.5000
tr_img_06723,4,2,0.8513,2,2,1,0.5000,0.5000,0.5000
tr_img_06724,4,3,0.9993,3,3,3,1.0000,1.0000,1.0000
tr_img_06725,15,5,0.9987,5,5,5,1.0000,1.0000,1.0000
tr_img_06726,0,0,0.0000,1,0,0,0.0000,0.0000,0.0000
tr_img_06727,18,14,0.9259,29,14,8,0.5714,0.2759,0.3721
tr_img_06728,10,3,0.9026,4,3,1,0.3333,0.2500,0.2857
tr_img_06729,4,1,0.9658,1,1,0,0.0000,0.0000,0.0000
tr_img_06730,16,7,0.9051,20,7,1,0.1429,0.0500,0.0741
tr_img_06731,2,1,0.9360,1,1,0,0.0000,0.0000,0.0000
tr_img_06732,3,2,0.9993,3,2,1,0.5000,0.3333,0.4000
tr_img_06733,12,6,0.9194,5,6,2,0.3333,0.4000,0.3636
tr_img_06734,1,0,0.0000,1,0,0,0.0000,0.0000,0.0000
tr_img_06735,0,0,0.0000,1,0,0,0.0000,0.0000,0.0000
tr_img_06736,25,17,0.8920,36,17,2,0.1176,0.0556,0.0755
tr_img_06737,2,0,0.0000,3,0,0,0.0000,0.0000,0.0000
tr_img_06738,0,0,0.0000,1,0,0,0.0000,0.0000,0.0000
tr_img_06739,3,1,0.7124,1,1,0,0.0000,0.0000,0.0000
tr_img_06740,13,4,0.9444,9,4,4,1.0000,0.4444,0.6154
tr_img_06741,20,3,0.9664,4,3,1,0.3333,0.2500,0.2857
tr_img_06742,2,2,0.9968,16,2,2,1.0000,0.1250,0.2222
tr_img_06743,22,7,0.9902,7,7,3,0.4286,0.4286,0.4286
tr_img_06744,10,8,0.9450,11,8,6,0.7500,0.5455,0.6316
tr_img_06745,2,1,0.8864,2,1,0,0.0000,0.0000,0.0000
tr_img_06746,25,8,0.9349,10,8,0,0.0000,0.0000,0.0000
tr_img_06747,2,0,0.0000,2,0,0,0.0000,0.0000,0.0000
tr_img_06748,14,13,0.9638,15,13,5,0.3846,0.3333,0.3571
tr_img_06749,3,1,0.9986,3,1,1,1.0000,0.3333,0.5000
tr_img_06750,0,0,0.0000,1,0,0,0.0000,0.0000,0.0000
tr_img_06751,12,4,0.9594,5,4,1,0.2500,0.2000,0.2222
tr_img_06752,15,3,0.9247,3,3,1,0.3333,0.3333,0.3333
tr_img_06753,30,7,0.9591,7,7,3,0.4286,0.4286,0.4286
tr_img_06754,0,0,0.0000,3,0,0,0.0000,0.0000,0.0000
tr_img_06755,1,0,0.0000,16,0,0,0.0000,0.0000,0.0000
tr_img_06756,17,3,0.9001,4,3,1,0.3333,0.2500,0.2857
tr_img_06757,10,3,0.9939,2,3,2,0.6667,1.0000,0.8000
tr_img_06758,3,3,0.9846,4,3,3,1.0000,0.7500,0.8571
tr_img_06759,5,3,0.9040,4,3,2,0.6667,0.5000,0.5714
tr_img_06760,3,0,0.0000,2,0,0,0.0000,0.0000,0.0000
tr_img_06761,0,0,0.0000,1,0,0,0.0000,0.0000,0.0000
tr_img_06762,2,1,0.9238,1,1,0,0.0000,0.0000,0.0000
tr_img_06763,3,2,0.8828,4,2,1,0.5000,0.2500,0.3333
tr_img_06764,2,2,0.7073,12,2,0,0.0000,0.0000,0.0000
tr_img_06765,5,4,0.9716,7,4,3,0.7500,0.4286,0.5455
tr_img_06766,17,13,0.9551,28,13,11,0.8462,0.3929,0.5366
tr_img_06767,6,4,0.9719,5,4,3,0.7500,0.6000,0.6667
tr_img_06768,3,2,0.9164,5,2,1,0.5000,0.2000,0.2857
tr_img_06769,1,0,0.0000,3,0,0,0.0000,0.0000,0.0000
tr_img_06770,1,0,0.0000,2,0,0,0.0000,0.0000,0.0000
tr_img_06771,6,4,0.8965,15,4,5,1.2500,0.3333,0.5263
tr_img_06772,9,4,0.8974,10,4,2,0.5000,0.2000,0.2857
tr_img_06773,3,1,0.9999,1,1,1,1.0000,1.0000,1.0000
tr_img_06774,1,0,0.0000,3,0,0,0.0000,0.0000,0.0000
tr_img_06775,44,29,0.9682,27,29,5,0.1724,0.1852,0.1786
tr_img_06776,7,3,0.8090,5,3,2,0.6667,0.4000,0.5000
tr_img_06777,9,7,0.9992,6,7,3,0.4286,0.5000,0.4615
tr_img_06778,2,1,0.9050,1,1,0,0.0000,0.0000,0.0000
tr_img_06779,9,3,0.9543,4,3,3,1.0000,0.7500,0.8571
tr_img_06780,2,0,0.0000,43,0,0,0.0000,0.0000,0.0000
tr_img_06781,0,0,0.0000,2,0,0,0.0000,0.0000,0.0000
tr_img_06782,1,1,0.8454,0,1,0,0.0000,0.0000,0.0000
tr_img_06783,6,3,0.8258,4,3,0,0.0000,0.0000,0.0000
tr_img_06784,27,12,0.9454,13,12,6,0.5000,0.4615,0.4800
tr_img_06785,4,3,0.8642,3,3,0,0.0000,0.0000,0.0000
tr_img_06786,8,8,0.9751,8,8,2,0.2500,0.2500,0.2500
tr_img_06787,0,0,0.0000,1,0,0,0.0000,0.0000,0.0000
tr_img_06788,6,0,0.0000,6,0,0,0.0000,0.0000,0.0000
tr_img_06789,4,2,0.8836,22,2,1,0.5000,0.0455,0.0833
tr_img_06790,1,0,0.0000,7,0,0,0.0000,0.0000,0.0000
tr_img_06791,1,0,0.0000,0,0,0,0.0000,0.0000,0.0000
tr_img_06792,1,0,0.0000,6,0,0,0.0000,0.0000,0.0000
tr_img_06793,1,1,0.8796,4,1,0,0.0000,0.0000,0.0000
tr_img_06794,4,2,0.9335,2,2,1,0.5000,0.5000,0.5000
tr_img_06795,4,1,0.9998,5,1,1,1.0000,0.2000,0.3333
tr_img_06796,0,0,0.0000,3,0,0,0.0000,0.0000,0.0000
tr_img_06797,0,0,0.0000,1,0,0,0.0000,0.0000,0.0000
tr_img_06798,25,9,0.9215,9,9,0,0.0000,0.0000,0.0000
tr_img_06799,6,5,0.9581,6,5,4,0.8000,0.6667,0.7273
tr_img_06800,6,5,0.9126,6,5,2,0.4000,0.3333,0.3636
tr_img_06801,7,2,0.9954,4,2,3,1.5000,0.7500,1.0000
tr_img_06802,5,3,0.9943,6,3,1,0.3333,0.1667,0.2222
tr_img_06803,4,3,0.9891,3,3,3,1.0000,1.0000,1.0000
tr_img_06804,11,5,0.8805,18,5,1,0.2000,0.0556,0.0870
tr_img_06805,3,2,0.9483,2,2,2,1.0000,1.0000,1.0000
tr_img_06806,2,2,0.9119,2,2,2,1.0000,1.0000,1.0000
tr_img_06807,1,0,0.0000,1,0,0,0.0000,0.0000,0.0000
tr_img_06808,2,0,0.0000,7,0,0,0.0000,0.0000,0.0000
tr_img_06809,4,3,0.9519,9,3,0,0.0000,0.0000,0.0000
tr_img_06810,1,1,0.8073,2,1,0,0.0000,0.0000,0.0000
tr_img_06811,3,1,0.9995,2,1,1,1.0000,0.5000,0.6667
tr_img_06812,3,1,0.9981,1,1,1,1.0000,1.0000,1.0000
tr_img_06813,3,2,0.8699,5,2,0,0.0000,0.0000,0.0000
tr_img_06814,2,1,0.8291,3,1,0,0.0000,0.0000,0.0000
tr_img_06815,3,2,0.9460,2,2,2,1.0000,1.0000,1.0000
tr_img_06816,2,0,0.0000,3,0,0,0.0000,0.0000,0.0000
tr_img_06817,2,1,0.7386,2,1,0,0.0000,0.0000,0.0000
tr_img_06818,4,3,0.9133,3,3,2,0.6667,0.6667,0.6667
tr_img_06819,20,6,0.9494,6,6,1,0.1667,0.1667,0.1667
tr_img_06820,2,1,0.7944,2,1,0,0.0000,0.0000,0.0000
tr_img_06821,7,3,0.9506,2,3,0,0.0000,0.0000,0.0000
tr_img_06822,8,3,0.8879,5,3,1,0.3333,0.2000,0.2500
tr_img_06823,2,1,0.9787,2,1,1,1.0000,0.5000,0.6667
tr_img_06824,4,4,0.8422,4,4,0,0.0000,0.0000,0.0000
tr_img_06825,3,2,0.9046,3,2,1,0.5000,0.3333,0.4000
tr_img_06826,5,2,0.9581,5,2,0,0.0000,0.0000,0.0000
tr_img_06827,37,35,0.9500,37,35,7,0.2000,0.1892,0.1944
tr_img_06828,9,4,0.9349,49,4,3,0.7500,0.0612,0.1132
tr_img_06829,7,2,0.7484,4,2,0,0.0000,0.0000,0.0000
tr_img_06830,3,2,0.9848,3,2,1,0.5000,0.3333,0.4000
tr_img_06831,10,3,0.9243,3,3,2,0.6667,0.6667,0.6667
tr_img_06832,1,0,0.0000,5,0,0,0.0000,0.0000,0.0000
tr_img_06833,3,1,0.9925,3,1,1,1.0000,0.3333,0.5000
tr_img_06834,30,13,0.9009,4,13,1,0.0769,0.2500,0.1176
tr_img_06835,10,3,0.9893,4,3,3,1.0000,0.7500,0.8571
tr_img_06836,6,2,0.9970,3,2,1,0.5000,0.3333,0.4000
tr_img_06837,4,2,0.9984,3,2,2,1.0000,0.6667,0.8000
tr_img_06838,3,0,0.0000,3,0,0,0.0000,0.0000,0.0000
tr_img_06839,2,1,0.8864,2,1,1,1.0000,0.5000,0.6667
tr_img_06840,2,1,0.9742,1,1,1,1.0000,1.0000,1.0000
tr_img_06841,2,1,0.9210,1,1,1,1.0000,1.0000,1.0000
tr_img_06842,5,3,0.8234,4,3,0,0.0000,0.0000,0.0000
tr_img_06843,4,3,0.9926,3,3,2,0.6667,0.6667,0.6667
tr_img_06844,2,1,0.9841,1,1,1,1.0000,1.0000,1.0000
tr_img_06845,8,2,0.8802,2,2,0,0.0000,0.0000,0.0000
tr_img_06846,68,35,0.9270,63,35,3,0.0857,0.0476,0.0612
tr_img_06847,2,2,0.9858,2,2,1,0.5000,0.5000,0.5000
tr_img_06848,7,6,0.8416,13,6,3,0.5000,0.2308,0.3158
tr_img_06849,0,0,0.0000,2,0,0,0.0000,0.0000,0.0000
tr_img_06850,4,3,0.8445,3,3,3,1.0000,1.0000,1.0000
tr_img_06851,3,0,0.0000,1,0,0,0.0000,0.0000,0.0000
tr_img_06852,2,1,0.8595,1,1,1,1.0000,1.0000,1.0000
tr_img_06853,9,2,0.8699,2,2,0,0.0000,0.0000,0.0000
tr_img_06854,18,7,0.9699,6,7,0,0.0000,0.0000,0.0000
tr_img_06855,2,1,0.9893,2,1,1,1.0000,0.5000,0.6667
tr_img_06856,3,0,0.0000,1,0,0,0.0000,0.0000,0.0000
tr_img_06857,2,1,0.9934,1,1,1,1.0000,1.0000,1.0000
tr_img_06858,2,1,0.9584,1,1,1,1.0000,1.0000,1.0000
tr_img_06859,5,3,0.8788,7,3,2,0.6667,0.2857,0.4000
tr_img_06860,10,3,0.9543,3,3,0,0.0000,0.0000,0.0000
tr_img_06861,11,5,0.8859,6,5,3,0.6000,0.5000,0.5455
tr_img_06862,5,1,0.8698,2,1,0,0.0000,0.0000,0.0000
tr_img_06863,4,1,0.9934,4,1,1,1.0000,0.2500,0.4000
tr_img_06864,0,0,0.0000,1,0,0,0.0000,0.0000,0.0000
tr_img_06865,2,1,0.8957,1,1,1,1.0000,1.0000,1.0000
tr_img_06866,4,1,0.8937,1,1,1,1.0000,1.0000,1.0000
tr_img_06867,11,10,0.9481,19,10,3,0.3000,0.1579,0.2069
tr_img_06868,28,11,0.8928,6,11,1,0.0909,0.1667,0.1176
tr_img_06869,1,1,0.7879,1,1,0,0.0000,0.0000,0.0000
tr_img_06870,2,0,0.0000,2,0,0,0.0000,0.0000,0.0000
tr_img_06871,12,2,0.9264,3,2,2,1.0000,0.6667,0.8000
tr_img_06872,7,5,0.9967,5,5,1,0.2000,0.2000,0.2000
tr_img_06873,7,4,0.9555,1,4,1,0.2500,1.0000,0.4000
tr_img_06874,5,2,0.9445,3,2,2,1.0000,0.6667,0.8000
tr_img_06875,10,6,0.9095,3,6,3,0.5000,1.0000,0.6667
tr_img_06876,1,0,0.0000,3,0,0,0.0000,0.0000,0.0000
tr_img_06877,6,1,0.9999,2,1,1,1.0000,0.5000,0.6667
tr_img_06878,27,19,0.9568,20,19,5,0.2632,0.2500,0.2564
tr_img_06879,2,0,0.0000,2,0,0,0.0000,0.0000,0.0000
tr_img_06880,3,2,0.9858,3,2,1,0.5000,0.3333,0.4000
tr_img_06881,1,1,0.9733,2,1,1,1.0000,0.5000,0.6667
tr_img_06882,2,1,0.9644,1,1,1,1.0000,1.0000,1.0000
tr_img_06883,29,0,0.0000,11,0,0,0.0000,0.0000,0.0000
tr_img_06884,5,2,0.7093,5,2,0,0.0000,0.0000,0.0000
tr_img_06885,11,7,0.9704,5,7,5,0.7143,1.0000,0.8333
tr_img_06886,2,2,0.9133,2,2,1,0.5000,0.5000,0.5000
tr_img_06887,2,0,0.0000,2,0,0,0.0000,0.0000,0.0000
tr_img_06888,1,1,0.9992,2,1,1,1.0000,0.5000,0.6667
tr_img_06889,8,2,0.9054,2,2,1,0.5000,0.5000,0.5000
tr_img_06890,14,4,0.9991,6,4,4,1.0000,0.6667,0.8000
tr_img_06891,1,0,0.0000,1,0,0,0.0000,0.0000,0.0000
tr_img_06892,1,0,0.0000,1,0,0,0.0000,0.0000,0.0000
tr_img_06893,2,1,0.8672,1,1,1,1.0000,1.0000,1.0000
tr_img_06894,0,0,0.0000,2,0,0,0.0000,0.0000,0.0000
tr_img_06895,2,2,0.8434,2,2,1,0.5000,0.5000,0.5000
tr_img_06896,46,34,0.9815,33,34,13,0.3824,0.3939,0.3881
tr_img_06897,16,7,0.9589,6,7,4,0.5714,0.6667,0.6154
tr_img_06898,1,0,0.0000,0,0,0,0.0000,0.0000,0.0000
tr_img_06899,3,2,0.9997,2,2,2,1.0000,1.0000,1.0000
tr_img_06900,1,1,0.7728,1,1,0,0.0000,0.0000,0.0000
tr_img_06901,3,2,0.8874,23,2,0,0.0000,0.0000,0.0000
tr_img_06902,3,2,0.9097,2,2,1,0.5000,0.5000,0.5000
tr_img_06903,29,17,0.9747,24,17,2,0.1176,0.0833,0.0976
tr_img_06904,4,3,0.9986,3,3,3,1.0000,1.0000,1.0000
tr_img_06905,4,2,0.7724,3,2,0,0.0000,0.0000,0.0000
tr_img_06906,11,5,0.9989,5,5,5,1.0000,1.0000,1.0000
tr_img_06907,10,1,0.9999,1,1,1,1.0000,1.0000,1.0000
tr_img_06908,10,5,0.8428,10,5,1,0.2000,0.1000,0.1333
tr_img_06909,4,2,0.9974,10,2,1,0.5000,0.1000,0.1667
tr_img_06910,4,2,0.9998,2,2,2,1.0000,1.0000,1.0000
tr_img_06911,1,1,0.7049,1,1,0,0.0000,0.0000,0.0000
tr_img_06912,4,4,0.9913,4,4,3,0.7500,0.7500,0.7500
tr_img_06913,0,0,0.0000,3,0,0,0.0000,0.0000,0.0000
tr_img_06914,5,1,0.9987,1,1,1,1.0000,1.0000,1.0000
tr_img_06915,6,3,0.9149,6,3,2,0.6667,0.3333,0.4444
tr_img_06916,5,2,0.9176,2,2,1,0.5000,0.5000,0.5000
tr_img_06917,2,0,0.0000,4,0,0,0.0000,0.0000,0.0000
tr_img_06918,4,2,0.9180,6,2,0,0.0000,0.0000,0.0000
tr_img_06919,4,2,0.9343,2,2,1,0.5000,0.5000,0.5000
tr_img_06920,6,3,0.9995,45,3,1,0.3333,0.0222,0.0417
tr_img_06921,3,1,0.8898,4,1,1,1.0000,0.2500,0.4000
tr_img_06922,6,1,0.8584,10,1,0,0.0000,0.0000,0.0000
tr_img_06923,2,1,0.9363,4,1,0,0.0000,0.0000,0.0000
tr_img_06924,2,1,0.9875,4,1,0,0.0000,0.0000,0.0000
tr_img_06925,8,0,0.0000,3,0,0,0.0000,0.0000,0.0000
tr_img_06926,2,2,0.9048,2,2,1,0.5000,0.5000,0.5000
tr_img_06927,1,0,0.0000,1,0,0,0.0000,0.0000,0.0000
tr_img_06928,3,1,0.9962,1,1,1,1.0000,1.0000,1.0000
tr_img_06929,7,1,0.9957,2,1,1,1.0000,0.5000,0.6667
tr_img_06930,1,0,0.0000,9,0,0,0.0000,0.0000,0.0000
tr_img_06931,3,0,0.0000,5,0,0,0.0000,0.0000,0.0000
tr_img_06932,4,3,0.9862,3,3,2,0.6667,0.6667,0.6667
tr_img_06933,4,1,0.9989,4,1,1,1.0000,0.2500,0.4000
tr_img_06934,2,1,0.9934,1,1,0,0.0000,0.0000,0.0000
tr_img_06935,4,1,0.8695,1,1,0,0.0000,0.0000,0.0000
tr_img_06936,18,8,0.9697,6,8,5,0.6250,0.8333,0.7143
tr_img_06937,7,3,0.9210,2,3,1,0.3333,0.5000,0.4000
tr_img_06938,1,1,0.7846,2,1,0,0.0000,0.0000,0.0000
tr_img_06939,8,1,1.0000,5,1,1,1.0000,0.2000,0.3333
tr_img_06940,4,2,0.9900,3,2,2,1.0000,0.6667,0.8000
tr_img_06941,5,2,0.9953,4,2,2,1.0000,0.5000,0.6667
tr_img_06942,0,0,0.0000,1,0,0,0.0000,0.0000,0.0000
tr_img_06943,3,2,0.8405,5,2,1,0.5000,0.2000,0.2857
tr_img_06944,5,1,0.9307,6,1,0,0.0000,0.0000,0.0000
tr_img_06945,3,3,0.9157,3,3,1,0.3333,0.3333,0.3333
tr_img_06946,7,3,0.9180,7,3,2,0.6667,0.2857,0.4000
tr_img_06947,2,1,0.9386,2,1,0,0.0000,0.0000,0.0000
tr_img_06948,3,1,0.9969,1,1,1,1.0000,1.0000,1.0000
tr_img_06949,0,0,0.0000,1,0,0,0.0000,0.0000,0.0000
tr_img_06950,6,4,0.9993,3,4,2,0.5000,0.6667,0.5714
tr_img_06951,31,11,0.9562,12,11,4,0.3636,0.3333,0.3478
tr_img_06952,5,3,0.9833,6,3,3,1.0000,0.5000,0.6667
tr_img_06953,3,3,0.9098,5,3,2,0.6667,0.4000,0.5000
tr_img_06954,18,1,0.7973,4,1,0,0.0000,0.0000,0.0000
tr_img_06955,2,1,0.7471,2,1,1,1.0000,0.5000,0.6667
tr_img_06956,3,1,0.7780,5,1,0,0.0000,0.0000,0.0000
tr_img_06957,2,1,0.8834,1,1,0,0.0000,0.0000,0.0000
tr_img_06958,2,1,0.7856,2,1,0,0.0000,0.0000,0.0000
tr_img_06959,5,2,0.9584,3,2,1,0.5000,0.3333,0.4000
tr_img_06960,16,2,0.9359,4,2,2,1.0000,0.5000,0.6667
tr_img_06961,4,3,0.9936,3,3,3,1.0000,1.0000,1.0000
tr_img_06962,1,0,0.0000,1,0,0,0.0000,0.0000,0.0000
tr_img_06963,20,1,0.7281,29,1,0,0.0000,0.0000,0.0000
tr_img_06964,3,2,0.9914,8,2,2,1.0000,0.2500,0.4000
tr_img_06965,4,3,0.9955,3,3,2,0.6667,0.6667,0.6667
tr_img_06966,9,4,0.9586,5,4,0,0.0000,0.0000,0.0000
tr_img_06967,4,0,0.0000,4,0,0,0.0000,0.0000,0.0000
tr_img_06968,2,1,0.9685,1,1,1,1.0000,1.0000,1.0000
tr_img_06969,13,5,0.9045,7,5,4,0.8000,0.5714,0.6667
tr_img_06970,6,2,0.9720,7,2,1,0.5000,0.1429,0.2222
tr_img_06971,6,4,0.7274,69,4,5,1.2500,0.0725,0.1370
tr_img_06972,2,1,0.9657,3,1,1,1.0000,0.3333,0.5000
tr_img_06973,1,0,0.0000,1,0,0,0.0000,0.0000,0.0000
tr_img_06974,0,0,0.0000,1,0,0,0.0000,0.0000,0.0000
tr_img_06975,1,0,0.0000,1,0,0,0.0000,0.0000,0.0000
tr_img_06976,5,2,0.9077,3,2,0,0.0000,0.0000,0.0000
tr_img_06977,11,4,0.9649,4,4,3,0.7500,0.7500,0.7500
tr_img_06978,21,6,0.9646,8,6,3,0.5000,0.3750,0.4286
tr_img_06979,5,2,0.9995,7,2,1,0.5000,0.1429,0.2222
tr_img_06980,3,2,0.9829,2,2,1,0.5000,0.5000,0.5000
tr_img_06981,4,3,0.9975,3,3,3,1.0000,1.0000,1.0000
tr_img_06982,68,39,0.9659,60,39,15,0.3846,0.2500,0.3030
tr_img_06983,4,1,0.8033,12,1,0,0.0000,0.0000,0.0000
tr_img_06984,3,3,0.8697,2,3,0,0.0000,0.0000,0.0000
tr_img_06985,2,1,0.9934,2,1,1,1.0000,0.5000,0.6667
tr_img_06986,3,0,0.0000,2,0,0,0.0000,0.0000,0.0000
tr_img_06987,6,4,0.9987,7,4,3,0.7500,0.4286,0.5455
tr_img_06988,1,1,0.9998,1,1,1,1.0000,1.0000,1.0000
tr_img_06989,2,2,0.9945,10,2,2,1.0000,0.2000,0.3333
tr_img_06990,2,1,0.8977,1,1,0,0.0000,0.0000,0.0000
tr_img_06991,3,0,0.0000,2,0,0,0.0000,0.0000,0.0000
tr_img_06992,1,1,0.9878,1,1,0,0.0000,0.0000,0.0000
tr_img_06993,7,1,0.9994,2,1,0,0.0000,0.0000,0.0000
tr_img_06994,10,2,0.9998,2,2,2,1.0000,1.0000,1.0000
tr_img_06995,2,1,0.7984,2,1,0,0.0000,0.0000,0.0000
tr_img_06996,5,2,0.9844,2,2,0,0.0000,0.0000,0.0000
tr_img_06997,1,0,0.0000,1,0,0,0.0000,0.0000,0.0000
tr_img_06998,5,1,0.9664,2,1,1,1.0000,0.5000,0.6667
tr_img_06999,8,7,0.9711,7,7,2,0.2857,0.2857,0.2857
tr_img_07000,0,0,0.0000,3,0,0,0.0000,0.0000,0.0000
