Image,Total_Boxes,Retained_Boxes,Average_Confidence
tr_img_06001,11,9,0.9782
tr_img_06002,2,2,0.9471
tr_img_06003,2,2,0.9931
tr_img_06004,1,1,0.8502
tr_img_06005,1,1,0.8208
tr_img_06006,2,2,0.9588
tr_img_06007,3,3,0.9395
tr_img_06008,0,0,0.0000
tr_img_06009,4,4,0.9966
tr_img_06010,4,4,0.9913
tr_img_06011,11,11,0.9042
tr_img_06012,2,2,0.9914
tr_img_06013,5,5,0.9883
tr_img_06014,3,3,0.9968
tr_img_06015,1,1,0.8705
tr_img_06016,2,2,0.9514
tr_img_06017,0,0,0.0000
tr_img_06018,4,4,0.9372
tr_img_06019,17,15,0.9253
tr_img_06020,14,12,0.9510
tr_img_06021,4,4,0.9278
tr_img_06022,1,1,0.9954
tr_img_06023,25,23,0.9661
tr_img_06024,2,2,0.9992
tr_img_06025,4,3,0.9678
tr_img_06026,8,7,0.9303
tr_img_06027,4,4,0.9714
tr_img_06028,4,4,0.9363
tr_img_06029,3,2,0.9106
tr_img_06030,4,4,0.9648
tr_img_06031,2,2,0.9754
tr_img_06032,4,4,0.9481
tr_img_06033,9,9,0.9976
tr_img_06034,1,0,0.0000
tr_img_06035,1,1,0.8390
tr_img_06036,16,16,0.9827
tr_img_06037,5,4,0.8491
tr_img_06038,5,5,0.9614
tr_img_06039,1,1,0.9988
tr_img_06040,46,39,0.9651
tr_img_06041,2,2,0.8800
tr_img_06042,1,1,0.9061
tr_img_06043,3,3,0.9978
tr_img_06044,2,2,0.9970
tr_img_06045,4,4,0.9950
tr_img_06046,3,3,0.9335
tr_img_06047,3,3,0.9315
tr_img_06048,4,4,0.9477
tr_img_06049,1,1,0.9677
tr_img_06050,1,1,0.9849
tr_img_06051,1,1,0.8363
tr_img_06052,3,3,0.8407
tr_img_06053,2,2,0.9979
tr_img_06054,2,2,0.9842
tr_img_06055,51,50,0.9609
tr_img_06056,2,2,0.9965
tr_img_06057,1,0,0.0000
tr_img_06058,3,3,0.9972
tr_img_06059,0,0,0.0000
tr_img_06060,1,1,1.0000
tr_img_06061,5,5,0.9730
tr_img_06062,2,2,0.9749
tr_img_06063,1,1,0.9882
tr_img_06064,13,13,0.9669
tr_img_06065,0,0,0.0000
tr_img_06066,3,3,0.9778
tr_img_06067,16,16,0.9281
tr_img_06068,6,5,0.9338
tr_img_06069,2,2,0.9968
tr_img_06070,1,0,0.0000
tr_img_06071,1,1,0.9428
tr_img_06072,3,3,0.8997
tr_img_06073,2,2,0.9014
tr_img_06074,3,3,0.9297
tr_img_06075,14,11,0.9405
tr_img_06076,37,36,0.9854
tr_img_06077,4,4,0.9153
tr_img_06078,11,11,0.9434
tr_img_06079,15,15,0.9789
tr_img_06080,2,2,0.9997
tr_img_06081,10,10,0.9664
tr_img_06082,4,2,0.9454
tr_img_06083,3,3,0.9963
tr_img_06084,5,4,0.9775
tr_img_06085,3,3,0.9945
tr_img_06086,3,3,0.9995
tr_img_06087,2,2,0.9597
tr_img_06088,4,4,0.9728
tr_img_06089,5,5,0.9919
tr_img_06090,0,0,0.0000
tr_img_06091,1,1,0.8279
tr_img_06092,7,6,0.8699
tr_img_06093,4,4,0.9333
tr_img_06094,7,7,0.9566
tr_img_06095,2,2,0.8961
tr_img_06096,2,2,0.9907
tr_img_06097,5,5,0.9374
tr_img_06098,1,1,0.9694
tr_img_06099,12,12,0.9364
tr_img_06100,1,1,0.9976
tr_img_06101,4,4,0.9826
tr_img_06102,3,3,0.8449
tr_img_06103,2,2,0.9164
tr_img_06104,9,9,0.9266
tr_img_06105,2,2,0.9700
tr_img_06106,4,4,0.9780
tr_img_06107,2,1,0.8376
tr_img_06108,2,2,0.9000
tr_img_06109,1,0,0.0000
tr_img_06110,5,5,0.9806
tr_img_06111,6,5,0.8470
tr_img_06112,3,3,0.8426
tr_img_06113,5,5,0.8731
tr_img_06114,4,4,0.9961
tr_img_06115,1,1,0.9631
tr_img_06116,23,21,0.9571
tr_img_06117,15,14,0.9607
tr_img_06118,2,2,0.9932
tr_img_06119,1,0,0.0000
tr_img_06120,1,1,0.9753
tr_img_06121,1,1,0.9983
tr_img_06122,1,1,0.9997
tr_img_06123,1,1,0.9137
tr_img_06124,7,7,0.9640
tr_img_06125,3,3,0.9106
tr_img_06126,5,5,0.9261
tr_img_06127,1,0,0.0000
tr_img_06128,6,6,0.8866
tr_img_06129,1,1,0.9955
tr_img_06130,12,12,0.9328
tr_img_06131,19,19,0.9553
tr_img_06132,4,4,0.9994
tr_img_06133,2,2,0.9997
tr_img_06134,2,2,0.9969
tr_img_06135,33,32,0.9330
tr_img_06136,1,1,0.9696
tr_img_06137,1,1,0.9759
tr_img_06138,1,1,0.9985
tr_img_06139,5,5,0.9351
tr_img_06140,2,2,0.9992
tr_img_06141,3,3,0.8557
tr_img_06142,6,4,0.9010
tr_img_06143,2,2,0.9711
tr_img_06144,0,0,0.0000
tr_img_06145,4,3,0.9187
tr_img_06146,4,3,0.9198
tr_img_06147,1,1,0.9963
tr_img_06148,1,1,0.9934
tr_img_06149,4,4,0.9974
tr_img_06150,1,1,0.9672
tr_img_06151,1,1,0.8788
tr_img_06152,2,2,0.9926
tr_img_06153,9,9,0.9928
tr_img_06154,2,2,0.7709
tr_img_06155,2,2,0.9291
tr_img_06156,5,3,0.8336
tr_img_06157,1,1,0.9946
tr_img_06158,1,0,0.0000
tr_img_06159,10,10,0.9557
tr_img_06160,1,1,0.9928
tr_img_06161,1,0,0.0000
tr_img_06162,7,5,0.8796
tr_img_06163,3,1,0.9985
tr_img_06164,13,12,0.9320
tr_img_06165,6,5,0.8820
tr_img_06166,1,1,0.8594
tr_img_06167,16,16,0.9824
tr_img_06168,3,3,0.8865
tr_img_06169,2,2,0.9968
tr_img_06170,11,11,0.9626
tr_img_06171,9,8,0.9863
tr_img_06172,2,2,0.9973
tr_img_06173,5,5,0.8750
tr_img_06174,1,1,0.7211
tr_img_06175,1,1,0.7787
tr_img_06176,9,9,0.9434
tr_img_06177,4,4,0.9971
tr_img_06178,4,4,0.9963
tr_img_06179,8,7,0.9749
tr_img_06180,7,7,0.9698
tr_img_06181,2,2,0.9919
tr_img_06182,13,13,0.9475
tr_img_06183,3,3,0.9869
tr_img_06184,1,1,0.9670
tr_img_06185,35,30,0.9431
tr_img_06186,0,0,0.0000
tr_img_06187,10,9,0.9289
tr_img_06188,4,4,0.9217
tr_img_06189,3,2,0.9678
tr_img_06190,30,30,0.9493
tr_img_06191,3,3,0.8002
tr_img_06192,5,5,0.9277
tr_img_06193,0,0,0.0000
tr_img_06194,4,4,0.9904
tr_img_06195,4,4,0.9976
tr_img_06196,8,8,0.9364
tr_img_06197,8,8,0.9691
tr_img_06198,18,18,0.9852
tr_img_06199,7,6,0.8781
tr_img_06200,2,2,0.9732
tr_img_06201,1,1,0.9912
tr_img_06202,4,4,0.9979
tr_img_06203,1,0,0.0000
tr_img_06204,11,11,0.8559
tr_img_06205,1,1,0.7417
tr_img_06206,10,10,0.9774
tr_img_06207,2,2,0.7900
tr_img_06208,3,3,0.9995
tr_img_06209,23,22,0.9441
tr_img_06210,5,5,0.8533
tr_img_06211,18,18,0.9440
tr_img_06212,2,2,0.9101
tr_img_06213,3,3,0.9578
tr_img_06214,5,5,0.8482
tr_img_06215,13,12,0.9772
tr_img_06216,1,1,0.9974
tr_img_06217,1,1,0.8112
tr_img_06218,4,4,0.9264
tr_img_06219,0,0,0.0000
tr_img_06220,2,2,0.9941
tr_img_06221,2,2,0.9971
tr_img_06222,3,3,0.9118
tr_img_06223,1,0,0.0000
tr_img_06224,1,1,0.8414
tr_img_06225,3,2,0.7550
tr_img_06226,2,2,0.9926
tr_img_06227,6,5,0.9479
tr_img_06228,10,10,0.9060
tr_img_06229,1,1,0.9998
tr_img_06230,3,2,0.9635
tr_img_06231,13,12,0.9476
tr_img_06232,2,2,0.9423
tr_img_06233,4,4,0.9482
tr_img_06234,7,7,0.9779
tr_img_06235,6,6,0.9963
tr_img_06236,4,4,0.9817
tr_img_06237,19,18,0.9529
tr_img_06238,4,3,0.9031
tr_img_06239,4,4,0.9984
tr_img_06240,3,3,0.9999
tr_img_06241,7,6,0.9373
tr_img_06242,5,5,0.9000
tr_img_06243,1,1,0.9966
tr_img_06244,3,3,0.9094
tr_img_06245,10,10,0.9909
tr_img_06246,3,3,0.9995
tr_img_06247,2,2,0.9982
tr_img_06248,10,9,0.9439
tr_img_06249,3,3,0.9487
tr_img_06250,6,6,0.8993
tr_img_06251,13,13,0.9755
tr_img_06252,9,9,0.9880
tr_img_06253,4,4,0.9995
tr_img_06254,1,1,0.9155
tr_img_06255,1,1,0.9635
tr_img_06256,4,4,0.9717
tr_img_06257,1,1,0.8469
tr_img_06258,6,4,0.9111
tr_img_06259,2,2,0.8966
tr_img_06260,35,35,0.9763
tr_img_06261,51,47,0.9278
tr_img_06262,1,1,0.9919
tr_img_06263,2,1,0.8834
tr_img_06264,5,5,0.9876
tr_img_06265,1,1,0.9657
tr_img_06266,2,2,0.9169
tr_img_06267,0,0,0.0000
tr_img_06268,4,3,0.8538
tr_img_06269,1,1,0.9920
tr_img_06270,22,22,0.9833
tr_img_06271,4,4,0.9969
tr_img_06272,4,4,0.9140
tr_img_06273,1,1,0.9964
tr_img_06274,2,2,0.8871
tr_img_06275,7,6,0.9686
tr_img_06276,2,2,0.7581
tr_img_06277,14,14,0.9904
tr_img_06278,7,6,0.9537
tr_img_06279,4,4,0.9869
tr_img_06280,2,2,0.9966
tr_img_06281,2,2,0.9980
tr_img_06282,2,2,0.9611
tr_img_06283,4,3,0.9501
tr_img_06284,3,3,0.9931
tr_img_06285,10,10,0.9517
tr_img_06286,3,3,0.9990
tr_img_06287,3,2,0.8469
tr_img_06288,4,4,0.9756
tr_img_06289,3,2,0.8231
tr_img_06290,10,10,0.9605
tr_img_06291,3,3,0.8303
tr_img_06292,3,2,0.7249
tr_img_06293,12,12,0.9823
tr_img_06294,7,7,0.8900
tr_img_06295,1,1,0.9344
tr_img_06296,1,1,0.8617
tr_img_06297,10,9,0.9583
tr_img_06298,5,5,0.9752
tr_img_06299,8,8,0.9443
tr_img_06300,1,1,0.7831
tr_img_06301,7,7,0.9432
tr_img_06302,2,2,0.9649
tr_img_06303,14,12,0.9150
tr_img_06304,1,0,0.0000
tr_img_06305,1,0,0.0000
tr_img_06306,3,2,0.9856
tr_img_06307,22,21,0.9895
tr_img_06308,21,16,0.9639
tr_img_06309,6,6,0.9555
tr_img_06310,1,1,0.9974
tr_img_06311,2,2,0.9571
tr_img_06312,17,17,0.9481
tr_img_06313,3,3,0.8736
tr_img_06314,11,10,0.9683
tr_img_06315,1,0,0.0000
tr_img_06316,13,11,0.9464
tr_img_06317,2,2,0.9469
tr_img_06318,4,1,1.0000
tr_img_06319,7,7,0.8550
tr_img_06320,34,31,0.9360
tr_img_06321,2,2,0.9895
tr_img_06322,1,1,0.9401
tr_img_06323,2,2,0.9439
tr_img_06324,2,2,0.9335
tr_img_06325,4,4,0.9740
tr_img_06326,9,9,0.9091
tr_img_06327,8,8,0.9905
tr_img_06328,2,2,0.9984
tr_img_06329,4,4,0.9983
tr_img_06330,5,5,0.8451
tr_img_06331,1,1,0.9992
tr_img_06332,8,7,0.9824
tr_img_06333,1,1,0.9393
tr_img_06334,15,15,0.9923
tr_img_06335,1,1,0.9781
tr_img_06336,2,2,0.9507
tr_img_06337,1,1,0.9878
tr_img_06338,3,3,0.9915
tr_img_06339,0,0,0.0000
tr_img_06340,1,1,0.8969
tr_img_06341,1,1,0.9998
tr_img_06342,1,0,0.0000
tr_img_06343,6,6,0.8989
tr_img_06344,1,1,0.8760
tr_img_06345,3,3,0.9728
tr_img_06346,10,10,0.8968
tr_img_06347,7,7,0.9300
tr_img_06348,4,4,0.9925
tr_img_06349,21,17,0.9641
tr_img_06350,6,5,0.9679
tr_img_06351,5,4,0.9225
tr_img_06352,34,30,0.9635
tr_img_06353,9,9,0.9716
tr_img_06354,1,1,0.9990
tr_img_06355,2,2,0.9558
tr_img_06356,6,6,0.9280
tr_img_06357,2,2,0.9062
tr_img_06358,3,3,0.9724
tr_img_06359,1,1,0.8115
tr_img_06360,4,4,0.9986
tr_img_06361,15,15,0.9672
tr_img_06362,2,2,0.9877
tr_img_06363,2,2,0.9971
tr_img_06364,2,0,0.0000
tr_img_06365,4,4,0.9977
tr_img_06366,6,5,0.9939
tr_img_06367,1,1,0.9992
tr_img_06368,1,1,0.8637
tr_img_06369,9,8,0.8934
tr_img_06370,2,2,0.9951
tr_img_06371,2,2,0.9551
tr_img_06372,4,4,0.9721
tr_img_06373,0,0,0.0000
tr_img_06374,2,2,0.9838
tr_img_06375,15,15,0.9655
tr_img_06376,3,2,0.9123
tr_img_06377,5,5,0.9094
tr_img_06378,0,0,0.0000
tr_img_06379,1,0,0.0000
tr_img_06380,1,1,0.9985
tr_img_06381,3,3,0.9204
tr_img_06382,6,6,0.9612
tr_img_06383,1,1,0.9737
tr_img_06384,2,1,0.8199
tr_img_06385,1,1,0.8133
tr_img_06386,5,4,0.9513
tr_img_06387,5,5,0.9866
tr_img_06388,4,3,0.9835
tr_img_06389,1,1,0.9352
tr_img_06390,2,2,0.9902
tr_img_06391,19,19,0.9758
tr_img_06392,7,7,0.9389
tr_img_06393,1,1,0.9399
tr_img_06394,8,8,0.9852
tr_img_06395,6,4,0.9330
tr_img_06396,1,1,0.9740
tr_img_06397,7,5,0.8846
tr_img_06398,1,0,0.0000
tr_img_06399,2,2,0.9933
tr_img_06400,12,12,0.9716
tr_img_06401,1,1,0.7950
tr_img_06402,1,1,1.0000
tr_img_06403,11,8,0.8856
tr_img_06404,18,18,0.9322
tr_img_06405,2,2,0.9279
tr_img_06406,2,2,0.9919
tr_img_06407,10,9,0.9764
tr_img_06408,7,6,0.9352
tr_img_06409,22,19,0.9274
tr_img_06410,1,1,0.9448
tr_img_06411,5,5,0.9563
tr_img_06412,1,1,0.7684
tr_img_06413,1,0,0.0000
tr_img_06414,2,2,0.9483
tr_img_06415,2,2,0.9169
tr_img_06416,3,3,0.8775
tr_img_06417,0,0,0.0000
tr_img_06418,3,3,0.9755
tr_img_06419,15,13,0.9628
tr_img_06420,4,4,0.9566
tr_img_06421,5,5,0.9430
tr_img_06422,3,3,0.9994
tr_img_06423,1,1,0.9377
tr_img_06424,2,2,0.9990
tr_img_06425,9,9,0.9228
tr_img_06426,3,3,0.7930
tr_img_06427,37,33,0.9414
tr_img_06428,1,1,0.9995
tr_img_06429,4,4,0.9948
tr_img_06430,0,0,0.0000
tr_img_06431,2,2,0.9383
tr_img_06432,1,1,0.7994
tr_img_06433,3,3,0.9826
tr_img_06434,1,1,0.9974
tr_img_06435,2,2,0.9025
tr_img_06436,3,3,0.9906
tr_img_06437,2,1,0.7049
tr_img_06438,11,11,0.9708
tr_img_06439,5,3,0.9139
tr_img_06440,4,4,0.9649
tr_img_06441,2,2,0.9330
tr_img_06442,5,4,0.9905
tr_img_06443,5,5,0.9524
tr_img_06444,3,3,0.9485
tr_img_06445,2,2,0.9357
tr_img_06446,16,15,0.9355
tr_img_06447,18,17,0.9627
tr_img_06448,4,4,0.9977
tr_img_06449,4,4,0.9814
tr_img_06450,1,1,0.9742
tr_img_06451,0,0,0.0000
tr_img_06452,5,5,0.8635
tr_img_06453,0,0,0.0000
tr_img_06454,3,2,0.8309
tr_img_06455,3,3,0.9917
tr_img_06456,4,4,0.8773
tr_img_06457,8,8,0.9615
tr_img_06458,2,2,0.9438
tr_img_06459,2,0,0.0000
tr_img_06460,10,10,0.9389
tr_img_06461,3,2,0.8866
tr_img_06462,2,2,0.8544
tr_img_06463,2,2,0.9807
tr_img_06464,18,18,0.9813
tr_img_06465,1,0,0.0000
tr_img_06466,4,4,0.9584
tr_img_06467,4,4,0.9320
tr_img_06468,3,3,0.9168
tr_img_06469,10,10,0.9805
tr_img_06470,7,6,0.9919
tr_img_06471,1,1,0.9961
tr_img_06472,7,6,0.9524
tr_img_06473,2,2,0.9145
tr_img_06474,2,2,0.9919
tr_img_06475,1,1,0.9866
tr_img_06476,7,6,0.9259
tr_img_06477,2,2,0.9998
tr_img_06478,6,6,0.9319
tr_img_06479,2,2,0.8821
tr_img_06480,5,4,0.8781
tr_img_06481,2,2,0.9800
tr_img_06482,6,6,0.9596
tr_img_06483,6,5,0.8574
tr_img_06484,2,2,0.8872
tr_img_06485,3,3,0.9606
tr_img_06486,2,2,0.9979
tr_img_06487,10,10,0.9191
tr_img_06488,6,6,0.9882
tr_img_06489,4,4,0.9642
tr_img_06490,12,11,0.9633
tr_img_06491,0,0,0.0000
tr_img_06492,2,2,0.8469
tr_img_06493,16,16,0.9722
tr_img_06494,3,3,0.9616
tr_img_06495,1,1,0.9223
tr_img_06496,1,1,0.8351
tr_img_06497,1,1,0.9954
tr_img_06498,8,8,0.9927
tr_img_06499,8,6,0.9339
tr_img_06500,4,4,0.9206
tr_img_06501,1,1,1.0000
tr_img_06502,2,2,0.9993
tr_img_06503,18,18,0.9731
tr_img_06504,47,47,0.9913
tr_img_06505,4,4,0.9378
tr_img_06506,9,9,0.9557
tr_img_06507,2,2,0.9699
tr_img_06508,3,3,0.9284
tr_img_06509,96,88,0.9494
tr_img_06510,5,5,0.9177
tr_img_06511,5,5,0.9453
tr_img_06512,2,2,0.9523
tr_img_06513,46,39,0.8956
tr_img_06514,6,5,0.9738
tr_img_06515,13,13,0.9412
tr_img_06516,3,3,0.9471
tr_img_06517,14,14,0.9579
tr_img_06518,2,2,0.9966
tr_img_06519,1,1,0.7416
tr_img_06520,4,3,0.9484
tr_img_06521,4,4,0.9984
tr_img_06522,7,7,0.9820
tr_img_06523,8,8,0.9786
tr_img_06524,4,4,0.9554
tr_img_06525,3,3,0.9711
tr_img_06526,10,10,0.9769
tr_img_06527,1,1,0.9860
tr_img_06528,1,1,0.8766
tr_img_06529,7,7,0.9349
tr_img_06530,7,7,0.8669
tr_img_06531,1,1,0.9076
tr_img_06532,1,1,0.8506
tr_img_06533,3,3,0.9858
tr_img_06534,5,5,0.9702
tr_img_06535,10,10,0.9044
tr_img_06536,9,9,0.9874
tr_img_06537,2,2,0.9505
tr_img_06538,24,22,0.9662
tr_img_06539,6,6,0.9861
tr_img_06540,9,9,0.9551
tr_img_06541,2,1,0.9818
tr_img_06542,4,4,0.9314
tr_img_06543,7,7,0.9654
tr_img_06544,3,3,0.7895
tr_img_06545,3,1,0.9018
tr_img_06546,14,14,0.9598
tr_img_06547,3,3,0.7994
tr_img_06548,1,1,0.8038
tr_img_06549,12,12,0.9582
tr_img_06550,2,2,0.9966
tr_img_06551,0,0,0.0000
tr_img_06552,4,4,0.9841
tr_img_06553,1,1,0.9830
tr_img_06554,34,25,0.8980
tr_img_06555,1,1,0.7056
tr_img_06556,36,32,0.9710
tr_img_06557,8,8,0.8680
tr_img_06558,1,1,0.9994
tr_img_06559,3,2,0.9362
tr_img_06560,3,1,0.9873
tr_img_06561,2,2,0.8621
tr_img_06562,1,1,0.9989
tr_img_06563,12,11,0.9844
tr_img_06564,7,7,0.9258
tr_img_06565,2,2,0.9637
tr_img_06566,6,5,0.9664
tr_img_06567,1,1,0.9925
tr_img_06568,4,3,0.9250
tr_img_06569,1,1,0.9998
tr_img_06570,3,3,0.9563
tr_img_06571,1,1,0.9244
tr_img_06572,16,15,0.9771
tr_img_06573,10,10,0.9508
tr_img_06574,11,11,0.9708
tr_img_06575,2,2,0.9944
tr_img_06576,1,1,0.9931
tr_img_06577,2,0,0.0000
tr_img_06578,5,4,0.9471
tr_img_06579,4,4,0.8715
tr_img_06580,4,4,0.9573
tr_img_06581,4,4,0.8712
tr_img_06582,2,2,0.9655
tr_img_06583,10,10,0.9863
tr_img_06584,4,4,0.9857
tr_img_06585,10,9,0.9050
tr_img_06586,4,4,0.9973
tr_img_06587,1,1,0.9825
tr_img_06588,3,3,0.9860
tr_img_06589,1,1,0.7543
tr_img_06590,7,7,0.9500
tr_img_06591,9,9,0.9635
tr_img_06592,9,8,0.9361
tr_img_06593,5,5,0.9792
tr_img_06594,1,1,0.9984
tr_img_06595,3,3,0.9277
tr_img_06596,4,4,0.9203
tr_img_06597,7,7,0.9785
tr_img_06598,1,1,0.9797
tr_img_06599,4,4,0.9951
tr_img_06600,9,9,0.9383
tr_img_06601,1,1,0.8803
tr_img_06602,6,5,0.9184
tr_img_06603,2,2,0.9586
tr_img_06604,8,8,0.9892
tr_img_06605,2,1,0.9884
tr_img_06606,2,2,0.9388
tr_img_06607,2,2,0.9056
tr_img_06608,1,0,0.0000
tr_img_06609,2,2,0.9300
tr_img_06610,21,19,0.9782
tr_img_06611,1,1,0.9998
tr_img_06612,2,1,0.7672
tr_img_06613,8,6,0.8838
tr_img_06614,3,3,0.9871
tr_img_06615,4,4,0.9992
tr_img_06616,3,3,0.9391
tr_img_06617,2,2,0.9878
tr_img_06618,44,43,0.9578
tr_img_06619,6,6,0.9259
tr_img_06620,5,5,0.9480
tr_img_06621,42,42,0.9647
tr_img_06622,1,1,0.9995
tr_img_06623,1,0,0.0000
tr_img_06624,5,5,0.9968
tr_img_06625,1,1,0.9845
tr_img_06626,6,6,0.9340
tr_img_06627,4,4,0.9575
tr_img_06628,3,3,0.9868
tr_img_06629,6,6,0.8830
tr_img_06630,5,5,0.9596
tr_img_06631,1,1,0.9998
tr_img_06632,1,1,0.7143
tr_img_06633,3,3,0.8447
tr_img_06634,3,3,0.9753
tr_img_06635,0,0,0.0000
tr_img_06636,5,5,0.9743
tr_img_06637,4,4,0.9382
tr_img_06638,2,2,0.8359
tr_img_06639,5,5,0.9537
tr_img_06640,3,2,0.9502
tr_img_06641,4,3,0.8548
tr_img_06642,3,3,0.8941
tr_img_06643,1,1,0.8260
tr_img_06644,7,4,0.9379
tr_img_06645,4,4,0.9721
tr_img_06646,2,2,0.9815
tr_img_06647,2,2,0.9823
tr_img_06648,7,7,0.9918
tr_img_06649,4,4,0.9962
tr_img_06650,2,2,0.9178
tr_img_06651,0,0,0.0000
tr_img_06652,1,1,0.8919
tr_img_06653,3,3,0.9538
tr_img_06654,3,3,0.9536
tr_img_06655,2,2,0.8844
tr_img_06656,4,4,0.9949
tr_img_06657,2,2,0.9532
tr_img_06658,2,2,0.9959
tr_img_06659,5,5,0.9578
tr_img_06660,2,2,0.9768
tr_img_06661,4,4,0.9663
tr_img_06662,1,1,0.9455
tr_img_06663,6,6,0.9719
tr_img_06664,10,9,0.9673
tr_img_06665,2,2,0.9938
tr_img_06666,8,8,0.9759
tr_img_06667,1,0,0.0000
tr_img_06668,13,13,0.9747
tr_img_06669,4,4,0.9966
tr_img_06670,10,6,0.9370
tr_img_06671,1,1,1.0000
tr_img_06672,1,1,0.8417
tr_img_06673,0,0,0.0000
tr_img_06674,2,2,0.8762
tr_img_06675,8,8,0.9737
tr_img_06676,2,1,0.7543
tr_img_06677,2,1,0.9163
tr_img_06678,4,3,0.9920
tr_img_06679,2,2,0.9130
tr_img_06680,3,3,0.9820
tr_img_06681,1,1,1.0000
tr_img_06682,1,1,0.8642
tr_img_06683,25,25,0.9854
tr_img_06684,2,0,0.0000
tr_img_06685,4,4,0.9857
tr_img_06686,2,2,0.8361
tr_img_06687,7,7,0.9904
tr_img_06688,1,1,0.9998
tr_img_06689,1,1,0.7324
tr_img_06690,1,1,0.9146
tr_img_06691,1,1,0.9645
tr_img_06692,3,2,0.9989
tr_img_06693,1,0,0.0000
tr_img_06694,1,1,0.8953
tr_img_06695,3,2,0.9867
tr_img_06696,5,5,0.9572
tr_img_06697,7,6,0.9888
tr_img_06698,1,1,0.9816
tr_img_06699,2,0,0.0000
tr_img_06700,1,1,0.9998
tr_img_06701,1,0,0.0000
tr_img_06702,55,54,0.9364
tr_img_06703,36,36,0.9970
tr_img_06704,4,4,0.9637
tr_img_06705,1,1,0.9049
tr_img_06706,6,4,0.9373
tr_img_06707,4,4,0.9092
tr_img_06708,6,6,0.9505
tr_img_06709,8,8,0.9802
tr_img_06710,4,4,0.9600
tr_img_06711,0,0,0.0000
tr_img_06712,2,1,0.9362
tr_img_06713,4,4,0.9919
tr_img_06714,18,16,0.9800
tr_img_06715,2,2,0.9421
tr_img_06716,7,7,0.9772
tr_img_06717,5,5,0.9432
tr_img_06718,1,0,0.0000
tr_img_06719,3,3,0.8976
tr_img_06720,3,2,0.9648
tr_img_06721,2,2,0.8721
tr_img_06722,3,3,0.8808
tr_img_06723,1,1,0.9667
tr_img_06724,1,1,0.9994
tr_img_06725,15,15,0.9927
tr_img_06726,0,0,0.0000
tr_img_06727,9,9,0.9388
tr_img_06728,8,8,0.9542
tr_img_06729,4,4,0.9161
tr_img_06730,16,15,0.9168
tr_img_06731,2,2,0.9736
tr_img_06732,4,4,0.9892
tr_img_06733,13,12,0.9631
tr_img_06734,1,0,0.0000
tr_img_06735,0,0,0.0000
tr_img_06736,5,5,0.9108
tr_img_06737,1,1,1.0000
tr_img_06738,1,0,0.0000
tr_img_06739,1,1,0.8490
tr_img_06740,5,5,0.9398
tr_img_06741,15,15,0.9802
tr_img_06742,2,2,0.9974
tr_img_06743,23,23,0.9744
tr_img_06744,5,5,0.9510
tr_img_06745,2,2,0.9978
tr_img_06746,26,25,0.9315
tr_img_06747,1,1,0.7463
tr_img_06748,14,14,0.9394
tr_img_06749,3,2,0.8961
tr_img_06750,1,0,0.0000
tr_img_06751,7,7,0.9850
tr_img_06752,12,10,0.9116
tr_img_06753,30,30,0.9897
tr_img_06754,1,0,0.0000
tr_img_06755,2,1,0.8003
tr_img_06756,12,10,0.9031
tr_img_06757,8,8,0.9812
tr_img_06758,3,3,0.9995
tr_img_06759,3,3,0.8825
tr_img_06760,2,2,0.9199
tr_img_06761,0,0,0.0000
tr_img_06762,2,2,0.9915
tr_img_06763,3,3,0.9133
tr_img_06764,3,3,0.7672
tr_img_06765,5,5,0.9891
tr_img_06766,16,14,0.9538
tr_img_06767,7,7,0.9344
tr_img_06768,3,2,0.9426
tr_img_06769,1,1,0.9999
tr_img_06770,0,0,0.0000
tr_img_06771,5,4,0.8979
tr_img_06772,6,6,0.9211
tr_img_06773,3,3,0.9983
tr_img_06774,1,1,0.8821
tr_img_06775,19,19,0.9618
tr_img_06776,6,4,0.9087
tr_img_06777,10,10,0.9991
tr_img_06778,2,2,0.9636
tr_img_06779,1,1,0.9996
tr_img_06780,2,2,0.9484
tr_img_06781,0,0,0.0000
tr_img_06782,1,1,0.9691
tr_img_06783,6,6,0.8924
tr_img_06784,16,14,0.9482
tr_img_06785,2,2,0.9376
tr_img_06786,9,9,0.9852
tr_img_06787,0,0,0.0000
tr_img_06788,2,2,0.7928
tr_img_06789,3,3,0.8330
tr_img_06790,1,1,0.9690
tr_img_06791,1,1,0.9498
tr_img_06792,1,1,0.7247
tr_img_06793,1,1,0.8930
tr_img_06794,4,4,0.9921
tr_img_06795,5,5,0.9834
tr_img_06796,0,0,0.0000
tr_img_06797,1,0,0.0000
tr_img_06798,24,23,0.9416
tr_img_06799,6,5,0.9395
tr_img_06800,6,6,0.9342
tr_img_06801,6,6,0.9986
tr_img_06802,5,5,0.9760
tr_img_06803,4,4,0.9945
tr_img_06804,3,3,0.9838
tr_img_06805,1,1,0.9959
tr_img_06806,2,2,0.9467
tr_img_06807,2,1,0.9252
tr_img_06808,2,2,0.9078
tr_img_06809,2,2,0.9619
tr_img_06810,1,1,0.9153
tr_img_06811,4,4,0.9449
tr_img_06812,3,3,0.9985
tr_img_06813,4,3,0.9584
tr_img_06814,4,4,0.8101
tr_img_06815,3,3,0.9059
tr_img_06816,3,3,0.9305
tr_img_06817,0,0,0.0000
tr_img_06818,4,4,0.9724
tr_img_06819,17,17,0.9355
tr_img_06820,1,1,0.7568
tr_img_06821,12,12,0.9672
tr_img_06822,6,5,0.9467
tr_img_06823,2,2,0.9964
tr_img_06824,4,4,0.9589
tr_img_06825,3,3,0.9363
tr_img_06826,4,3,0.9568
tr_img_06827,30,30,0.9564
tr_img_06828,1,1,1.0000
tr_img_06829,7,7,0.8990
tr_img_06830,2,2,0.9811
tr_img_06831,11,11,0.9135
tr_img_06832,1,1,0.7880
tr_img_06833,3,2,0.9672
tr_img_06834,27,25,0.9592
tr_img_06835,7,7,0.9695
tr_img_06836,6,5,0.9772
tr_img_06837,3,3,0.9501
tr_img_06838,2,1,0.9978
tr_img_06839,1,1,0.9554
tr_img_06840,1,1,0.9999
tr_img_06841,2,2,0.9580
tr_img_06842,5,4,0.8068
tr_img_06843,4,4,0.9549
tr_img_06844,2,2,0.9915
tr_img_06845,8,7,0.9912
tr_img_06846,65,50,0.9311
tr_img_06847,2,2,0.9880
tr_img_06848,2,2,0.9717
tr_img_06849,2,1,0.8738
tr_img_06850,4,4,0.8711
tr_img_06851,3,3,0.9859
tr_img_06852,3,3,0.9371
tr_img_06853,8,8,0.8817
tr_img_06854,9,8,0.9719
tr_img_06855,1,1,0.9857
tr_img_06856,1,1,0.8627
tr_img_06857,1,1,1.0000
tr_img_06858,3,3,0.9905
tr_img_06859,4,4,0.8696
tr_img_06860,10,10,0.9716
tr_img_06861,10,10,0.9497
tr_img_06862,3,2,0.8740
tr_img_06863,4,2,0.9965
tr_img_06864,2,1,0.7523
tr_img_06865,2,2,0.9761
tr_img_06866,5,5,0.9675
tr_img_06867,13,12,0.9621
tr_img_06868,26,24,0.9310
tr_img_06869,2,2,0.8451
tr_img_06870,4,2,0.7807
tr_img_06871,14,13,0.9689
tr_img_06872,4,4,0.9780
tr_img_06873,7,6,0.9546
tr_img_06874,2,2,0.8816
tr_img_06875,8,6,0.9908
tr_img_06876,1,1,0.9845
tr_img_06877,6,6,0.9239
tr_img_06878,23,22,0.9290
tr_img_06879,1,0,0.0000
tr_img_06880,2,2,0.9797
tr_img_06881,1,1,0.9940
tr_img_06882,3,3,0.9814
tr_img_06883,30,29,0.9872
tr_img_06884,6,3,0.8266
tr_img_06885,10,10,0.9576
tr_img_06886,2,2,0.9091
tr_img_06887,2,2,0.7253
tr_img_06888,1,1,0.9996
tr_img_06889,4,4,0.9695
tr_img_06890,13,12,0.9476
tr_img_06891,1,1,0.7184
tr_img_06892,0,0,0.0000
tr_img_06893,3,3,0.9870
tr_img_06894,1,0,0.0000
tr_img_06895,1,1,0.9555
tr_img_06896,46,45,0.9637
tr_img_06897,16,16,0.9750
tr_img_06898,2,2,0.9492
tr_img_06899,3,3,0.9982
tr_img_06900,1,0,0.0000
tr_img_06901,2,2,0.8980
tr_img_06902,1,1,0.9994
tr_img_06903,18,18,0.9658
tr_img_06904,4,4,0.9954
tr_img_06905,5,5,0.8278
tr_img_06906,9,9,0.9986
tr_img_06907,3,3,0.9734
tr_img_06908,1,1,0.9991
tr_img_06909,1,1,0.9962
tr_img_06910,4,4,0.9994
tr_img_06911,1,1,0.8232
tr_img_06912,3,3,0.9990
tr_img_06913,1,0,0.0000
tr_img_06914,4,4,0.9659
tr_img_06915,1,1,0.9984
tr_img_06916,5,5,0.9539
tr_img_06917,2,1,0.7619
tr_img_06918,2,2,0.9218
tr_img_06919,4,4,0.8855
tr_img_06920,6,4,0.9973
tr_img_06921,1,1,0.8785
tr_img_06922,5,4,0.9016
tr_img_06923,1,1,0.9779
tr_img_06924,2,2,0.9911
tr_img_06925,13,13,0.9466
tr_img_06926,3,3,0.9457
tr_img_06927,2,1,0.8370
tr_img_06928,3,3,0.9701
tr_img_06929,3,3,0.9626
tr_img_06930,1,0,0.0000
tr_img_06931,4,4,0.9323
tr_img_06932,4,4,0.9963
tr_img_06933,1,1,0.9964
tr_img_06934,2,2,0.9948
tr_img_06935,1,1,0.9959
tr_img_06936,13,11,0.9741
tr_img_06937,7,7,0.9298
tr_img_06938,0,0,0.0000
tr_img_06939,10,9,0.9074
tr_img_06940,3,3,0.9953
tr_img_06941,3,3,0.9924
tr_img_06942,0,0,0.0000
tr_img_06943,3,3,0.8334
tr_img_06944,2,2,0.9283
tr_img_06945,3,3,0.9760
tr_img_06946,8,6,0.9846
tr_img_06947,2,2,0.9613
tr_img_06948,3,3,0.9982
tr_img_06949,0,0,0.0000
tr_img_06950,3,3,0.9598
tr_img_06951,23,22,0.9613
tr_img_06952,1,1,0.9997
tr_img_06953,3,3,0.9228
tr_img_06954,14,14,0.9140
tr_img_06955,2,2,0.8588
tr_img_06956,2,1,0.9924
tr_img_06957,2,2,0.9812
tr_img_06958,2,2,0.9772
tr_img_06959,1,1,0.9956
tr_img_06960,14,12,0.9156
tr_img_06961,4,4,0.9966
tr_img_06962,1,0,0.0000
tr_img_06963,16,10,0.8822
tr_img_06964,5,5,0.9780
tr_img_06965,4,4,0.9486
tr_img_06966,6,6,0.9588
tr_img_06967,1,1,0.8759
tr_img_06968,2,2,0.9843
tr_img_06969,12,10,0.9571
tr_img_06970,6,6,0.9101
tr_img_06971,5,4,0.8346
tr_img_06972,1,1,0.9750
tr_img_06973,1,0,0.0000
tr_img_06974,1,0,0.0000
tr_img_06975,1,1,0.9823
tr_img_06976,6,6,0.8953
tr_img_06977,12,12,0.9534
tr_img_06978,19,19,0.9568
tr_img_06979,9,9,0.9391
tr_img_06980,5,4,0.9721
tr_img_06981,4,4,0.9968
tr_img_06982,42,40,0.9473
tr_img_06983,2,2,0.8129
tr_img_06984,3,3,0.9558
tr_img_06985,1,1,0.9886
tr_img_06986,3,3,0.9276
tr_img_06987,4,4,0.9947
tr_img_06988,1,1,0.9994
tr_img_06989,2,2,0.9940
tr_img_06990,2,2,0.9809
tr_img_06991,0,0,0.0000
tr_img_06992,1,1,0.9960
tr_img_06993,6,6,0.9870
tr_img_06994,9,9,0.9571
tr_img_06995,2,2,0.9745
tr_img_06996,5,4,0.9673
tr_img_06997,1,1,0.7040
tr_img_06998,5,5,0.9827
tr_img_06999,7,7,0.9706
tr_img_07000,1,0,0.0000
