Image,Total_Boxes,Retained_Boxes,Avg_Conf,Japanese_Text
tr_img_06001,9,9,0.9765,"北給田 | つぎは | 中給 | 田 | 荻 | 先 | 窪 | 駅"
tr_img_06002,2,2,0.9818,"カツ井とんかつ | 営業中"
tr_img_06003,2,2,0.9137,"13条西16目"
tr_img_06004,0,0,0.0000,""
tr_img_06005,1,1,0.7796,"札幌市中央区中島公園イ15"
tr_img_06006,2,2,0.9736,""
tr_img_06007,5,4,0.8399,"おさし | アイス | 扉を少し開け"
tr_img_06008,0,0,0.0000,""
tr_img_06009,5,4,0.9833,"日本橋 | 形町 | 人 | 丁目"
tr_img_06010,4,3,0.8901,"人形町 | 一目"
tr_img_06011,12,9,0.8626,"スにおいて | の低温時定格畷 | 指能力MsZ-ZD6316s | 201日 | 月25日現在。 | 寒冷地仕様"
tr_img_06012,2,2,0.9392,"北10条東11丁目"
tr_img_06013,8,8,0.9459,"ザシティベルシティ | 元住吉店 | 駐輪場 | ご利用 | 時間"
tr_img_06014,7,6,0.8877,"さつぼろ地下街 | 補聴器 | 認定補疏器専門店 | (福社法若定店"
tr_img_06015,2,2,0.8094,"吉川内条 | 信増器料クリニック"
tr_img_06016,4,3,0.8768,"日本橋 | 入形町"
tr_img_06017,0,0,0.0000,""
tr_img_06018,4,4,0.9448,"豊平区 | 中の目1条3丁目1"
tr_img_06019,9,8,0.8476,"歳 | からの | まくろとか | ビタミンド | 盛り付け例 | 15歳からの"
tr_img_06020,16,13,0.9624,"半蔵門線 | 水天宮前駅 | 山首宮天"
tr_img_06021,3,2,0.9146,"青水区"
tr_img_06022,1,1,0.7192,"空気単蘭消人松"
tr_img_06023,23,21,0.9633,"静岡市役所 | 静市役所 | 葵区役所 | 館 | 葵区役所 | 紺屋町 | 階 | 紺屋町 | 呉服町 | 臭服町 | 七間町 | 七向町"
tr_img_06024,2,2,0.9700,"万世町"
tr_img_06025,4,2,0.9786,"薬"
tr_img_06026,10,9,0.8820,"休診中 | 初診・急患 | 随時受付 | オス通リ歯科医院"
tr_img_06027,3,3,0.8507,""
tr_img_06028,3,2,0.9937,""
tr_img_06029,2,1,0.9669,"出庫注意"
tr_img_06030,8,7,0.9154,"五反田 | 丸子橋 | クランイーグル | 元住吉"
tr_img_06031,2,2,0.9005,"古の島条3丁目"
tr_img_06032,3,3,0.9982,"やきとり家 | すみれ | 笑"
tr_img_06033,9,9,0.9848,"三保 | 清水港 | 船越"
tr_img_06034,0,0,0.0000,""
tr_img_06035,1,0,0.0000,""
tr_img_06036,20,20,0.9650,"静鉄新清水駅 | 静岡市役所清水庁舎 | 清水マリンパーク"
tr_img_06037,5,3,0.8558,"滑りにくいへ | してます"
tr_img_06038,3,1,0.9836,"自分好みに組み合わせて音の追求を愉しもう。"
tr_img_06039,2,2,0.9977,"南14条西9丁目"
tr_img_06040,46,42,0.9412,"清水郵便局 | 清水駅西口 | 自転車等駐車場 | 人口1天 | 清水邸局 | 清水站西口自行牢等存外 | 清水簡易裁判所 | 清水箇易裁判所 | 人口天 | 清水税務署 | 清水税多局 | 人口1天 | は一とびあ清水 | 人口天 | 静市清水社会福祉会籠 | [Heartpia清水] | 観光案内所 | バス案内所 | H人 | 光介窃所 | 巴士同滴"
tr_img_06041,2,2,0.9088,"最大料金あり | 空亀"
tr_img_06042,3,2,0.7961,""
tr_img_06043,3,3,0.9724,"五丁目"
tr_img_06044,2,2,0.7198,"平岸1条仁工 | 3ー1"
tr_img_06045,4,4,0.9322,"日本橋 | 人形町 | 一目"
tr_img_06046,2,1,0.8708,"1181日"
tr_img_06047,3,3,0.9116,"私尾シンギンカン | 北海道名物 | 南1条店"
tr_img_06048,8,7,0.9263,"エキパ | つ | (パルシェ | ショツ | ーング街"
tr_img_06049,0,0,0.0000,""
tr_img_06050,0,0,0.0000,""
tr_img_06051,1,0,0.0000,""
tr_img_06052,2,1,0.9990,"豊平区"
tr_img_06053,3,3,0.9919,"一之橋北詰"
tr_img_06054,1,1,0.9656,""
tr_img_06055,49,44,0.9256,"八幡山 | 当駅構内施設の階層図 | 男子トイレ | 案内所 | エスカレ- | ター | 三scaetor | 階段 | 女子トイレ | つぷうりば | 待合室 | だれでもトイレ | コインロッガ | 自動体外式除細動器 | エレベータ- | 現在地から地上までの | バリアフリー主要ルート | 京王八王子: | 高尾山口・橋本 | 方面 | 現在地 | ホーム階 | 改札階へ | 新宿 | 方直 | コンコース階 | 地上出口へ | ホーム階へ | ホーム階へ"
tr_img_06056,2,2,0.9751,"南14条西16丁臣"
tr_img_06057,1,0,0.0000,""
tr_img_06058,1,0,0.0000,""
tr_img_06059,0,0,0.0000,""
tr_img_06060,1,1,1.0000,""
tr_img_06061,5,5,0.9540,"勝田台駅 | 駐田台站 | 勝田台站"
tr_img_06062,2,2,0.9748,""
tr_img_06063,3,1,0.9989,"麺屋"
tr_img_06064,11,11,0.9633,"ホ一ム傾斜に注意 | 車いす、べビ一カ一をご利用のお客さま | ホ一ムには水はけのため傾斜がごぎ | います。 | 車輪が線路 | ホ一ムでお待ちの際は、 | 必ずブレー | と平行になるように停め、 | キをおかけいただくようお願いいたし | ます。 | 十条駅長"
tr_img_06065,0,0,0.0000,""
tr_img_06066,3,3,0.9086,"清水相生町"
tr_img_06067,15,13,0.9467,"日・祝・月 | 火・水・木・金 | 土 | 木診 | 歯科 | 小児歯科 | 驕正歯科"
tr_img_06068,6,6,0.8757,"中原区 | 木月3丁目"
tr_img_06069,2,2,0.8550,"南2条西1３三"
tr_img_06070,0,0,0.0000,""
tr_img_06071,1,1,0.8688,"面渉江サッシ株式会社"
tr_img_06072,16,11,0.8653,"こしてく | 13月 | 静岡市役所 | 清水庁"
tr_img_06073,1,1,0.7227,"二平区"
tr_img_06074,1,0,0.0000,""
tr_img_06075,10,8,0.9529,"バス | を除く | タクシー | 浄岡市役所淆水庁舎"
tr_img_06076,57,54,0.9711,"入庫後24時間以内 | 500円 | 月金 | 最大料金 | 最大料金は入庫時点の曜日 | 祝日を | 1000円 | 土日祝 | 基準に適用されます。 | の最大料金は入庫時の曜日 | 祝日により異なります。 | の最大料金は繰り返し適用となります。 | 60分 | 200円 | 60分/ | 200円 | 通常料金 | 月金 | 月金 | 60分 | 300円 | 60分/ | 100円 | 土日祝 | 土日祝 | ご利用の際は | 場内の約歌看板をご確認ください | リパ一クコ一ルセンタ | 三井のリパーク | 三井不動産リアルティ札幌株式会社 | 駐車場名 | 札幌南14西6 | 住まいの売却 | 購入は | 法人専用力 | 駐車場用地募集中 | キャッジュ | レス精算 | 土地の有効活用、駐車場管理はお任せください | 三井のリ川ウス | 三井不動産リアルテイ札幌株式会社 | Δ故障等の連絡先ではありません会 | 公故障等の連絡先ではありません公"
tr_img_06077,4,4,0.8402,"木北 | 行こラ! | 新彰線で、 | ちょつといい旅"
tr_img_06078,14,12,0.9134,"への寸応 | 換気等による屋外からの新たな粒子の侵入は考慮しておりません。 | ＰハＳとは２5uｍ以下の | 糸称です。この空気漬浄機では０１ñ | 除去確認が出来ていません。また、空気申の | 有害物質のすべてを除去できるものではありません。 | 032ú(約8畳)の密閉空間での効果であり実使用空間での結果ではありません | % 試験方法：日本電機工業会規格(JＥM1467) | 微小粒子状物質を32ｍ(約8畳)の密閉空間で99％除去する時間が | 90分以内てあること(82ｍ(約８畳)の試験空間に | 換算した値です。"
tr_img_06079,19,18,0.9567,"感染症防上のため | 石鹸による | 手洗いを励行してください | 財務局管財グループノOIFice"
tr_img_06080,2,2,0.8763,"けんげち | 中川賢一事務所連絡所"
tr_img_06081,9,9,0.9408,"置番号 | 主車仏 | 使用方法 | し駐車のとき | 白線内の中央に駐車してください。 | 一定時間後; | ロツク板が上がります | 2。お帰りのとき | 精算機で料金を支払った後"
tr_img_06082,5,3,0.9288,"十条"
tr_img_06083,3,3,0.9658,"成城 | 六丁目"
tr_img_06084,6,6,0.8979,"やきとり家 | すスれ | 笑"
tr_img_06085,6,6,0.9372,"車検・点検 | オイル交換 | 板金・塗装"
tr_img_06086,3,2,0.8602,"日本橋 | 入形町"
tr_img_06087,1,1,0.7444,"平農条2目"
tr_img_06088,1,1,0.8721,""
tr_img_06089,2,2,0.9847,"形町"
tr_img_06090,0,0,0.0000,""
tr_img_06091,1,1,0.9913,"豊平区"
tr_img_06092,7,5,0.8536,"おさめ! | 見によ | ないと!"
tr_img_06093,2,2,0.8587,"中島ム園ごマラリ一"
tr_img_06094,13,11,0.9354,"川根本町 | 浜松 | 沼津 | 藤枝 | 静清ＢＰ | この先20"
tr_img_06095,3,2,0.9626,""
tr_img_06096,6,4,0.8733,"環環にやき | LＥＤを使用してします | 御茶ノ水"
tr_img_06097,4,4,0.9046,"国1七ツ新屋 | 交差点南東 | 島崎町"
tr_img_06098,0,0,0.0000,""
tr_img_06099,12,11,0.9554,"ネクステップ | 時間 | 西6パーキシグ | 時間貸 | 30分/ | 00円 | 60分 | 100円"
tr_img_06100,0,0,0.0000,""
tr_img_06101,4,4,0.9830,"市役所 | 清水庁舎"
tr_img_06102,4,2,0.8817,"豊平区 | しま"
tr_img_06103,1,1,0.9060,"谷内"
tr_img_06104,11,11,0.8629,"庫寺の注意 | 精算後、必す | して | ロツク板を | ください | 入出庫不司 | 入出庫可 | ック板ニより車面が損傷しでも | 演償致しかさます | お車は利用でません"
tr_img_06105,6,5,0.9784,"番ドア | 号車 | 女性専用車"
tr_img_06106,4,4,0.9353,"中原区 | 木月 | 4丁目"
tr_img_06107,1,0,0.0000,""
tr_img_06108,2,2,0.8417,"中央区 | 南5条西1丁目1"
tr_img_06109,0,0,0.0000,""
tr_img_06110,15,13,0.9250,"JR清水駅 | 能 | 羽衣」 | に名高い | T羽衣の松"
tr_img_06111,8,6,0.8920,"フリー"
tr_img_06112,3,3,0.8897,"用口 | 中山俊夫 | 三鷹ホ北野4一5一4"
tr_img_06113,5,4,0.7482,"食み攻是貞 | ２日キ門 | (予約製) | ギしくは店内ミて"
tr_img_06114,4,3,0.9616,""
tr_img_06115,2,1,0.9050,"トマト"
tr_img_06116,28,24,0.9575,"円山バスターミナル | 圓山公共汽牢紫起站 | 圓山巴士總站 | 円山公園 | 圓山公国 | 圓山公園 | 北海道神宮 | 北海道神宮 | 田山動物園 | 国山功物園 | 圓山動物園"
tr_img_06117,10,9,0.9189,"新静岡駅 | 御幸町 | 県庁 | 新静図站 | 御幸町 | 営業時問 | 年冊10年後8時"
tr_img_06118,2,2,0.9641,"中の島1条3丁目"
tr_img_06119,0,0,0.0000,""
tr_img_06120,2,1,0.8242,"シ・クラフド"
tr_img_06121,3,2,0.9802,"北海学園"
tr_img_06122,0,0,0.0000,""
tr_img_06123,2,1,0.9095,""
tr_img_06124,6,4,0.9916,"体にやさしい厳選された素材を | 当店スタッフが丁室に調理し | 美味しいお弁当ができました"
tr_img_06125,7,5,0.8107,"引広告物 | は | 緑都丘 | 2一41"
tr_img_06126,4,4,0.9243,"シーバ | とろ～り | まぐろ味セレクション"
tr_img_06127,0,0,0.0000,""
tr_img_06128,4,3,0.9216,"プレミアム | 安納芋ソツ | あんのういも"
tr_img_06129,3,2,0.9539,"ひらお | か"
tr_img_06130,19,17,0.8914,"24台 | ここを右折 | パーク | 札醍中島公園南駐車場 | 札幌中島公園南時重場 | 夜間20:008:00 | 昼間 | 100円 | 100円 | 60分 | 分 | ここを右折"
tr_img_06131,20,19,0.9424,"軽量 | クラフト封筒 | 長形3号 | 徳用 | 定形郵便 | サイズ | A4サイズ横3つ折対応 | 枚人 | 保存、 | 郵送に便利です。 | 書類等の整理"
tr_img_06132,1,1,0.8864,""
tr_img_06133,2,2,0.9857,"小舟町"
tr_img_06134,2,2,0.9653,"宇田川町"
tr_img_06135,37,33,0.9302,"えきまえひろば | 駅前広場 | 站前一珈 | タクシーのリば | 出租奉站 | えきまえこうばん | 駅前交番 | 站前派出所 | 斗善企 | ちかちゅうしやじょう | エキパ地 | 下駐車場 | エキパ」 | 地下停孫 | しずおかおんがくかん | 新静岡 | 静岡音楽館AO | 静音黍館ＡО"
tr_img_06136,1,1,0.8202,"高村索科"
tr_img_06137,2,2,0.8535,"丸菱声校 | 練馬宮業所"
tr_img_06138,1,1,0.9700,""
tr_img_06139,0,0,0.0000,""
tr_img_06140,2,2,0.9905,"化粧室"
tr_img_06141,2,1,0.8412,"さ用じております。"
tr_img_06142,12,7,0.9120,"井川 | 藤枝 | 東静岡駅 | 清水駅"
tr_img_06143,2,2,0.9433,"中の島1条2丁目"
tr_img_06144,0,0,0.0000,""
tr_img_06145,4,2,0.8931,"せ | 条3丁目4"
tr_img_06146,2,1,0.8849,"林女久里"
tr_img_06147,0,0,0.0000,""
tr_img_06148,1,1,0.7557,"台田場"
tr_img_06149,4,2,0.9658,"丁目"
tr_img_06150,1,1,0.8419,"深-44"
tr_img_06151,1,1,0.8415,"オワート"
tr_img_06152,2,2,0.9560,"南13条西7丁目"
tr_img_06153,9,9,0.9708,"興津 | 清水駅 | 草薙 | 南幹線"
tr_img_06154,2,0,0.0000,""
tr_img_06155,2,2,0.9435,"て達いつもありかとう | 工藤"
tr_img_06156,3,2,0.8975,"上 | すくそ"
tr_img_06157,1,1,0.9888,"米良"
tr_img_06158,1,1,0.9876,""
tr_img_06159,12,11,0.9468,"野菜も | おいしく保行! | X当社調べ。 | 運転状況や食品の種類 | 状態 | 効果が異ないます | 日立だけの | 真空チルド | 新鮮スリープ野菜室 | 3つの技術 | デリシャス冷凍"
tr_img_06160,1,1,0.9265,""
tr_img_06161,1,0,0.0000,""
tr_img_06162,5,3,0.8636,"地田屋安兵衛商店 | むすすめ | 3太商品"
tr_img_06163,1,0,0.0000,""
tr_img_06164,10,10,0.9699,"駐車券 | 発券 | Δご利用の際は、場内の約款看板を必すお読み下さい。 | 公2千円5千円・1万円札のご利用は出来ません。 | リパークコールセンター(携帯電話もこ利用できます) | Ｄ駐車場名リパーク札幌南１４西6"
tr_img_06165,4,3,0.8309,"京2時一製3時 | 火曜のみ風3 | 美和ビル"
tr_img_06166,1,0,0.0000,""
tr_img_06167,16,16,0.9699,"興津 | 清水駅 | 日本平 | 船越 | 清水港 | の先３00ｍ"
tr_img_06168,4,4,0.9104,"腫男 | 臼井"
tr_img_06169,2,2,0.9559,"ベトナム料理 | ホアングン"
tr_img_06170,18,16,0.9728,"人とクルマと街と | 最大料金 | 駐車後 | 24時間 | 円 | 60分200 | 最大料金は | タイムズ南10西7 | 繰り返し適用されます | 札幌市中央区南10条西7丁目 | 故障の際は | タイムズサービス(株)"
tr_img_06171,10,10,0.9321,"八番山 | はちまんやま | 上北沢 | 芦花公園"
tr_img_06172,2,2,0.9982,"南14条西5丁目"
tr_img_06173,1,1,0.9794,"谷区"
tr_img_06174,1,0,0.0000,""
tr_img_06175,0,0,0.0000,""
tr_img_06176,8,7,0.9426,"この出入口は | 毎友 | 東京都交通局"
tr_img_06177,4,4,0.9509,"中原区 | 木月 | 3丁目"
tr_img_06178,0,0,0.0000,""
tr_img_06179,4,4,0.9664,""
tr_img_06180,13,11,0.9150,"動画写真 | ゲームに | おすすめ | フレHD | 広視野角ADSパネル採用 | ワイド波品ディスプレイ"
tr_img_06181,4,3,0.7694,""
tr_img_06182,15,14,0.9823,"タクシー | 団体バス路線バス | 一般車 | レンタカー"
tr_img_06183,8,8,0.8911,"北野 | 四丁目"
tr_img_06184,2,2,0.8754,"まよ人"
tr_img_06185,90,77,0.9182,"人天印夫 | 清水年金事務所 | 清水年金事勇所 | 人口天 | 清水江尻小学校 | 清水江尻小学校 | 人口天 | 清水テルサ | 静市奈部勤芽者福祉中心 | 清水 | 人口天 | 印早人 | ＪＲ清水駅 | マリナート | 清水站 | 清水文化会館 | JR人I口I三g | 人口I天 | 荷頼プラザ | 静鉄新清水駅 | 市役所清水庁舎 | 新清水站 | 千俊町 | 相生町 | 巴町 | 清水年金事務所 | 清水年金事条所 | 浜田親水公園) | 島騎町公園 | 巴町公園 | 浜田ポンプ場ロ | JR東海道本郎 | C仲浜町町自治会館 | 現在地 | 水神社"
tr_img_06186,0,0,0.0000,""
tr_img_06187,9,5,0.8908,"栄町 | 公交準 | 菓町"
tr_img_06188,5,5,0.9520,"港 | 三田二丁目 | 時差式"
tr_img_06189,3,2,0.9744,"木月 | 城交骨院"
tr_img_06190,29,28,0.9369,"院長 | 石井 | 勝 | 科 | 内 | 消化器内科 | 東洋医学(鍼・漢芦）人間ドック | 督種検診 | 信環器内科 | 診療時間 | 婦人科 | 休診日ノ木曜・土曜(午後）・日曜・祝日 | 小児科 | 港区芝5-16-1千代ビル3 | 心療内科 | 当駅Ａ3Ａ8出口より徒歩3分 | 問合せ先 | 東京都営交通協力会"
tr_img_06191,4,0,0.0000,""
tr_img_06192,4,3,0.9835,""
tr_img_06193,0,0,0.0000,""
tr_img_06194,3,3,0.8693,"永代通の"
tr_img_06195,4,4,0.9753,"日本橋 | 人形町 | 三丁目"
tr_img_06196,7,5,0.8647,"上質な音楽空間をあなたへ | くつろぎの時間を演出する | テクニクスのオールインワン・プレミアム・コンポ"
tr_img_06197,10,10,0.9217,"ロック板が | 下かつたことを作もし | 出庫してください | 壬車位置番号を間違つた | 精算金は | 反金いたしません | 支払の途中で精算機から離れる | 場合は | 必す「ミメ背」ボタンを | 押してください"
tr_img_06198,20,20,0.9770,"JＲ清水駅東口 | 駐車場駐輪場 | 清水テルサ | 清水文化会館マリナート | ホテル"
tr_img_06199,13,10,0.8585,"重量制限 | 20七 | 高さ制限 | すすきの８・Ａ | 重屋と5以下 | くだ"
tr_img_06200,2,2,0.8625,"カタログブテイック | 隅4条店"
tr_img_06201,2,2,0.8738,"自転専手"
tr_img_06202,4,4,0.9661,"神保田T | 曙橋 | 方面 | 本八幡"
tr_img_06203,1,0,0.0000,""
tr_img_06204,7,6,0.8740,"しい非瑜漆系の材質を使用し | この後は地 | びの | ハーブの替し | シャンピニオンエキス"
tr_img_06205,2,0,0.0000,""
tr_img_06206,10,10,0.9709,"便利 | 安全機構 | `アロック | ムブを省いて | 運転中はロックされて開きません。 | チャイルドロック | 白動で節電・節水。 | 設定すると運転終了後も | ドアが開きません。 | (イメージ図)"
tr_img_06207,4,3,0.8068,"道は押して歩さまいよう | ムートン | 道薬復院十条"
tr_img_06208,4,3,0.9514,"ハンズで楽しむクリスマス"
tr_img_06209,61,60,0.9530,"南口 | 南出口 | 善王 | 北年金事務所 | 帝京大学医学部附属病院 | 北区福祉事務所 | 帝京大学・高等学校・中学校 | 北特別支選学校 | 東京家政大学・短期大学部 | 高等学校・中学校 | 北都税事務所 | 陸上自衛隊十条駐屯地 | 東京成徳大学・短期大学 | 北区立中央図書館"
tr_img_06210,4,3,0.8575,""
tr_img_06211,23,21,0.9380,"精算機が一部変更となリました | カードにて乗り越し不足額を | チャージされた場合は精算券は出ません | ご希堂のボタンを押しでくたさい | のリし金額 | 000円 | こちらを選択すると | IC力一ド残額 | 00円 | あと | 00円不足です | チャージ | 1000円 | 2000円 | 3000円 | 00円 | 10000円 | ご不明な点がありましたら | 駅係員までお問い | い合わせください | 一ジ"
tr_img_06212,2,2,0.9761,"水車町7"
tr_img_06213,27,23,0.9225,"クホ茶 | 支持率 | 体脈肪を減らすのを助ける | 特茶 | 体脂肪が気になる方に適してい | ネット調査 | 氷自社調ペ | (調査委託先 | 5回以 | マクロミル | 108名 | 食生活は、 | 主食 | 、主菜、副菜を基本に | メ事のバラシスを | サントリー | 特寺茶 | (税込)"
tr_img_06214,1,0,0.0000,""
tr_img_06215,12,10,0.9647,"南1条西4丁 | ヨ之出ビル"
tr_img_06216,3,3,0.9238,"三田駅"
tr_img_06217,5,5,0.8917,"防火木 | 専と | 門り | 店肉"
tr_img_06218,4,4,0.9196,"南1４西9"
tr_img_06219,0,0,0.0000,""
tr_img_06220,2,2,0.9377,"南4条西9丁目"
tr_img_06221,2,2,0.9969,"自転車 | 歩行者"
tr_img_06222,0,0,0.0000,""
tr_img_06223,0,0,0.0000,""
tr_img_06224,1,0,0.0000,""
tr_img_06225,3,1,0.8888,"あリます"
tr_img_06226,2,2,0.9299,"南13条西9丁目"
tr_img_06227,8,6,0.8558,"邦楽 | いか | ワワーレコードホしヤ品ピブッ5"
tr_img_06228,17,13,0.9279,"仙川 | ちとせからすやま | 芦花公園 | 仙川 | 千安弖山 | 芦祐公臣"
tr_img_06229,0,0,0.0000,""
tr_img_06230,6,4,0.8648,"おどし | アイス | 扉を少し誤け、"
tr_img_06231,14,13,0.9693,"井川 | 藤枝 | 東静岡駅 | 清水駅 | ター"
tr_img_06232,8,4,0.8831,"松東李苑"
tr_img_06233,7,5,0.8284,"平成22年号 | 然費基準+5％達成車 | 平成1今年 | ％低減 | 国士交通大臣認定車"
tr_img_06234,5,5,0.9317,"お手洗 | レストラン街(アステイ東館) | ショツビング街 (パルシェ食彩館"
tr_img_06235,6,6,0.9577,"禁煙 | 二の場所及び | ごルの前の道路上 | で喫煙しないで | 下さい | さつきビル管理人"
tr_img_06236,3,2,0.8112,"日 | 三"
tr_img_06237,16,16,0.9173,"く時計台札幌市役所･大通公園.すすきの方面 | 口 | 南 | 南口 | 甘孝 | 善子"
tr_img_06238,3,3,0.9338,"酒場"
tr_img_06239,4,4,0.9934,"中原区 | 木月 | 4丁目"
tr_img_06240,3,3,0.9995,"港橋"
tr_img_06241,4,1,0.9869,""
tr_img_06242,1,1,0.9461,"四ッ目通り"
tr_img_06243,1,1,0.9115,"札幌市中央区北1条西6"
tr_img_06244,3,2,0.8785,"ニスボスイムクラブ | 元主吉"
tr_img_06245,6,4,0.9253,"ホテルアソシ | ア静岡 | 内所"
tr_img_06246,2,1,0.7177,"基東京機概製作戸"
tr_img_06247,2,2,0.9071,"幸14条西8目"
tr_img_06248,11,8,0.9258,"タクシーのリば | 出租年站 | 駅前交番 | 站前派出所"
tr_img_06249,4,3,0.8940,"中古盛 | 専門店"
tr_img_06250,3,3,0.8760,"田鏡店 | 藤"
tr_img_06251,13,13,0.9866,"都営新宿線 | 都営新宿線 | 大江戸線 | 新宿駅 | 大江戸線 | 新宿站"
tr_img_06252,12,12,0.9572,"静岡市街 | 草薙 | 三保 | 日本平 | 右折 | 禁止 | この先300ｍ"
tr_img_06253,4,4,0.9960,"中原区 | 木月 | 2丁目"
tr_img_06254,4,2,0.7327,""
tr_img_06255,6,6,0.9131,"東名 | 溝口"
tr_img_06256,5,5,0.9333,"目"
tr_img_06257,0,0,0.0000,""
tr_img_06258,3,2,0.9363,"0席 | すすきの店"
tr_img_06259,0,0,0.0000,""
tr_img_06260,36,35,0.9501,"人とクルマと街と | 月～金曜 | 土・日祝 | 当日24時まで | 最大料金 | 聖7日宗 | 500円 | 基本料金 | 100円 | 60分; | 60分 | 60分300円 | 60分 | 100円 | 200円 | タイムズ南1 | 駐車券の取扱いに | 2西6 | へ | タイムズの最大料金は | 札幌市中央区南12条西6丁目1 | ご注意ください | 繰り返し適用されます | 出庫ができなくなります | 故障の際は | タイムズサ | ビス(株)"
tr_img_06261,54,49,0.9327,"マ0 | 千歳烏山 | 当駅構内施設の階層図 | 案内所 | 階段 | 女子トイレ | きつぷうりば | コインロッカー | だれでも | トイレ | 男子トイレ | 自動体外式除細動器 | 現在地から地上までの | バリアフリー主要ルート | 北ロコンコース階 | 酒 | 新宿 方面 | 改札階へ | ホーム階 | 南ロヨシコ | 京王八王子 | 高尾山口・橋本 方面 | 改札階 | 西ロコンコース階 | ・タクシーのりばへ | バス | ホーム麿へ | 銀ります | ここは新宿方面ホームです"
tr_img_06262,1,1,0.9496,"中央区"
tr_img_06263,3,2,0.7570,"母潤木曜日"
tr_img_06264,6,4,0.9634,"営業時間 | 朝"
tr_img_06265,1,1,0.9899,"東日本橋二丁目"
tr_img_06266,2,2,0.8461,"南14条西8丁目"
tr_img_06267,0,0,0.0000,""
tr_img_06268,0,0,0.0000,""
tr_img_06269,1,1,0.7752,""
tr_img_06270,20,19,0.9595,"案内所 | 寸本バス・督線バス | タクシー | レンタカー | 般車 | 乗降場"
tr_img_06271,0,0,0.0000,""
tr_img_06272,4,3,0.8979,"マハ音楽教室"
tr_img_06273,1,1,0.9843,"三村厚生"
tr_img_06274,2,1,0.9656,"高公久"
tr_img_06275,8,6,0.9741,"ここは | 中の島 | 27・7 | 北電興業(株)扱い"
tr_img_06276,2,1,0.9259,"泰"
tr_img_06277,13,13,0.9845,"末吉橋 | 川崎駅 | 横浜 | 五反田 | 綱島 | 丸子橋 | 綱島街道"
tr_img_06278,9,9,0.9517,"ロック板 | 下がっていますか？ | 公警告 | 板が降 | を確認し | ないます | ロク板が | 足はさみ | 注意"
tr_img_06279,5,5,0.9375,"機械器具設置業 | 登録電気工事業者 | 小丸動力建談(株 | 木札幌営業所"
tr_img_06280,1,1,0.9894,"角"
tr_img_06281,3,3,0.8699,"口糸 | 緑郎"
tr_img_06282,2,2,0.9193,"西新市五丁目"
tr_img_06283,4,2,0.9665,"ありがとうございます"
tr_img_06284,3,3,0.9824,"ヨットハーバー"
tr_img_06285,4,2,0.9107,""
tr_img_06286,5,4,0.9334,"寺合室 | 候年室"
tr_img_06287,3,1,0.8986,""
tr_img_06288,4,4,0.9915,"都宮三田線 | いちばん先のくだり階段"
tr_img_06289,3,0,0.0000,""
tr_img_06290,2,0,0.0000,""
tr_img_06291,4,2,0.8477,"学業寺"
tr_img_06292,1,0,0.0000,""
tr_img_06293,18,17,0.9528,"区役所第一分庁舎 | 四季の路 | 新宿区役所 | 歌舞伎田丁公園"
tr_img_06294,7,6,0.8409,"方セ歌で史える | 名様 | 名日 | 貝定です"
tr_img_06295,2,2,0.9509,""
tr_img_06296,0,0,0.0000,""
tr_img_06297,11,10,0.9213,"二リポンの窓をよくしたい | 渋江サッシ株式会社 | サッシ部 | 不動産部"
tr_img_06298,4,4,0.9204,"仏ず使用電子マ永一を | 選択してから | 力一ド援帯電話を | かさして下さい"
tr_img_06299,11,10,0.9231,"約 | 鮮度と栄養素を寺る | 気庄 | 真空チルド | 酵素の働きを抑制する | プラチナ | スリープ保有 | 触媒"
tr_img_06300,1,1,0.8024,"慶応仲通り商店街"
tr_img_06301,13,12,0.8965,"クリーニク | よるての時まで営業 | 急がなくても！"
tr_img_06302,2,2,0.9307,"中の島1条2丁目"
tr_img_06303,23,15,0.9037,"キチのトさん | マル | いつもシンクを清潔に | 小さなゴミもしっかりキャツチ | 穴あきメッシユの不織布 | 抗副成分 | 配台 | キッチンにうれしい | お取り替え時期 | (開封後 | 1ヶ月が目安) | 主三用消臭三一 | 式共品 | およそ | 30日用"
tr_img_06304,1,0,0.0000,""
tr_img_06305,0,0,0.0000,""
tr_img_06306,17,10,0.8284,"浜岡原発は最大のリスク | 早期廃炉へ! | 今の日本のキ和と希栄を支えている | 安法ですその客法を不正離な説 | ど静岡をまもる | は本当いキがてしょつか | られていろてしうん | 社公の番みが少子化の承因てす子者 | おたたのバれを呼べい答えていきます"
tr_img_06307,21,20,0.9696,"練馬駅 | 都営大江戸線 | 都庁前 | 六本木 | 飯田橋方面 | 光が丘 | 方面"
tr_img_06308,35,32,0.9832,"公共施設 | 文化施設 | 商業施設 | 宿泊施設 | 教育施設 | 田田 | 消防署 | 郵便局 | 銀行 | スポーツ | レジャー | 寺院 | 神社 | 教会"
tr_img_06309,6,6,0.9262,"中央区"
tr_img_06310,1,1,0.8956,"6村上公民館"
tr_img_06311,2,1,0.8304,"社重しないで下さい"
tr_img_06312,22,20,0.9566,"静岡県庁 | 御幸町 | 御幸町 | 静具庁 | 駿府城公園 | 新静岡駅 | 府城公園 | 新静站 | 企平下"
tr_img_06313,2,1,0.9341,""
tr_img_06314,6,6,0.8116,"エキU | 静音AOI | 「エキハ」地下停年場 | 静図中央郎局"
tr_img_06315,0,0,0.0000,""
tr_img_06316,22,18,0.9229,"シーバ | 冬の | 期聞 | ごらそう | 季節の | シーフード味セレクション | まぐろとかに味 | かにとほたて味 | 白身魚とえび味 | かニとクリーミーチース | 楽食 | 小分け | 標準×12袋"
tr_img_06317,2,2,0.9945,"南9条西3丁目"
tr_img_06318,1,0,0.0000,""
tr_img_06319,5,4,0.8726,""
tr_img_06320,33,26,0.9160,"こちらは南10西7 | 緊急連絡洗の1の | 注車料金索 | 駐車料金を | 主車位置番号を | 投入してください | 押してください | 駐車料金 | 番号を確認後 | 青算ボタンを | 押してください | 1枚すつ入れてください | 盗難対策滴 | おつり領収書 | タイムズの | ポイントカード | タイムズのポインがトカード | タイムズで | に8釣りą口領収書 | タイムズで | カーシェア"
tr_img_06321,0,0,0.0000,""
tr_img_06322,1,1,0.9304,"ヤマハ音楽教室"
tr_img_06323,2,2,0.8866,"緑ヶ行"
tr_img_06324,1,1,0.8995,""
tr_img_06325,3,3,0.9640,"中原区"
tr_img_06326,12,12,0.9085,"月極 | 乗断駐車管理受 | コードヒーテイング | 一冬春設計・施I | 025łの荷重にí | 50年の耐用年数 | 費貸マンション建築から、オーナー代行管理 | 月極駐重場管理 | 日本アーク開発(株"
tr_img_06327,3,3,0.8557,"スクラッチ | ＥO下Ｅ | スクラッチ"
tr_img_06328,2,2,0.9037,"0条東10ミ"
tr_img_06329,3,3,0.8172,"中貞区 | 三"
tr_img_06330,4,2,0.9724,"清水区"
tr_img_06331,4,4,0.9937,"中原区 | 木月 | 2丁目"
tr_img_06332,28,19,0.9122,"東京２３区内のおでかけに！ | 都区内パス | おトクに | 楽しめる! | 遊べa! | 1日750円 | 赤羽 | フリーリア | 東京23区内のJR線が | まるごと1 | 日乗リ降リ自由。 | 北千住 | 自家2コ以内(上にフリーエリア」の | お求めは | 指定席券売機 | 150円 | 310円 | がe利です!"
tr_img_06333,1,1,0.9031,"ヤマパ正規販売店"
tr_img_06334,13,11,0.8963,"七間町 | 異服町 | 葵区役所 | 市役所 | 七ロ町 | 只服町 | 夾区役所 | 市役所"
tr_img_06335,1,0,0.0000,""
tr_img_06336,2,2,0.8273,"青紙"
tr_img_06337,1,1,0.9837,""
tr_img_06338,4,4,0.9390,"中原区 | 木月 | 2丁巨"
tr_img_06339,0,0,0.0000,""
tr_img_06340,2,1,0.8135,""
tr_img_06341,2,2,0.8461,"緊急時 (二ごご使用 | くださ"
tr_img_06342,0,0,0.0000,""
tr_img_06343,2,2,0.8472,"まつり"
tr_img_06344,0,0,0.0000,""
tr_img_06345,3,3,0.9510,"辻丁目"
tr_img_06346,13,11,0.8758,"キツチンノロス | サイズ：約28 | 洗剤を使わす | 頑固な汚れが。 | スッキリ落ちる! | おそうじ | マジック"
tr_img_06347,11,8,0.9217,"登呂遺跡 | 日本平動物園"
tr_img_06348,4,4,0.9651,"清水区役所 | 南側100m | 松原町"
tr_img_06349,21,20,0.9422,"水簡易裁判所 | 人口天 | 利川平企 | 水簡易裁判所 | 清水税務署 | 清水税局 | 人口天 | 川早企 | は一とびあ清水 | 静市清水社会福祉会館 | IHeartpia清水] | 人口天"
tr_img_06350,6,5,0.9103,"中原区"
tr_img_06351,5,3,0.8268,"もウンタ"
tr_img_06352,49,42,0.9258,"エスパレスドリームプラザ | 0人晋人 | 青永合同庁舎 | 清水合同庁舍 | 人I口1天 | 市役所清水庁舎・清水区役所 | 市役所清水庁舎 | 清水区役所 | 人乳 | 人口1天忍人 | ＪＲ清水駅 | マリナー・ | JＲ清水站 | 清水文化会館 | JR人II天聖 | 人口天 | 青水年金事務所 | 清水年金事努所 | 人日1天"
tr_img_06353,11,11,0.9354,"白樫 | シラカジ | 樹皮は黒っぽいが、 | 材は白くて堅く道具 | ドングリの川の模様は輪 | の柄になる。 | 状。 | 暖地の山に生える常緑高木。"
tr_img_06354,5,5,0.8805,"おみやげの店"
tr_img_06355,4,3,0.9581,"有限 | 会社 | センター"
tr_img_06356,12,11,0.9354,"馬町東京横浜鎌倉方面 | 15市 | 15両"
tr_img_06357,2,1,0.9059,"ポイント貯まリます"
tr_img_06358,4,2,0.9995,""
tr_img_06359,1,0,0.0000,""
tr_img_06360,4,4,0.9890,"中原区 | 木月 | 1丁目"
tr_img_06361,15,15,0.9481,"県立美術館 | 県立大学 | 草雑駅"
tr_img_06362,3,2,0.9583,"田"
tr_img_06363,2,2,0.9931,"中の島1条2丁目"
tr_img_06364,2,1,0.7346,""
tr_img_06365,4,3,0.9541,"人形町 | 目"
tr_img_06366,4,3,0.9685,"モハＥ232 | 20年"
tr_img_06367,2,2,0.8547,"リリスタルダイン | 元住吉"
tr_img_06368,1,0,0.0000,""
tr_img_06369,4,4,0.8321,"東京都三鷹市北野4一2一26 | 管理"
tr_img_06370,4,4,0.9170,"豊平区"
tr_img_06371,2,2,0.9360,""
tr_img_06372,4,4,0.9781,"日本橋 | 人形町 | 二丁目"
tr_img_06373,0,0,0.0000,""
tr_img_06374,2,2,0.8873,"売ります買います! | 探します言"
tr_img_06375,17,16,0.9399,"総武線 | 賢駅停車 | 市川 | 新小岩 | 船橋 | 千葉方面"
tr_img_06376,4,2,0.9994,"水道"
tr_img_06377,4,4,0.9400,"中央区"
tr_img_06378,0,0,0.0000,""
tr_img_06379,1,0,0.0000,""
tr_img_06380,0,0,0.0000,""
tr_img_06381,5,4,0.8592,"沼津 | 日本初の応れ態 | 登録商標 | まくる"
tr_img_06382,4,2,0.8386,"～・ト | ペットの水飲み場としてご利用ください"
tr_img_06383,1,1,0.8039,"水車町6目"
tr_img_06384,0,0,0.0000,""
tr_img_06385,2,1,0.7282,"うおさく"
tr_img_06386,2,1,0.9981,"インド・チベット・ネパール料理店"
tr_img_06387,7,7,0.9573,"入口 | 食べ放題 | あります | 営業時間 | (日祝"
tr_img_06388,3,2,0.8518,"中華毛"
tr_img_06389,8,8,0.9281,"横浜 | 川崎 | 五反田"
tr_img_06390,2,2,0.9585,"平岸条2丁目"
tr_img_06391,18,17,0.9719,"出口 | 琴似本通い) | ＪＲ琴似駅 | 第２高雄ビル | 札幌市西部市税事務所"
tr_img_06392,13,10,0.9545,"山 | 区 | 高田馬場 | たかだのばば | 目白 | 新大久保 | 池袋上野方画"
tr_img_06393,2,2,0.8315,"Δ高さ注意"
tr_img_06394,9,8,0.9522,"小児科 | レルギ | 20台 | 吉祥寺通り沿い | 西松屋となり | 緑ヶ丘"
tr_img_06395,6,5,0.9474,"豊平区 | ま"
tr_img_06396,1,0,0.0000,""
tr_img_06397,23,15,0.8797,"伊達彦着使用 | 牛朝 | 伊達産鶏使用 | 鵜MTメ焼さ | 若鶏の至 | 011-562-548日 | 金 | 鶏の至し | 2時間"
tr_img_06398,0,0,0.0000,""
tr_img_06399,2,2,0.7838,"七天宮前"
tr_img_06400,3,2,0.7487,"忘れ物承り所 | 失道義楽(分道所"
tr_img_06401,2,0,0.0000,""
tr_img_06402,5,2,0.8056,"ドラツ"
tr_img_06403,7,5,0.8714,"整備で安心ドライブ! | 州テナ | 中央パス | ライオンキンク"
tr_img_06404,9,9,0.8955,"カバー(グローブ品番 | ずなが | カバーは確実(二取付ナる | 虫ストッブ構造の場合は | カバ一の密着性を高めている | ため、はずしにくくなる場合が | あります"
tr_img_06405,20,16,0.9433,"8つのテクニックが | とし | 解度 | 1校で簡単に | キ | んと」 | を | 抜群の | 1枚で1 | 加熟OK! | に使用し | 永1 | ホルダ | 38枚入 | メ2ロール"
tr_img_06406,3,2,0.9406,""
tr_img_06407,10,9,0.9439,"昭和通り口 | 中央改木口 | 昭和路出口 | 中央剪票口 | 善丁"
tr_img_06408,12,10,0.8976,"ホ験型イルミネ | 伊互ぐらんはる公園 | バラシイル | の豆高原駅からタクシーで約10分 | 伊豆シャボデン | 糸指定席秀が必要になります | 「みどりの窓口I又は | 指定席券はご乗車前に | 全車指定席 | 改札外の指定席券売機でお買い求めください。"
tr_img_06409,19,17,0.9326,"田 | 仙リ川駅 | 先 | 鷹台駅 | 狛江営業所 | FOR kOMAE EIGYOSHO(夜間のみ | 中原一丁目・三鷹台団地 経由 | つつじヶ丘駅北口 | (京 王) | 夜間 | 裏通り | 小田 | あ忠ホームズ"
tr_img_06410,1,1,0.9931,""
tr_img_06411,5,5,0.9305,"線路内立入禁止 | 線路内に物を落した時は | 駅係員へお知らせくだごい。"
tr_img_06412,0,0,0.0000,""
tr_img_06413,0,0,0.0000,""
tr_img_06414,0,0,0.0000,""
tr_img_06415,4,1,0.9762,"生活家電"
tr_img_06416,1,1,0.9958,"通学路"
tr_img_06417,1,1,0.7003,"いこまな`"
tr_img_06418,2,2,0.7364,"郵更"
tr_img_06419,14,13,0.9572,"月極駐車場 | (月極 | 円) | 無料駐車の場合はレッカー移動し | 迷惑料として、３0０00円頂きます。 | 北海立地(株 | お問い | 合わせ | 1５丁目２番地3 | 札幌市中央区大通西"
tr_img_06420,4,4,0.8537,"オリックス | レンタカー"
tr_img_06421,5,4,0.9686,"豊平区"
tr_img_06422,2,2,0.8940,"合物出し入れの為 | ドアの開閉に"
tr_img_06423,4,3,0.8078,"日本橋 | 人飛診岡"
tr_img_06424,2,2,0.9240,"度辺"
tr_img_06425,13,13,0.9045,"地下鉄北12条駅 | 引 | 12天つ | 地鉄北1２条店 | 地鐵北12條立占"
tr_img_06426,4,2,0.9242,"のお店"
tr_img_06427,37,32,0.9511,"清永産業・情報プラザ | 信息市珈 | 清水茂川 | 人口天 | 市役所清水庁舎・清水区役所 | 市役所清水庁舍 | 清水区役所 | 人 | 静鉄新清永駅 | 静鉄 新清水站 | 人天印夫 | 清永年金事務所 | 清水年金事矛所 | 人口天"
tr_img_06428,5,3,0.9775,""
tr_img_06429,1,1,0.9785,""
tr_img_06430,1,0,0.0000,""
tr_img_06431,13,8,0.8681,"九が・博多めし | どげん | 駅10111251-7899 | Lo1330(月登) | セキュリティ"
tr_img_06432,0,0,0.0000,""
tr_img_06433,1,1,0.9999,""
tr_img_06434,2,2,0.9918,"木月天王森"
tr_img_06435,3,2,0.8805,"自転車は降いて | 歩いて下さい。"
tr_img_06436,2,2,0.8356,"中の鳥条3目"
tr_img_06437,0,0,0.0000,""
tr_img_06438,11,9,0.8509,"総武線(客駅停軍) | 630こ | しで"
tr_img_06439,0,0,0.0000,""
tr_img_06440,6,6,0.9356,"三田駅 | 都営地下鉄"
tr_img_06441,2,2,0.9356,"グリンハイツ"
tr_img_06442,10,8,0.9439,"まつむら | 上げ器 | 白動巻き"
tr_img_06443,6,6,0.9024,"元182 | 東京都調布市仙川町3一5一 | 佐藤"
tr_img_06444,3,3,0.9064,"とまとの酸味が | つかり"
tr_img_06445,3,3,0.9250,"水車町目"
tr_img_06446,14,13,0.9088,"葵区役所 | 静岡市役所・ | 静市役所・葵区役所 | 紺屋町・呉服町 | 三屋町・服町"
tr_img_06447,17,16,0.9203,"新JIS対応 | 475世 | ヒWh/年 | 本体幅 | 奥行 | 高a181．8cm"
tr_img_06448,4,4,0.9990,"中原区 | 木月 | 4丁目"
tr_img_06449,3,3,0.8245,"日本掲 | 形王 | 丁目"
tr_img_06450,2,1,0.7172,""
tr_img_06451,1,0,0.0000,""
tr_img_06452,3,2,0.7497,"フレラリ | メゾンピル"
tr_img_06453,0,0,0.0000,""
tr_img_06454,2,1,0.9089,""
tr_img_06455,2,2,0.9874,"中の島1条3丁目"
tr_img_06456,4,3,0.8693,"レ道産16 | 生稚葺 | 北海道産"
tr_img_06457,8,7,0.9553,"昭和通り口 | 昭和路出口 | 日比谷線"
tr_img_06458,2,2,0.8498,"ネッリトヨタ神テノ | ウエインズ武蔵ガ杉"
tr_img_06459,1,0,0.0000,""
tr_img_06460,12,12,0.9359,"山 | 潔谷 | 渋谷 | 人早0上 | しぶや | 恵比寿 | 原宿"
tr_img_06461,1,0,0.0000,""
tr_img_06462,0,0,0.0000,""
tr_img_06463,4,4,0.9499,"厚手で丈夫、 | 油も水分もしっかり吸収 | ロール | 2枚重ね50力"
tr_img_06464,17,16,0.9713,"静岡市役所清永庁善 | 清永駅 | 清水テルサ"
tr_img_06465,2,0,0.0000,""
tr_img_06466,5,4,0.9039,""
tr_img_06467,2,1,0.7632,""
tr_img_06468,0,0,0.0000,""
tr_img_06469,11,11,0.9320,"薄さの限界に追る | ColorPrime技術で色域を | ＡＤＲ対応で | より一層広げる | スリムボデイ | 星空もくつきり表現 | スリム | デザイン"
tr_img_06470,7,6,0.9645,"南口 | 南出口 | 甘苔 | 善子"
tr_img_06471,2,2,0.9090,"南13条西18丁目"
tr_img_06472,9,8,0.9336,"国道52号 | 興津 | 藤枝 | 木"
tr_img_06473,1,0,0.0000,""
tr_img_06474,2,2,0.9702,"平岸1条2丁目"
tr_img_06475,1,0,0.0000,""
tr_img_06476,5,1,0.9706,"高等学校"
tr_img_06477,3,2,0.9941,"幌平橋"
tr_img_06478,7,6,0.9833,"三橋 | 弘嗣 | 有限会社 | 構造設計 | 弘 | 一級建築士事務所"
tr_img_06479,2,1,0.7372,"本のB定!"
tr_img_06480,12,8,0.8539,"両国駅 | 初音森神社 | 塩京太助住居跡 | 現在地 | 移し検校の碑 | 井笥部慶 | 本所蔵前般歩"
tr_img_06481,5,4,0.9320,"重洲 | 一丁目"
tr_img_06482,17,17,0.9240,"駐車立置番号 | 押してくた | 番号を確認後 | 青算ボタンを | 押してください | 精算"
tr_img_06483,7,5,0.8149,"オススイメニュ | ガのバタドラ | ジザクリーム | 大福"
tr_img_06484,1,0,0.0000,""
tr_img_06485,3,3,0.9585,"中央バス | 幌平橋 | 行啓通り整骨院"
tr_img_06486,2,2,0.9038,"宅添橋"
tr_img_06487,6,5,0.8577,"総武線(各閣 | 秋葉原新百中野上野方園"
tr_img_06488,17,15,0.8683,"芦花公園駅前 | 行 | 成02 | 千歳鳥山駅北口 | 詳のお願し | 乗重芦法 | 運員支払斎法 | 運信現金も | 際料金機に | 現金運貫 | 1C運質 | 太人220円 | 大入216円 | 山児110円 | 児108円"
tr_img_06489,2,2,0.9459,"公正 | 取"
tr_img_06490,12,11,0.9421,"改札外 | 駅長事務室 | お忘れもの承り所 | 9人早全"
tr_img_06491,1,0,0.0000,""
tr_img_06492,0,0,0.0000,""
tr_img_06493,18,18,0.9287,"清永駅 | 静岡市役所清永庁善 | 静鉄新清永駅"
tr_img_06494,1,0,0.0000,""
tr_img_06495,1,1,0.7251,""
tr_img_06496,1,0,0.0000,""
tr_img_06497,0,0,0.0000,""
tr_img_06498,8,8,0.9836,"マリンターミナル | マリンビル"
tr_img_06499,5,5,0.9246,"快活 | 当ビル1F"
tr_img_06500,2,2,0.9866,"メロウ | レジデンス"
tr_img_06501,1,1,0.9996,"元住吉"
tr_img_06502,2,1,0.7398,""
tr_img_06503,22,22,0.9647,"20分/ | 200円 | 60分/100円 | 最大 | 昼間最大 | 料金 | 30000円 | O夜間最大 | 月土 | 1,200円 | 日祝 | 500円 | 駐車場名 | 日本橋人形町2丁目第3"
tr_img_06504,47,47,0.9839,"出口 | 琴似2条5丁目 | 琴似本通いり | 西区役所 | 西消防署琴似出張所 | 西保健センター | 琴似神社 | 琴似小学校 | 札幌市山の手図書館 | 琴似屯田兵村兵屋跡 | 北洋銀行琴似中央支店"
tr_img_06505,4,3,0.9335,"中区 | 2丁目"
tr_img_06506,10,9,0.8968,"当駅で | 更えます | WiＭAメに関するお固い合わせはにちら | Uāお客様 | 上,0120-929-818 | 受付時間 | 100(年中無休)"
tr_img_06507,0,0,0.0000,""
tr_img_06508,3,2,0.9188,""
tr_img_06509,102,95,0.9303,"0人葺人 | 活 | フェルヶール博物館 | 清水港湾博物隼 | Verkehr博物館] | 静鉄新清永駅 | 静鉄 | 新清水站 | 人天印夫 | 市役所清水庁舎 | ・清水区役所 | 市役所清水庁舎 | 清水区役所 | 人 | 人口天コ人 | 青水産業 | ・情報プラザ | 清水茂山 | 信息市斑 | 人口天む | 口壮士の墓 | 全日本検数協会清水出張所 | 新日 | 本検定協会清水事務所 | 2011年3月作成 | 清水次郎長の生家口 | 清水次郎長出生之家 | 染地町 | 日の出町 | 次郎長通り | 港町(2) | 口日本貨物検数協会清水事務所 | ェルケ十ル博物館 | 清水港高博物 | Verkehr 博物i | 港町第二自冶会館 | 清水町 | 浅正場フェルケール傳物重 | 浪漫館 | キララシテイ | 清水市民活動センタ"
tr_img_06510,3,2,0.8015,"日 | 形町"
tr_img_06511,7,6,0.9683,"営業時間 | (日祝 | キ繁"
tr_img_06512,2,2,0.9058,"山本"
tr_img_06513,38,33,0.9009,"女 | 用衣裳） | 見さん用等 | ・ダンストレ | 藤田孝幸 | 清佐三男 | ボールルーム | のの | ダンラアカデミ | スペース | 中古レコード | O山T! | 1-280ーム118 | まずはご相談下さい) | ロビートレコーズ | PM20:007不定休!"
tr_img_06514,0,0,0.0000,""
tr_img_06515,5,5,0.9296,"快活"
tr_img_06516,2,1,0.7457,"七原区"
tr_img_06517,14,13,0.9405,"月極阪駐車場 | 口 契約者以外の駐車は固くお断します | 当駐車場内 | での事故 | 切負いかねます | 口騒音等、周りへの迷惑となる行為はおやめ下さし | 割金として金3万円中し受けします | 連絡先・株式会社ブランシャール"
tr_img_06518,2,2,0.9960,"水天宮前"
tr_img_06519,3,1,0.8939,"屋"
tr_img_06520,3,3,0.8330,"」一ドは | こちちをご利用ください | ネッリトヨタ神森ウエインス武蔵山七"
tr_img_06521,4,4,0.9632,"中原区 | 木月 | 3丁目"
tr_img_06522,5,5,0.9424,"サニーパレス仙川 | 調布市仙川町3-6-37 | (㈱伊藤企画 | 管理"
tr_img_06523,14,10,0.8647,"てます。 | お春様の声が | 太園に感想を | と | 接客応対について | 多めます | 以上 | ださい。 | 寄七"
tr_img_06524,4,4,0.9074,"中原区"
tr_img_06525,4,3,0.9666,"武田 | 水道番号"
tr_img_06526,9,9,0.9339,"Ｒ清水駅 | 清水テルサ"
tr_img_06527,2,2,0.9106,"タクシーのりは"
tr_img_06528,0,0,0.0000,""
tr_img_06529,9,7,0.9312,"コーヒーレストラン | カランドリエ | ライダルサロ・ | 一ムサロン | 札幌健診センタ"
tr_img_06530,21,19,0.8617,"1年防虫 | 無臭 | でよく効く | 衣類の防虫 | ダミよは! | シニスに | (特井出際中) | クロービツト田 | シスリムタイプ | 防虫効果20％UP! | 当社比 | オープンエッジ横造 | 隅々まで早く広がる! | おとリかえサイン付 | 3酒入 | 他の訪虫割とも供用できまで。 | (大型クローゼット1本分)"
tr_img_06531,1,1,0.9701,""
tr_img_06532,2,1,0.9206,""
tr_img_06533,3,3,0.9564,"大橋龍治 | (井手）愛子 | 田"
tr_img_06534,7,7,0.9604,"丸の内線西新宿駅"
tr_img_06535,9,9,0.8697,"時間倉 | バイク | 高さ制限2.1M"
tr_img_06536,14,13,0.9606,"憂れた明暗表現カ＆臨場感サウンド | リビングが | 照明などの映り込みを抑え | 煌めきや金属の輝きも | サウン | ドに包まれる | 締まった黒を表現 | リアルに再現 | N-BIaCkハ永ル | メガコントラスト＆直下型LＥD"
tr_img_06537,7,6,0.9393,"排 | 海道テクノ | ケービス(株) | 30・８・27"
tr_img_06538,24,20,0.9681,"中島新聞舗 | 日刊工業新園 | 乗軍位置 | 2両 | 3両 | 一部列車を除く | 4両 | 5両 | 6両 | 7両 | 8両 | 9両 | 持急ふじか | 3両 | 6両 | 足元の数字を | お確かめ | ください | 清水駅"
tr_img_06539,9,8,0.9212,"八王子 | 府中 | 吉祥寺 | スクー | 指"
tr_img_06540,2,1,0.8699,""
tr_img_06541,2,2,0.8436,"鉄板居酒屋 | にしよつ"
tr_img_06542,0,0,0.0000,""
tr_img_06543,10,8,0.9069,"ＪF全線きっふうりば | 自動去つぶろり"
tr_img_06544,1,1,0.7949,"置平区"
tr_img_06545,0,0,0.0000,""
tr_img_06546,10,8,0.8925,"内 | (フリーフォン | ドサービス | JAF口-I"
tr_img_06547,1,0,0.0000,""
tr_img_06548,1,0,0.0000,""
tr_img_06549,9,8,0.9490,"ギャラリー青蘭 | 古物商青蘭 | 1上 | 北海道公安委員会 | 許丁第559号 | 美術品 | 交通事故 | 仕事での"
tr_img_06550,2,2,0.9813,"水車町丁目"
tr_img_06551,0,0,0.0000,""
tr_img_06552,4,4,0.9078,"3ドア乗重口 | 平日の | 初電〜年前１0時00分 | は座席のご利用ができません"
tr_img_06553,2,2,0.9439,"秋田美酒"
tr_img_06554,22,13,0.8987,"3/5ąで | 3/5ａま | 開催中! | 西島隆弘"
tr_img_06555,0,0,0.0000,""
tr_img_06556,37,34,0.9546,"しずおかけんちょう | 静岡県庁 | 静具庁 | しずおかしやくしよ | 静岡市役所 | 静図市役所 | あおいくやくしよ | 葵区役所 | 葵区役所 | 静岡県男 | すんぷじょうこうえん | 駿府城公園 | 駿府城公園 | しんしずおかえきばすた一みなる | 新静岡駅・バスターミナル | 新静図站汽李冬点站 | 出人 | 印口目"
tr_img_06557,9,8,0.9190,"なので | できません・"
tr_img_06558,5,2,0.8640,"おもちゃの | 売みてます!てQ"
tr_img_06559,4,2,0.9376,"株) | 新大商店"
tr_img_06560,1,0,0.0000,""
tr_img_06561,15,15,0.9185,"エコノミー(1,5,2,400: | スタンダード(2,0)2 | デラックス(3,0)5,250円 | モ3,800 | サービスタイム | 一金 | 宿泊 | (20時)22時～-10"
tr_img_06562,1,1,0.9963,"バイク"
tr_img_06563,9,7,0.9534,"六住吉 | 元住吉 | 日吉 | もとすみよし | 武寺小杉"
tr_img_06564,5,5,0.8582,"握り７賞、茶碗蒸し、か汁付 | 1,580円 | 元祖 | 全て税抜価格です。別途、消替む | ぉ"
tr_img_06565,3,3,0.8801,"Acostに"
tr_img_06566,5,4,0.9433,"上天井弁当 | 天井弁当 | 621円(8670円"
tr_img_06567,1,1,0.9969,""
tr_img_06568,8,6,0.8846,"テレビ付置 | 150名様 | 一宣会最大"
tr_img_06569,1,1,0.9380,"お願い"
tr_img_06570,3,3,0.7625,"人彩町通り"
tr_img_06571,1,1,0.7187,""
tr_img_06572,15,15,0.9888,"清水駅 | 三保 | 沼津 | 清水港 | 興津"
tr_img_06573,2,2,0.9574,"株式 | 会社"
tr_img_06574,11,11,0.9679,"明治座 | 都営浜町駅 | 浜町運動公園"
tr_img_06575,2,2,0.9982,"五丁目"
tr_img_06576,1,1,0.9143,"段差注意"
tr_img_06577,0,0,0.0000,""
tr_img_06578,4,3,0.8232,"本橋 | 日本杯"
tr_img_06579,9,6,0.8079,"静岡地物 | 2の | ミはんぺん | 円 | ・フライ"
tr_img_06580,5,4,0.8924,"中央区 | 南4西1丁目2"
tr_img_06581,3,3,0.9629,"日本橋 | 人形町"
tr_img_06582,2,2,0.9164,"中の曜1条3丁目"
tr_img_06583,13,12,0.9620,"庵原 | 藤枝 | 清水駅 | 静清BP"
tr_img_06584,5,5,0.9053,"本橋 | 形町"
tr_img_06585,14,7,0.8197,"`モンテススパ一ク・ | レスロデレル | アルマテラ"
tr_img_06586,4,4,0.9908,"中原区 | 木月 | 2丁目"
tr_img_06587,7,3,0.8026,"より | 10袋"
tr_img_06588,6,6,0.9823,"東京メトロ | 日本橋駅"
tr_img_06589,3,1,0.8684,"昭和03年"
tr_img_06590,8,7,0.9750,"ここは | 北電興業(株扱い"
tr_img_06591,8,8,0.9328,"昼飲み | 朝飲み | 大歓近! | 500円 | フンチゃってるよ～!! | (税別)"
tr_img_06592,9,9,0.9076,"白洋舎元住吉店 | 営業時間 | 水曜日第三木曜日 | 休日"
tr_img_06593,7,7,0.9166,"道の | 重低音 | USB接続 | 高山万20Ｃh"
tr_img_06594,8,7,0.8859,"貸店舗 | 東名不動屋 | の約5分 | く | 店"
tr_img_06595,2,1,0.8611,"ブリリアントミ田慶大前"
tr_img_06596,5,4,0.9418,"中原区"
tr_img_06597,6,6,0.9246,""
tr_img_06598,3,2,0.7997,"16台"
tr_img_06599,5,5,0.9506,"日本橋 | 形町 | 人 | 丁目"
tr_img_06600,9,7,0.8907,"肉や魚を急速に冷やし | 整理しやすい!２段チルド | 除蘭脱臭 | おいし | 氷1ルネキ | 20℃、扉開日"
tr_img_06601,1,1,0.7475,"人ー上つかえます"
tr_img_06602,4,3,0.8755,"清水区"
tr_img_06603,3,3,0.8960,"藤森茂樹"
tr_img_06604,10,9,0.9556,"藤枝 | 東静岡駅 | 浜松 | この走２0"
tr_img_06605,1,1,0.8938,""
tr_img_06606,4,3,0.9444,"医寮去人 | 社団"
tr_img_06607,0,0,0.0000,""
tr_img_06608,1,1,0.9556,"して"
tr_img_06609,1,1,0.8650,"南3条西6目"
tr_img_06610,18,18,0.9610,"観光案内所 | 京王 | ねニのて８カウンタ"
tr_img_06611,4,4,0.9860,"日本橋 | 人形町 | 一丁目"
tr_img_06612,0,0,0.0000,""
tr_img_06613,2,1,0.8413,""
tr_img_06614,3,3,0.9778,"港区 | 慶大正門前"
tr_img_06615,4,4,0.9988,"中原区 | 木月 | 2丁目"
tr_img_06616,2,0,0.0000,""
tr_img_06617,2,2,0.9124,"関東近交 | TDR-東京"
tr_img_06618,48,46,0.9668,"タイムズ | 南1 | 3西5 | 月金曜 | 土日祝 | 当日24時まで | 当日24時まで | 最大科金 | 100円 | 1,000円 | 6し分 | 60分300円 | 200円 | 氷2千円 | 5千円 | 万円札使用できます。 | 駐車券の紛失にはくれぐれもご注意下さい。 | 。紛失された場合は当社規定の駐車料金をいただきます。 | 入場の方法 | 駐車券発行機の前で | 停車して休さい。 | ボタンを押して | 駐車券をお取り | 下さい。 | ゲートが開き | 入場できます | 群車参は歯げたり磁気(携帯電話マグネット | トなど)に近づけないで下さい | 、出庫が出来なくなる場合があります。 | 入庫、 | 駐車券の紛失について、 | 一切責任を負いません | 当社は | トラブルの際は、緊急電話にてご連絡下さい | 24時間係員が対応し | ます | ご不明点はこちらまでご連絡下さい。 | タイムズサ | ビス株式会社"
tr_img_06619,2,1,0.9982,"確認"
tr_img_06620,5,5,0.8496,"ご851"
tr_img_06621,40,39,0.9517,"あなたの「声かけ」が | しゃない | かいてき | 駅や車内を快適にする。 | 声をかけるという思いやけ | それが、困っている方のサポートにない | 、心地よい駅や車内づくいにもつながります | あなたの「声かけ」を、必要としている人がいます | 「何かお困りですか」 | 津犬を連れた方、止まってください!」 | 車いすをご利用のお客さまには | あかけ自体がサボートです。 | 古を感したらすぐ呼びかけを | 安心につながるサポートを。 | 優先席を必要とされている | お因りの外国人には | お客さまには | ろそのひと言を。 | 少ou?Jのひと声を。 | 薫いやいの「声かけ」が、誰かのサポートになる | T声かナ・サポートコ運動、はじめています。 | 本旅喜鉄道株式会社 | 東武鉄道株式会社 | 西武鉄道株式会社 | 京成電鉄株式会社 | 京王電鉄株式会社 | 小田急電鉄株式会社 | 急行電鉄株式会社 | 京浜急行電鉄株式会社 | 東京地下鉄株式会社 | 相模鉄道株式会社 | 新京成電鉄株式会社 | 東京都交通局 | ル株式会社 | 東京モノレ | 一般社団法人日本民営鉄道協会 | 後我 | 国土交通台"
tr_img_06622,1,1,0.9990,"入口"
tr_img_06623,0,0,0.0000,""
tr_img_06624,6,6,0.9507,"ダイエット | 体型維持 | 運動不足等 | お気軽にご相談 | 下さい。 | 予約優先"
tr_img_06625,1,1,0.9060,""
tr_img_06626,2,1,0.8113,"喫煙帛"
tr_img_06627,6,6,0.8994,"8km以下 | 高さ制限2.1M"
tr_img_06628,7,7,0.9755,"幌平橋 | へ | 中の島 | 中島公園 | 次は"
tr_img_06629,6,6,0.9905,"浜松 | 藤枝"
tr_img_06630,3,3,0.9574,"当店の精来は | 国産米を | 使用してます"
tr_img_06631,1,1,0.9084,"太王"
tr_img_06632,2,2,0.8796,"ミクリーニンク"
tr_img_06633,5,5,0.9158,"(木) | (日) | シモキタ好きおススメの"
tr_img_06634,16,14,0.9506,"船橋津田沼千葉方面 | 千葉 | 快速 | 快速 | 津田呂 | 15円"
tr_img_06635,0,0,0.0000,""
tr_img_06636,8,8,0.9063,"うてつ | 水車町5丁目 | イワクラホーム前"
tr_img_06637,9,8,0.9084,"ここは | 南 | 西 | 北電興業(株)扱じ"
tr_img_06638,1,1,0.8119,"永扁染成鵜と釜飯"
tr_img_06639,8,7,0.9128,"お手洗 | レストラン街(アステイ東館) | ショッピング街 (バルシェ食彩館"
tr_img_06640,1,0,0.0000,""
tr_img_06641,3,3,0.9540,""
tr_img_06642,1,1,0.8600,"502号"
tr_img_06643,1,0,0.0000,""
tr_img_06644,4,4,0.9233,"ロ"
tr_img_06645,4,4,0.8560,"募集!!"
tr_img_06646,2,2,0.9338,"中の島1条3丁目"
tr_img_06647,1,1,0.9993,""
tr_img_06648,12,11,0.9754,"平日 | 9時 | まで受行 | 月火水木金土日祝 | 施術時間 | 午前 | 午後"
tr_img_06649,4,4,0.9986,"中原区 | 木月 | 2丁目"
tr_img_06650,0,0,0.0000,""
tr_img_06651,0,0,0.0000,""
tr_img_06652,1,0,0.0000,""
tr_img_06653,4,3,0.8711,"電話番号 | 年内ＰＭ８時まで登楽"
tr_img_06654,1,1,0.7394,""
tr_img_06655,2,1,0.9574,"高さ制限"
tr_img_06656,3,3,0.9763,"日本橋 | 形町"
tr_img_06657,3,3,0.9735,"芦花公園駅"
tr_img_06658,2,2,0.9173,"南13条西4目"
tr_img_06659,6,5,0.9062,"自動体タ式除細動器 | 設置しています"
tr_img_06660,2,1,0.9454,""
tr_img_06661,4,4,0.9365,"中原区 | 木月 | Q丁目"
tr_img_06662,1,1,0.8503,"信社にすつとまつすく"
tr_img_06663,6,6,0.9298,"江戻口 | 西口"
tr_img_06664,11,11,0.9206,"オッ | イケル | ハンバーグ | 480円 | 220円 | ライスセッ | 味噌汁付き) | おかわり目由 | 2戸 | だよ!"
tr_img_06665,2,2,0.8987,"新笑上橋"
tr_img_06666,10,8,0.9498,"中央区"
tr_img_06667,3,1,0.7167,"23-8823-8ら8"
tr_img_06668,12,12,0.9425,"総武線 (各駅停車) | 秋葉原 | 新宿 | 中野 | 上野方面"
tr_img_06669,4,4,0.9762,"中原区 | 木月 | 3丁目"
tr_img_06670,8,3,0.9404,"赤 | 尾張屋淆七板 | 江戸切絵図"
tr_img_06671,7,5,0.9115,"カレー総研公認 | カレー煮込み | カレー総研公認 | カレー煮込み"
tr_img_06672,0,0,0.0000,""
tr_img_06673,0,0,0.0000,""
tr_img_06674,2,2,0.8082,"ステーションポード"
tr_img_06675,8,8,0.9511,"本日の営業は | 終了いたしました。 | 営業時間"
tr_img_06676,2,1,0.9589,""
tr_img_06677,0,0,0.0000,""
tr_img_06678,3,3,0.8983,"南2条西8目"
tr_img_06679,4,3,0.9427,"ショッピング街 | (パルシェ)"
tr_img_06680,5,5,0.9698,"柳川公園 | 行先 | 調布市コミュニテイバス | 仙川駅 | 仙01"
tr_img_06681,2,1,1.0000,"小池"
tr_img_06682,1,1,0.7251,"オウスて5"
tr_img_06683,28,28,0.9732,"公共施設 | だいだいいろ | 文化施設 | おらさきいろ | 宿泊施設 | みどりいろ | 総合販売 | みすいろ | レジャー | ももいろ | 般建物 | ちゃいろ | お問い合わせは | 琴巷ジェイアール東日本企画 | 会社 | 交通媒体本部"
tr_img_06684,0,0,0.0000,""
tr_img_06685,2,1,0.9952,"目"
tr_img_06686,3,3,0.7711,"南フ条テア整旨院"
tr_img_06687,6,6,0.9879,"日吉 | 元住吉 | ひよし"
tr_img_06688,2,2,0.9070,"場内徐"
tr_img_06689,0,0,0.0000,""
tr_img_06690,3,1,0.7745,""
tr_img_06691,1,1,0.9652,"サイクル&バスライド"
tr_img_06692,4,3,0.8448,"ンバンス | 水天宮部"
tr_img_06693,0,0,0.0000,""
tr_img_06694,2,2,0.8988,"宮代町"
tr_img_06695,6,3,0.8818,"香るStick"
tr_img_06696,10,8,0.9198,"車両高さ制限 | カサ・ウイズタリア | ウィークリークラブサ"
tr_img_06697,3,3,0.9618,"南11"
tr_img_06698,1,1,0.9744,"高野"
tr_img_06699,1,1,0.9827,"商"
tr_img_06700,7,6,0.9294,"中央区"
tr_img_06701,0,0,0.0000,""
tr_img_06702,58,55,0.9533,"桜上水 | 当駅構内施設の階層図 | 男子トイレ | エスカレータ- | 条内所 | 女子トイレ | 階段 | だれでもトイレ | インロッカ | 待合室 | 自動体外式除細動器 | エレベータ | 現在地から地上までの | バリアフリー主要ルート | 北口方面出口 | 地上出口へ | コンコース階 | ム階 | ホーム階へ | ホーム階へ | 南口方面出口 | 新宿 | 現在地 | 方面 | 地上出国 | 改札階へ | 改札階へ | 改札階へ | 改札階へ | 高尾山口 | 橋本 | 方面 | 京王八王子・ | ホーム階"
tr_img_06703,36,36,0.9939,"出口 | 琴似小学校 | 琴似神社 | 琴以屯田兵村兵屋跡 | 西区民センタ | 西区役所 | 西保健センター | 西郵便局 | 山の手図書館"
tr_img_06704,1,1,0.8591,""
tr_img_06705,3,2,0.8268,"の集物は | イシターネリト"
tr_img_06706,3,3,0.8065,"丸ぶ | 別ご奉仕公"
tr_img_06707,4,3,0.8676,"600円 | アサヒぷりんと | プレントンヨッブ"
tr_img_06708,6,5,0.9408,"真崎灯台→"
tr_img_06709,7,7,0.9574,"幌西 | キッズ公園 | 南14条西15丁目 | 札幌市中央区 | 中央区土木部維持管理課 | 連絡先"
tr_img_06710,10,5,0.9310,"北野四丁目 | 仙川駅 | 仙川駅緑ヶ丘 | <循環バス | 路線運行図"
tr_img_06711,0,0,0.0000,""
tr_img_06712,4,3,0.9383,"彦酒屋"
tr_img_06713,4,4,0.9980,"中原区 | 木月 | 4丁目"
tr_img_06714,16,15,0.9235,"中島公園 | Lトフト大IロI | 中品公園 | 中島公園 | 地鉄中高公園駅 | 地鉄中品公院店 | 地鐵中島公園站店"
tr_img_06715,2,2,0.8786,"中の島1条３丁店"
tr_img_06716,6,6,0.9510,"営業時間 | 月本1780〜2：00税D01700〜0：00 | 地下1階 | 金・土17：803：00 | 日曜日 | 定休目"
tr_img_06717,4,2,0.8643,"二丁ヨ"
tr_img_06718,1,0,0.0000,""
tr_img_06719,4,4,0.8893,"円山店 | 不動産の"
tr_img_06720,4,4,0.9679,"清水橋北"
tr_img_06721,1,0,0.0000,""
tr_img_06722,2,2,0.8664,"日小橋 | 目"
tr_img_06723,4,2,0.9086,""
tr_img_06724,4,4,0.9990,"中原区 | 木月 | 2丁目"
tr_img_06725,15,15,0.9788,"興津 | 清水駅 | 日本平 | 船越 | 清水港"
tr_img_06726,0,0,0.0000,""
tr_img_06727,23,20,0.8879,"柳公園 | 行・先 | 調布市コミュ二テイバス | 仙川駅 | 仙01 | <循環バス | 仙川駅今緑ヶ丘 | 路線運行図 | 緑ヶ丘小学校 | 緑ヶ丘児童館 | 正門入百 | 福祉セシター前 | O北野四T目 | Ｏ柳川公園 | 公園前団地北口 | 努兵の森入口 | 京房幕益子荼業寺前 | の市民テニズゴ | O柳川彩 | 厚答子"
tr_img_06728,10,8,0.8921,"全線きつふろりば | 自動きつぷらり"
tr_img_06729,5,3,0.9737,""
tr_img_06730,16,16,0.9173,"システムトイレ | シートタイー | 各社共通 | 弱めきったお部屋でも | 週間二オわない! | の色が | やすい! | トシート | 闘分の | オンッコを | らく多く武収 | 週聞消具抗菌 | ユニチャーム | ペットケア | デオトイレ"
tr_img_06731,3,2,0.9050,"10目"
tr_img_06732,3,3,0.9138,"ここの堤防高は | 海抜"
tr_img_06733,12,11,0.9611,"昭和通り口 | 日比谷線 | 化粧室 | 昭和路出口 | 公共輿所"
tr_img_06734,0,0,0.0000,""
tr_img_06735,0,0,0.0000,""
tr_img_06736,19,12,0.8129,"週末バス | :8730円 | 2560円 | 土休日の | ご利 | 2日間須効 | 一バスたかニ | 酥しみ方いふいろ! | 土休日の2日間 | ご自由にお取り下さし | 薬"
tr_img_06737,2,2,0.9522,""
tr_img_06738,0,0,0.0000,""
tr_img_06739,2,1,0.9550,""
tr_img_06740,8,8,0.9395,"有機 | 天津甘栗 | モントセレクション | 金賞受賞"
tr_img_06741,20,20,0.9577,"清水マリンパーク・イベント広場 | 日の出埠頭 | 港湾合同庁舎 | マリンビル | マリンターミナル"
tr_img_06742,0,0,0.0000,""
tr_img_06743,24,23,0.9574,"埼京線 | 埼京線 | 赤羽・武蔵浦和 | 池袋・新宿・大崎 | 大宮・川越方面 | りんかい線方面 | 南口改札"
tr_img_06744,10,10,0.9203,"近隣リパークの | ご案内 | のリク | 南12西6駐車場 | 三井のリパーク | 13西6駐車場 | 南 | 駐めやすさは、タオりティ | 三井のリパーク"
tr_img_06745,2,2,0.9705,"南12西1"
tr_img_06746,26,25,0.9237,"エキパ地下駐車場 | 「エキパ」地下停奉孫 | 静岡中央郵便局 | 静中央局 | 静岡音楽館 | 静音館 | タクシーのリは | 副人/舎乙 | 出租年站"
tr_img_06747,0,0,0.0000,""
tr_img_06748,15,15,0.9335,"無断駐車禁止 | 無断駐車の車はレッカ一にて専用駐車場 | へ移動し | その用としてレッカー代 | 1万円以上 | 不法駐車料金時間に付き | 500円を頂きます | 又10日を過きた場合は勝手に処分致し | ます。尚、 | 事故等については一切責任は | 負いません。 | 無断駐車替理受話会社 | のワィシ・パーキシグセシター"
tr_img_06749,0,0,0.0000,""
tr_img_06750,0,0,0.0000,""
tr_img_06751,12,12,0.9615,"出口 | JR静岡駅 | タクシー乗場 | 駅前交番"
tr_img_06752,14,12,0.9403,"静岡駅 | 静図站 | バスのリば | 公交年站"
tr_img_06753,30,30,0.9812,"出口 | MOAアートホール北海道 | 木札幌第一病院 | 静和記念病院 | 西老人福祉センター | 北海道獣医師会館 | ポリテクセンター北海道"
tr_img_06754,0,0,0.0000,""
tr_img_06755,0,0,0.0000,""
tr_img_06756,22,17,0.9102,"京滅時使用司 | そ印面を上にして | 戸向を合わせて挿入 | てくださし | いp"
tr_img_06757,10,10,0.9428,"お手洗い | R清水駅 | 青水区役所"
tr_img_06758,3,3,0.9789,"川 | 川をきれいに美し | 東京都"
tr_img_06759,4,3,0.9453,"ダイエットレらギのカラダヘ | 専用"
tr_img_06760,2,2,0.8368,"バークリシグ"
tr_img_06761,0,0,0.0000,""
tr_img_06762,2,2,0.9462,"南14条西9丁目"
tr_img_06763,3,3,0.8181,"五丁目 | 水０5６道"
tr_img_06764,2,2,0.8526,"製創元条チ"
tr_img_06765,4,3,0.9174,"交通 | 打ち | 各種保険取扱"
tr_img_06766,1,1,0.9860,""
tr_img_06767,6,6,0.9145,"0月ま2014-2-2000 | 手前の角左折 | すく左側 | 宝町3"
tr_img_06768,2,1,0.9734,"御殿場"
tr_img_06769,1,1,0.9997,""
tr_img_06770,0,0,0.0000,""
tr_img_06771,2,2,0.8709,"本舗"
tr_img_06772,8,7,0.9460,"安全にご利用いただくために | 次のことにご注意ください | 幼児と手をつなく | 走らない | 歩かない | 港さ込まれないように | ひりたさない"
tr_img_06773,3,3,0.9921,"小芝神社"
tr_img_06774,0,0,0.0000,""
tr_img_06775,38,34,0.9621,"セキュリティパーキングシステム駐車場 | 30分100円 | 60分/100円 | 夜間最大料金 | 500円 | ツルハドラッグ南8条店様ご利用で | 分無料となります | ロセキュリティパーキングシステム | ＪＰＭパーク南８条 | 駐車場は | れておけます | お帰りの際には | 駐車料金を | 所在地：北海道札幌市中央区南8条西7丁目 | うによい信記録されております | 徴収に要した費用 | れた場合は | 皆求させていただきます | また刑法の規定によい犯罪行為となりますので | 日本駐車場メンテナンス(株) | 緊急連絡先 | あらがじめ御注意願います"
tr_img_06776,2,2,0.9945,""
tr_img_06777,9,9,0.9893,"午前の受付 | 7時30 | 分から | 11時80分 | 午後の受付 | 時から | 時"
tr_img_06778,2,2,0.9412,"中の島1条3丁目"
tr_img_06779,9,9,0.9877,"三田 | みた | 芝公園 | 白金高輪"
tr_img_06780,6,4,0.8679,"ご卒業・ニ人学おめでとうございます | ブェア | 17一:"
tr_img_06781,0,0,0.0000,""
tr_img_06782,1,1,0.8531,"JB東日本本社ビル"
tr_img_06783,4,4,0.8939,"ＰＡＲＳペルシアン | ペルシャ械秘 | キリム・サラサ直輸入"
tr_img_06784,28,23,0.9465,"静岡県庁 | 静具庁 | 御幸町 | ロ | 御幸町 | 駿府城公園 | 811/19生 | 府城公園 | 企平下 | 新静岡駅 | 新静站 | 伝馬町"
tr_img_06785,3,3,0.8289,"徐行 | 設差、公酉に | で主意くださしい"
tr_img_06786,8,8,0.9622,"`案内 | 小田急線では、 | 者営大江戸線の | 最終電重への接続はしておりません | 電車が遅れたり、乗り換えに時間が | かかると、間に合わない場合があります。 | ご利用のお客さまはご注意ください | 駅長"
tr_img_06787,0,0,0.0000,""
tr_img_06788,2,0,0.0000,""
tr_img_06789,3,3,0.8017,"清水港次町長シリズ"
tr_img_06790,1,1,0.9513,""
tr_img_06791,1,1,0.9877,""
tr_img_06792,1,0,0.0000,""
tr_img_06793,1,1,0.8351,"Q藤子スクジブ"
tr_img_06794,4,4,0.9091,"万世町中 | 軽重市用"
tr_img_06795,4,3,0.9768,""
tr_img_06796,0,0,0.0000,""
tr_img_06797,0,0,0.0000,""
tr_img_06798,23,20,0.9550,"青永次郎長の生家 | 清水次郎兵出生之家 | 青永マリンビル | 清水海洋大 | 人口天 | エスパルスドリームプラザ | S－PuIse禁勾珣 | フェルヶール博物館 | 清水港湾博物箱 | Verkehr博物館"
tr_img_06799,5,3,0.9209,""
tr_img_06800,6,6,0.9020,"大人気コ三ス | 足(フット十整体(ボディ | 30分 | 40分 | 50000円"
tr_img_06801,6,6,0.9986,"新宿駅 | 大江戸線"
tr_img_06802,6,6,0.8611,"簡単室 | 全自動 | コインラン | ドリー | ふíわぶíわつンド"
tr_img_06803,4,4,0.9952,"中原 | 木月 | 1丁目"
tr_img_06804,11,10,0.8846,"千歳通り | 経の笑顔が見たい。 | お客様を実顔にしたい | お客様と一緒に笑領 | になりたい。"
tr_img_06805,2,2,0.9079,"北野 | 2月26"
tr_img_06806,2,1,0.7571,"三丁目"
tr_img_06807,3,3,0.7736,""
tr_img_06808,1,1,0.7292,"パ"
tr_img_06809,3,2,0.9685,"地方発送承り | 水"
tr_img_06810,0,0,0.0000,""
tr_img_06811,3,3,0.9259,"三田 | みた"
tr_img_06812,3,3,0.9469,"江尻東"
tr_img_06813,1,1,0.9974,"インド・チベット・ネパール料理店"
tr_img_06814,2,2,0.8001,"さえる | 冬の奥入頼"
tr_img_06815,2,2,0.9068,"二輪車 | 取扱店"
tr_img_06816,2,1,0.8470,""
tr_img_06817,2,1,0.9997,"座"
tr_img_06818,4,4,0.9342,"医療法人社団 | 内田歯科医院 | 内剛会"
tr_img_06819,21,18,0.9192,"エキパ地下駐車場 | エキパ」地下停年斑 | 静岡中央郵便局 | 静中央邸局 | 静岡音楽館 | 静音館"
tr_img_06820,3,2,0.8711,"坂場 | 県区北269:"
tr_img_06821,8,7,0.9129,"SBパワードプレミアムサウンド | USBパワードスピーカの革命 | 最新テクノロジーで業界をリードする | 技術集団の新ブランド0asonicが贈る | ハイパワープレミアムサウンド"
tr_img_06822,4,2,0.8103,"寝てても貯まる | する入に"
tr_img_06823,2,2,0.9985,"南11西9"
tr_img_06824,4,3,0.8292,"南部ルート | 者営両国駅 | 左面"
tr_img_06825,4,4,0.8893,"芝 | 五丁目 | 水0082813道"
tr_img_06826,3,3,0.9540,"の先 | 場6-9-8"
tr_img_06827,37,34,0.9566,"レツクス南13西5パーキング | 24日 | 60分 | 200円 | 平日500円/王日祝700円 | 入庫後12時間 | 最大 | 最大料金 | 繰返しあり | Ｘ入庫した時点での曜日・祝日を基に最大料金が適用されます | 料金は後精算(出庫時)てす | ・駐車の際には | 2出庫 | おフラッブ板が下がっているのを確認の上 | 入庫下さい。 | 精算の際に | は使用できます | 精算後 | は解除されます | 8以すフラッブ板を踏み越えて車止めに当る位置で駐車願います | のフラップ板は数分後自動的に上暴しロッダします | 同乗者のに | 氷エアロパー | ご遠慮下さい。 | 駐車場内の事故 | 及び盗難の責任は負いません | 札幌警備株式会社 | 緊急時の連絡先 | 株式会社レックスコーポレーション | 運営会社"
tr_img_06828,5,4,0.9204,"カレ一総研公認 | 幼レ一煮入み | カレー総研公認 | カレー煮込み"
tr_img_06829,2,2,0.7524,"霧屋 | 楽評堂"
tr_img_06830,3,3,0.9927,"無料体験 | レッスン | 実施中!"
tr_img_06831,10,10,0.8753,"6番線のりかえ | 総念武線(宮駅停重堂) | 船橋・千葉方直"
tr_img_06832,2,1,0.9071,"藤井ビル"
tr_img_06833,2,1,0.9926,"日本橋"
tr_img_06834,29,27,0.9247,"Ｒ清水駅 | マリナー | 清水文化会館 | 清水站 | 人I口1天 | 市役所清水庁舎・清水区役所 | 市役所清水庁舍・清水区役所 | 静鉄新清永駅 | 静鉄新清水立站 | 人人口1天 | 人天印夫"
tr_img_06835,11,8,0.9612,"桜上水 | さくらじようすい | 上北沢"
tr_img_06836,6,6,0.9033,"やきとり家 | すスれ | 笑"
tr_img_06837,1,1,0.9813,""
tr_img_06838,4,2,0.9111,"ブレート"
tr_img_06839,2,1,0.7313,"ワリーバイツ"
tr_img_06840,2,2,0.9711,"甘酒横丁"
tr_img_06841,2,2,0.9333,"中の島1条３丁目"
tr_img_06842,5,2,0.9507,"水か流れいくくなっております"
tr_img_06843,4,3,0.9066,"岡部 | 山原区 | 木月"
tr_img_06844,0,0,0.0000,""
tr_img_06845,1,0,0.0000,""
tr_img_06846,60,46,0.9193,"Tポイント貯まります。 | 故障トラブル | 時は | ちらまでご連絡ください | 車室番 | 号をご確認 | ください | 駐車場名 | 札幌南1２西6 | 車室番号と料金を確認 | 精算キ | を押して | ださい | 精算 | 4引6 | 領収書 | 料金をお支払いください | サービス券/カード | 半1000紙幣 | コイン | Ｔカードをお持ちのお客様へ | こ精算金額に応じて | Tポイントが | 貯まります | 三井のリパ一ク | 緊急連絡先 | リパークコールセンター | ロック板が下が | 駐車場名 | リパー | 一ク札幌南１２西6 | 下の取出口 | から出ます | 法人専用 | マイルが呼まります。 | 酥用明 | 「ポイントが好まります。 | 三井のリパ一ク"
tr_img_06847,2,2,0.8975,"美味しは | 北隆新幹線"
tr_img_06848,7,4,0.9009,"緑ヶ丘みんなの森入口 | 仙川駅 | 仙川駅公緑ヶ丘 | 路線迎行図"
tr_img_06849,0,0,0.0000,""
tr_img_06850,4,3,0.8765,"賃 | マネー上比較"
tr_img_06851,3,3,0.9477,"やおぶん"
tr_img_06852,1,1,0.7595,"寸馬"
tr_img_06853,8,6,0.8630,"月 | おイ木ナ"
tr_img_06854,16,15,0.9467,"クレジットカードをご利用いただナます | の部分に挿入して下さい | クレジットカード | のクレジットカードを使用する場合 | に入れて下さい。 | 現金を先 | 必す | 現金と力一ドを併用する場台、"
tr_img_06855,2,1,0.8117,"上鳳注意"
tr_img_06856,3,2,0.8905,"ヤヤス"
tr_img_06857,2,2,0.9739,"人形町"
tr_img_06858,1,1,0.9940,"中の島1条3丁目"
tr_img_06859,6,4,0.8536,"ゆ夫 | 居酒屋 | 太魚 | 久一"
tr_img_06860,11,11,0.8907,"北海道立文学館 | 隻国ネ社 | 尹夜三子ネ神社"
tr_img_06861,10,9,0.9035,"鴨々川ななめ通い | 鴨鴨川斜料道 | 鴨鴨川斜道 | 薄野"
tr_img_06862,4,2,0.7229,"電動シャソター雨 | 地工山認定店"
tr_img_06863,3,2,0.9228,"ル | さつき通い"
tr_img_06864,0,0,0.0000,""
tr_img_06865,1,1,0.8360,"鳥1条2丁"
tr_img_06866,3,3,0.9879,"港"
tr_img_06867,6,6,0.8996,"己刹の永子供養 | 毎月24日年後1時より | 本堂にて台同供養法要厳修 | 先祖供養著事新森尊 | 受付毎日午後1時4時電話予約司511-5917 | 開創 明治31年 玉宝禅寺祖院・豊川稲荷別院"
tr_img_06868,29,28,0.9150,"施設案内 | 青水魚市場・河岸の市 | 清水魚市珣 | 河岸市坊 | ・` | 人口I天型勾人I卦・フト人IェOII(人卦) | 青水テレサ | 静図市奈部勤蒡者福祉中心 | 清水 | 人口天 | 印早人 | エスパレスドリームプラサ | 0人骨人"
tr_img_06869,0,0,0.0000,""
tr_img_06870,4,1,0.9919,""
tr_img_06871,12,12,0.9585,"東京都庁 | 都営大江戸線都庁前駅"
tr_img_06872,7,7,0.9794,"ミビョーネ | ミビョーナ | 未病を治そう | 未病を治す | かながわ宣言協力店! | 協力活動 | 神奈川県"
tr_img_06873,6,6,0.9650,"南口剪票口 | 南口改札 | 南口剪票口"
tr_img_06874,7,5,0.7625,"田道1号"
tr_img_06875,8,7,0.9490,"鷹匠 | 栄町 | 伝馬町 | 菜町 | 俵弓町"
tr_img_06876,4,3,0.8407,"百 | 朝日屋"
tr_img_06877,4,3,0.8352,"中英区"
tr_img_06878,25,24,0.9103,"ななめらム洗濯機 | 洗浄 | 温水8包先承 | 先浄 | 即効 | 洗濯 | 脱水容量 | 洗剤液を | ガンコな汚れも | あたためて洗う！ | 素早く落ちる! | 本体 | 幅 | 奥行 | サイズ | イメージ図) | 糸排水ホース含まず | (イメージ図)"
tr_img_06879,0,0,0.0000,""
tr_img_06880,4,3,0.9509,"三井の | 入口はこちら"
tr_img_06881,1,1,0.7227,"日本の花"
tr_img_06882,2,2,0.9801,"中の島1条3丁目"
tr_img_06883,28,28,0.9770,"メンズ | アクセサリー | シューズ | アンダーウエア | レディース | レディース | アクセサリー | シューズ | キッズ | ベビー | キッズ90-170cm"
tr_img_06884,4,0,0.0000,""
tr_img_06885,11,9,0.9369,"出口 | 出口 | 御幸町 | 倭弖町方面 | 御幸町 | 伝馬町方面"
tr_img_06886,2,1,0.9465,"小林"
tr_img_06887,2,1,0.7462,"スタッフ"
tr_img_06888,2,1,0.9977,"中央区"
tr_img_06889,7,6,0.8830,"中原区"
tr_img_06890,14,13,0.9693,"井川 | 藤枝 | 東静岡駅 | 清水駅 | ター"
tr_img_06891,1,1,0.8909,"三昧"
tr_img_06892,1,0,0.0000,""
tr_img_06893,2,2,0.9794,"中の島1条3丁"
tr_img_06894,0,0,0.0000,""
tr_img_06895,2,1,0.9661,"中山俊夫"
tr_img_06896,47,45,0.9571,"タイムズ南12西6 | 月金曜 | 土日祝 | 当日24時まで | 500円 | 800円 | 60,200円 | 60分300円 | 60分 | 100円 | 60分 | 100円 | 氷2千円5千円 | 1万円札使用できます | 門 | 駐車券の紛失にはくれぐれもご注意下さい | 紛失された場合は当社規定の駐車料金をいただきます。 | 入場の方法 | 駐車券発行機の前で | 停車して下さい。 | IN一 | ボタンを押して | 駐車券をお取り | 下さい。 | ゲートが開き | 入場できます。 | 駐車券は曲げたり磁気(携帯電話。マグネットなど)に近づけないで下さい。 | 入庫、出庫が出来なくなる場合があります。 | 駐車券の紛失について、当社は | 切責任を負いません。 | 緊急電話にてご連絡下さい、 | 24時間係員が対応します。 | トラブルの際は、 | ご不明点はこちらまでご連絡下さい | タイムズサービス株式会社"
tr_img_06897,16,15,0.9705,"南口 | 大通公園・すすきの方面 | 出口 | 南出口 | 南出口 | 甘誓 | 善丁"
tr_img_06898,0,0,0.0000,""
tr_img_06899,3,3,0.9803,"日本橋 | 小舟町"
tr_img_06900,1,0,0.0000,""
tr_img_06901,2,2,0.8587,"清水港次町長シリズ"
tr_img_06902,2,2,0.9558,"日本橋"
tr_img_06903,26,25,0.9338,"24円 | ナビパーク南14西6 | Δ入出庫時は口 | 板が | 下隆 | を必ず目視でご確認下さい。 | ク | 昼間 | 24時間最大料金 | 30分毎に | 100円 | 夜間 | 60分毎に | 100円 | 入庫後２４時間を過ぎると左記料金が加算されます。 | ナビパー | ロロック板を乗リ越えストッパーまで | 板下降を確認の上 | OSMRISスタ一ツクル"
tr_img_06904,4,4,0.9809,"日本橋 | 人形町 | 一丁目"
tr_img_06905,3,3,0.8231,"ノサイクルショップ | 今レスン考女かた洋服は | きと来牛む考ませ"
tr_img_06906,9,9,0.9826,"芝浦 | 日本橋 | 品川 | 銀座 | (第一京浜)"
tr_img_06907,7,7,0.9787,"日本橋駅"
tr_img_06908,10,7,0.8661,"ウードローシ中込 | 貸店舗 | 夏名不動屋 | の約5分 | 店"
tr_img_06909,0,0,0.0000,""
tr_img_06910,4,4,0.9991,"東京北 | 練馬店"
tr_img_06911,1,1,0.7093,"大浅"
tr_img_06912,5,5,0.9947,"良雄 | 三橋 | 三橋土建 | 有限会社"
tr_img_06913,1,0,0.0000,""
tr_img_06914,5,5,0.9717,"清水合同庁舎"
tr_img_06915,6,6,0.8899,"さしくら | 西場 | 蔵"
tr_img_06916,4,4,0.9847,"三鷹市"
tr_img_06917,2,2,0.8564,"簿"
tr_img_06918,4,3,0.8244,"「成27年 | 然費基準十20％達成事 | 氏減"
tr_img_06919,4,3,0.9317,"プレール日水楠食 | 中央区東日本 | 橋3-516"
tr_img_06920,5,5,0.9796,"南14西1 | くすり | 化粧品 | 日用品 | 南14条店"
tr_img_06921,3,1,0.7713,"炭火鳥焼"
tr_img_06922,3,3,0.8809,"南９西7"
tr_img_06923,2,2,0.9706,"江尻東1一5"
tr_img_06924,2,2,0.9649,"こども | 0番"
tr_img_06925,12,11,0.9240,"登品遺跡 | 日本平動物園 | 2円"
tr_img_06926,2,2,0.8961,"金沢･伊勢志摩･山陰山陽 | 東北.出張.女子旅"
tr_img_06927,1,0,0.0000,""
tr_img_06928,3,3,0.9870,"練馬総合体育館前"
tr_img_06929,7,7,0.9106,"OTETSし | 平岸1条2目"
tr_img_06930,1,0,0.0000,""
tr_img_06931,3,3,0.8525,""
tr_img_06932,4,4,0.9841,"中原区 | 木月 | 1丁目"
tr_img_06933,1,1,0.9944,"豊平区"
tr_img_06934,2,2,0.9752,"南13条西14丁目"
tr_img_06935,3,1,0.7782,""
tr_img_06936,17,15,0.9391,"小田急線 | 小田急幾 | 京王井の頭線 | 京王井之辻袋 | 出口 | (西口) | 出口(西口) | 善丁(人香"
tr_img_06937,7,6,0.8887,"水道首株 | 山区 | 飯田橋"
tr_img_06938,0,0,0.0000,""
tr_img_06939,9,7,0.9077,"中央区"
tr_img_06940,3,2,0.9221,"最長 | 120回"
tr_img_06941,7,6,0.9467,"やきにく | レ | 焼 | 食"
tr_img_06942,0,0,0.0000,""
tr_img_06943,2,2,0.8673,"御殿場 | 高原ビル"
tr_img_06944,5,5,0.8987,"パイプテーブル | 折りたたみ | パイプチェア"
tr_img_06945,3,3,0.9479,"労災 | 交通事古 | 各種健康保険取扱い"
tr_img_06946,5,5,0.9564,"渡邊美和 | こちら | 渡邉美咲 | 右のポス | 雄"
tr_img_06947,1,1,0.8761,"メデイカルンャトー"
tr_img_06948,3,3,0.9947,"駅長室"
tr_img_06949,0,0,0.0000,""
tr_img_06950,5,4,0.9923,"8両編成 | 号車 | 弱"
tr_img_06951,31,28,0.9456,"北海道神宮 | 北海道神宮 | 円山公園 | 國山公園 | 圓山公園 | 地鉄門山公園駅 | 地鉄圓山公臼站 | 地鐵圓山公園站 | 円山バスターミナル | 0吉 | 圓山公共汽年冬起站 | 圓山巴士總站"
tr_img_06952,5,4,0.9879,"木場店 | この先 | 洲崎神社前"
tr_img_06953,2,1,0.8282,"丸"
tr_img_06954,16,10,0.9383,"一コーロ | カフェラテ"
tr_img_06955,1,1,0.7091,""
tr_img_06956,4,1,0.8414,"(谷種重)"
tr_img_06957,2,2,0.7599,"南0条西"
tr_img_06958,0,0,0.0000,""
tr_img_06959,4,3,0.8925,"屋外広告物許司"
tr_img_06960,16,13,0.8665,"木幌天文き | あけほのリート"
tr_img_06961,1,1,0.9994,""
tr_img_06962,0,0,0.0000,""
tr_img_06963,10,6,0.9033,"ふ | ブレミン | と6"
tr_img_06964,4,4,0.8931,"人松町10-10 | 久松小正門前"
tr_img_06965,0,0,0.0000,""
tr_img_06966,13,12,0.9332,"代々木四丁目 | 五新宿案内 | NTT新宿本社ビル | 東京オペラシテ"
tr_img_06967,3,3,0.9119,"つ"
tr_img_06968,2,2,0.9503,"中の島1条3丁目"
tr_img_06969,9,8,0.9568,"墨田区内術環バス | すみだ百景 | すみまるくん | きんしちょうえままたぐち"
tr_img_06970,3,3,0.8297,"とんク一の | デリバリー | お博ち帰り専門店"
tr_img_06971,3,1,0.7307,"地義尊煎餅"
tr_img_06972,5,2,0.9704,"ゴルフ練習場前 | 行先"
tr_img_06973,1,0,0.0000,""
tr_img_06974,0,0,0.0000,""
tr_img_06975,0,0,0.0000,""
tr_img_06976,4,3,0.8887,"手苦り惣菜弁当 | 電話011-512-3432"
tr_img_06977,2,2,0.8619,"次世代高画賀技術"
tr_img_06978,23,22,0.9201,"6番線 | 新幹線 | 名古屋京都・新大阪方面 | ひかり号こだま号 | /番線 | 新横浜・品川東京方圓"
tr_img_06979,8,5,0.9277,"神奈川県宅地建物取引業協会 | 社団法人 | 全国宅地建物取引 | 業保証協会神奈川本部"
tr_img_06980,5,4,0.8828,"自転車置場 | ぶ通いリ | 歯科医院"
tr_img_06981,4,4,0.9811,"中原区 | 木月 | 1丁目"
tr_img_06982,71,66,0.9418,"井不動産リアル元イ札幌株式会社 | 三井のı | リパ一ク | 札幌南 | 2西6 | 通常料金 | 最大料金 | ご利用の際は場内約献のルルとマサーを守ってくたさい | 600円 | 全日 | 一 | CRED山! | レジット | 300円 | 60分/300円 | 月木 | 金土日祝 | は適用ありません。 | キヤンペーン中 | 00円 | 60分/100 | 全 | 日 | 夜間料金が | 得です | 住まいの売却・購入賃貸は | リパ一ク | 法人専崖 | 後仏 | 駐車場用地募集中 | ビジネスカード | 精算サービス | 会員募集中!! | 駐車場管理はお任せください。 | 土地の有効活用、 | メリント1 | 現金立替不要! | 三井不動産リアルテイ札幌株式会社 | 経理処理の手間削減！ | メリット2 | 月ごとの一括請求! | テスク専用グイヤル"
tr_img_06983,4,2,0.7820,"シラーメン様"
tr_img_06984,3,3,0.9450,"川寺市中原区木月 | 高山 | 貞一"
tr_img_06985,1,1,0.9758,"ご案内"
tr_img_06986,3,3,0.7513,""
tr_img_06987,5,4,0.8943,"宅添橋 | 行先 | 山・川駅 | おま橋"
tr_img_06988,1,1,0.9996,"休診中"
tr_img_06989,3,2,0.9170,"江戸の賑わい | 人形町通り"
tr_img_06990,2,2,0.8184,"中の島1条2工目"
tr_img_06991,0,0,0.0000,""
tr_img_06992,0,0,0.0000,""
tr_img_06993,5,5,0.8894,"区"
tr_img_06994,10,9,0.9767,"保 | 清水港"
tr_img_06995,2,1,0.9790,""
tr_img_06996,4,4,0.9015,"地 | 三田駅"
tr_img_06997,0,0,0.0000,""
tr_img_06998,6,5,0.9376,"港 | SHiBス"
tr_img_06999,7,7,0.9626,"慣れ親しんだそろばんを再び始めてみませんか？ | 随時入会司 | 見学- 体験随時可能 | 新規会員募集 | 継続講座 | 頭の活性化で記憶力を高める | 大人のトしそろばん"
tr_img_07000,0,0,0.0000,""
